23:34:39: [RoR] Rigs of Rods (www.rigsofrods.org) version 2026.07-dev-53b7ae5f1
23:34:39: [RoR] Current date: 2026-07-28
23:34:39: [RoR|CVar]        sys_config_dir:  "/Users/beshoyhanna/Development/rigs-of-rods/build-macos-ogre14-roadmap/cw2-shadow-installed-53b7ae5f1-run1/pssm/work/scene-home/Library/Application Support/Rigs of Rods/config" (was: "")
23:34:39: [RoR|CVar]     sys_savegames_dir:  "/Users/beshoyhanna/Development/rigs-of-rods/build-macos-ogre14-roadmap/cw2-shadow-installed-53b7ae5f1-run1/pssm/work/scene-home/Library/Application Support/Rigs of Rods/savegames" (was: "")
23:34:39: [RoR|CVar]    sys_screenshot_dir:  "/Users/beshoyhanna/Development/rigs-of-rods/build-macos-ogre14-roadmap/cw2-shadow-installed-53b7ae5f1-run1/pssm/work/scene-home/Library/Application Support/Rigs of Rods/screenshots" (was: "")
23:34:39: [RoR|CVar]       sys_scripts_dir:  "/Users/beshoyhanna/Development/rigs-of-rods/build-macos-ogre14-roadmap/cw2-shadow-installed-53b7ae5f1-run1/pssm/work/scene-home/Library/Application Support/Rigs of Rods/scripts" (was: "")
23:34:39: [RoR|CVar]      sys_projects_dir:  "/Users/beshoyhanna/Development/rigs-of-rods/build-macos-ogre14-roadmap/cw2-shadow-installed-53b7ae5f1-run1/pssm/work/scene-home/Library/Application Support/Rigs of Rods/projects" (was: "")
23:34:39: [RoR|CVar]  sys_repo_attachments_dir:  "/Users/beshoyhanna/Development/rigs-of-rods/build-macos-ogre14-roadmap/cw2-shadow-installed-53b7ae5f1-run1/pssm/work/scene-home/Library/Application Support/Rigs of Rods/repo_attachments" (was: "")
23:34:39: [RoR|Startup|Paths] process='/Applications/RoR.app/Contents/MacOS', user='/Users/beshoyhanna/Development/rigs-of-rods/build-macos-ogre14-roadmap/cw2-shadow-installed-53b7ae5f1-run1/pssm/work/scene-home/Library/Application Support/Rigs of Rods', config='/Users/beshoyhanna/Development/rigs-of-rods/build-macos-ogre14-roadmap/cw2-shadow-installed-53b7ae5f1-run1/pssm/work/scene-home/Library/Application Support/Rigs of Rods/config', cache='/Users/beshoyhanna/Development/rigs-of-rods/build-macos-ogre14-roadmap/cw2-shadow-installed-53b7ae5f1-run1/pssm/work/scene-home/Library/Caches/Rigs of Rods', thumbnails='/Users/beshoyhanna/Development/rigs-of-rods/build-macos-ogre14-roadmap/cw2-shadow-installed-53b7ae5f1-run1/pssm/work/scene-home/Library/Caches/Rigs of Rods/thumbnails', logs='/Users/beshoyhanna/Development/rigs-of-rods/build-macos-ogre14-roadmap/cw2-shadow-installed-53b7ae5f1-run1/pssm/work/scene-home/Library/Logs/Rigs of Rods'
23:34:39: [RoR|CVar]  app_config_long_names:  "No" (was: "Yes")
23:34:39: [RoR|CVar]  app_disable_online_api:  "Yes" (was: "No")
23:34:39: [RoR|CVar]  app_force_cache_update:  "Yes" (was: "No")
23:34:39: [RoR|CVar]       app_num_workers:  "1" (was: "0")
23:34:39: [RoR|CVar]   audio_master_volume:  "0.000000" (was: "1.000000")
23:34:39: [RoR|CVar]        gfx_water_mode:  "1" (was: "3")
23:34:39: [RoR|CVar]    cli_preset_terrain:  "cityworld_gateway_runtime.terrn2" (was: "")
23:34:39: [RoR|CVar]     sys_resources_dir:  "/Applications/RoR.app/Contents/MacOS/resources" (was: "")
23:34:39: [RoR|Startup|Rendering] Creating OGRE renderer Root object, config='/Users/beshoyhanna/Development/rigs-of-rods/build-macos-ogre14-roadmap/cw2-shadow-installed-53b7ae5f1-run1/pssm/work/scene-home/Library/Application Support/Rigs of Rods/config/ogre.cfg'
23:34:39: Creating resource group General
23:34:39: Creating resource group OgreInternal
23:34:39: Creating resource group OgreAutodetect
23:34:39: SceneManagerFactory for type 'DefaultSceneManager' registered.
23:34:39: Registering ResourceManager for type Material
23:34:39: Registering ResourceManager for type Mesh
23:34:39: Registering ResourceManager for type Skeleton
23:34:39: MovableObjectFactory for type 'ParticleSystem' registered.
23:34:39: ArchiveFactory for type 'FileSystem' registered
23:34:39: ArchiveFactory for type 'Zip' registered
23:34:39: ArchiveFactory for type 'EmbeddedZip' registered
23:34:39: DDS codec registering
23:34:39: ETC codec registering
23:34:39: ASTC codec registering
23:34:39: Registering ResourceManager for type GpuProgram
23:34:39: Registering ResourceManager for type Compositor
23:34:39: MovableObjectFactory for type 'Entity' registered.
23:34:39: MovableObjectFactory for type 'Light' registered.
23:34:39: MovableObjectFactory for type 'BillboardSet' registered.
23:34:39: MovableObjectFactory for type 'ManualObject' registered.
23:34:39: MovableObjectFactory for type 'BillboardChain' registered.
23:34:39: MovableObjectFactory for type 'RibbonTrail' registered.
23:34:39: MovableObjectFactory for type 'StaticGeometry' registered.
23:34:39: MovableObjectFactory for type 'Rectangle2D' registered.
23:34:39: *-*-* OGRE Initialising
23:34:39: *-*-* Version 14.5.2 (Tsathoggua)
23:34:39: [RoR|Startup|Rendering] Loading OGRE renderer plugins config '/Applications/RoR.app/Contents/MacOS/plugins.cfg'.
23:34:39: Loading library /Applications/RoR.app/Contents/MacOS/../PlugIns/Codec_FreeImage.dylib
23:34:39: FreeImage version: 3.18.0
23:34:39: This program uses FreeImage, a free, open source image library supporting all common bitmap formats. See http://freeimage.sourceforge.net for details
23:34:39: Supported formats: bmp,ico,jpg,jif,jpeg,jpe,jng,koa,iff,lbm,mng,pbm,pbm,pcd,pcx,pgm,pgm,png,ppm,ppm,ras,tga,targa,tif,tiff,wap,wbmp,wbm,psd,psb,cut,xbm,xpm,gif,hdr,sgi,rgb,rgba,bw,exr,j2k,j2c,jp2,pfm,pct,pict,pic,3fr,arw,bay,bmq,cap,cine,cr2,crw,cs1,dc2,dcr,drf,dsc,dng,erf,fff,ia,iiq,k25,kc2,kdc,mdc,mef,mos,mrw,nef,nrw,orf,pef,ptx,pxn,qtk,raf,raw,rdc,rw2,rwl,rwz,sr2,srf,srw,sti,x3f,webp,jxr,wdp,hdp
23:34:39: Loading library /Applications/RoR.app/Contents/MacOS/../PlugIns/RenderSystem_GL3Plus.dylib
23:34:39: Installing plugin: GL 3+ RenderSystem
23:34:39: OpenGL 3+ Rendering Subsystem created.
23:34:39: Plugin successfully installed
23:34:39: Loading library /Applications/RoR.app/Contents/MacOS/../PlugIns/Plugin_ParticleFX.dylib
23:34:39: Installing plugin: ParticleFX
23:34:39: Particle Emitter Type 'Point' registered
23:34:39: Particle Emitter Type 'Box' registered
23:34:39: Particle Emitter Type 'Ellipsoid' registered
23:34:39: Particle Emitter Type 'Cylinder' registered
23:34:39: Particle Emitter Type 'Ring' registered
23:34:39: Particle Emitter Type 'HollowEllipsoid' registered
23:34:39: Particle Affector Type 'LinearForce' registered
23:34:39: Particle Affector Type 'ColourFader' registered
23:34:39: Particle Affector Type 'ColourFader2' registered
23:34:39: Particle Affector Type 'ColourImage' registered
23:34:39: Particle Affector Type 'ColourInterpolator' registered
23:34:39: Particle Affector Type 'Scaler' registered
23:34:39: Particle Affector Type 'Rotator' registered
23:34:39: Particle Affector Type 'DirectionRandomiser' registered
23:34:39: Particle Affector Type 'DeflectorPlane' registered
23:34:39: Particle Affector Type 'TextureAnimator' registered
23:34:39: Plugin successfully installed
23:34:39: Loading library /Applications/RoR.app/Contents/MacOS/../PlugIns/Plugin_OctreeSceneManager.dylib
23:34:39: Installing plugin: Octree Scene Manager
23:34:39: Plugin successfully installed
23:34:39: [RoR|Startup|Rendering] Starting renderer 'OpenGL 3+ Rendering Subsystem' (without auto-creating render window)
23:34:39: CPU Identifier & Features
23:34:39: -------------------------
23:34:39:  *   CPU ID: 
23:34:39:  *          VFP: no
23:34:39:  *         NEON: yes
23:34:39: -------------------------
23:34:39: ********************************************
***  Starting Mac OS X OpenGL Subsystem  ***
********************************************
23:34:39: [RoR|Startup|Rendering] Renderer options as reported by OGRE:
  Colour Depth = 32 (16, 32, )
  Content Scaling Factor = 1 (1.0, 2.0, )
  Debug Layer = Off (Off, On, )
  Display Frequency = N/A (N/A, )
  FSAA =  0 ( 0,  2,  4,  6,  8, )
  Full Screen = No (No, Yes, )
  Reversed Z-Buffer = No (No, Yes, )
  Separate Shader Objects = Yes (No, Yes, )
  VSync = No (No, Yes, )
  VSync Interval = 1 (1, 2, 3, 4, )
  Video Mode = 1280 x 720 (1920 x 1200, 2048 x 1280, 2048 x 1332, 2560 x 1600, 2560 x 1664, )
  sRGB Gamma Conversion = No (No, Yes, )

23:34:39: [RoR|Startup|Rendering] Creating render window with settings:
  FSAA =  0
  border = fixed
  contentScalingFactor = 1
  gamma = No
  vsync = No

23:34:39: [RoR|Startup|Rendering] Creating SDL host at 1280x720 logical points for 1280x720 backing pixels (scale 1.0)
23:34:39: RenderSystem::_createRenderWindow "Rigs of Rods version 2026.07-dev-53b7ae5f1", 1280x720 windowed  miscParams: FSAA= 0 border=fixed contentScalingFactor=1 externalWindowHandle=31389452160 gamma=No vsync=No 
23:34:39: Creating a Cocoa Compatible Render System
23:34:39: Mac Cocoa Window: Rendering on an external NSWindow with nested NSView
23:34:39: Cocoa: Window created 1280 x 720 with backing store size 1280 x 720 using content scaling factor 1.0
23:34:39: GL_VERSION = 4.1.0.0
23:34:39: GL_VENDOR = Apple
23:34:39: GL_RENDERER = Apple M5
23:34:39: GL_EXTENSIONS = GL_ARB_blend_func_extended GL_ARB_draw_buffers_blend GL_ARB_draw_indirect GL_ARB_ES2_compatibility GL_ARB_explicit_attrib_location GL_ARB_gpu_shader_fp64 GL_ARB_gpu_shader5 GL_ARB_instanced_arrays GL_ARB_internalformat_query GL_ARB_occlusion_query2 GL_ARB_sample_shading GL_ARB_sampler_objects GL_ARB_separate_shader_objects GL_ARB_shader_bit_encoding GL_ARB_shader_subroutine GL_ARB_shading_language_include GL_ARB_tessellation_shader GL_ARB_texture_buffer_object_rgb32 GL_ARB_texture_cube_map_array GL_ARB_texture_gather GL_ARB_texture_query_lod GL_ARB_texture_rgb10_a2ui GL_ARB_texture_storage GL_ARB_texture_swizzle GL_ARB_timer_query GL_ARB_transform_feedback2 GL_ARB_transform_feedback3 GL_ARB_vertex_attrib_64bit GL_ARB_vertex_type_2_10_10_10_rev GL_ARB_viewport_array GL_EXT_debug_label GL_EXT_debug_marker GL_EXT_framebuffer_multisample_blit_scaled GL_EXT_texture_compression_s3tc GL_EXT_texture_filter_anisotropic GL_EXT_texture_sRGB_decode GL_APPLE_client_storage GL_APPLE_container_object_shareable GL_APPLE_flush_render GL_APPLE_rgb_422 GL_APPLE_row_bytes GL_APPLE_texture_range GL_NV_texture_barrier 
23:34:39: **************************************
23:34:39: ***   OpenGL 3+ Renderer Started   ***
23:34:39: **************************************
23:34:39: FBO PF_UNKNOWN depth/stencil support: D0S1 D0S4 D0S8 D0S16 D16S0 D16S1 D16S4 D16S8 D16S16 D24S0 D24S1 D24S4 D24S8 D24S16 D32S0 D32S1 D32S4 D32S8 D32S16 D32S0 D32S1 D32S4 D32S8 D32S16 Packed-D24S8 Packed-D32S8 
23:34:39: FBO PF_L8 depth/stencil support: D0S0 D0S1 D0S4 D0S8 D0S16 D16S0 D16S1 D16S4 D16S8 D16S16 D24S0 D24S1 D24S4 D24S8 D24S16 D32S0 D32S1 D32S4 D32S8 D32S16 D32S0 D32S1 D32S4 D32S8 D32S16 Packed-D24S8 Packed-D32S8 
23:34:39: FBO PF_L16 depth/stencil support: D0S0 D0S1 D0S4 D0S8 D0S16 D16S0 D16S1 D16S4 D16S8 D16S16 D24S0 D24S1 D24S4 D24S8 D24S16 D32S0 D32S1 D32S4 D32S8 D32S16 D32S0 D32S1 D32S4 D32S8 D32S16 Packed-D24S8 Packed-D32S8 
23:34:39: FBO PF_A8 depth/stencil support: D0S0 D0S1 D0S4 D0S8 D0S16 D16S0 D16S1 D16S4 D16S8 D16S16 D24S0 D24S1 D24S4 D24S8 D24S16 D32S0 D32S1 D32S4 D32S8 D32S16 D32S0 D32S1 D32S4 D32S8 D32S16 Packed-D24S8 Packed-D32S8 
23:34:39: FBO PF_BYTE_LA depth/stencil support: D0S0 D0S1 D0S4 D0S8 D0S16 D16S0 D16S1 D16S4 D16S8 D16S16 D24S0 D24S1 D24S4 D24S8 D24S16 D32S0 D32S1 D32S4 D32S8 D32S16 D32S0 D32S1 D32S4 D32S8 D32S16 Packed-D24S8 Packed-D32S8 
23:34:39: FBO PF_R5G6B5 depth/stencil support: D0S0 D0S1 D0S4 D0S8 D0S16 D16S0 D16S1 D16S4 D16S8 D16S16 D24S0 D24S1 D24S4 D24S8 D24S16 D32S0 D32S1 D32S4 D32S8 D32S16 D32S0 D32S1 D32S4 D32S8 D32S16 Packed-D24S8 Packed-D32S8 
23:34:39: FBO PF_A4R4G4B4 depth/stencil support: D0S0 D0S1 D0S4 D0S8 D0S16 D16S0 D16S1 D16S4 D16S8 D16S16 D24S0 D24S1 D24S4 D24S8 D24S16 D32S0 D32S1 D32S4 D32S8 D32S16 D32S0 D32S1 D32S4 D32S8 D32S16 Packed-D24S8 Packed-D32S8 
23:34:39: FBO PF_A1R5G5B5 depth/stencil support: D0S0 D0S1 D0S4 D0S8 D0S16 D16S0 D16S1 D16S4 D16S8 D16S16 D24S0 D24S1 D24S4 D24S8 D24S16 D32S0 D32S1 D32S4 D32S8 D32S16 D32S0 D32S1 D32S4 D32S8 D32S16 Packed-D24S8 Packed-D32S8 
23:34:39: FBO PF_R8G8B8 depth/stencil support: D0S0 D0S1 D0S4 D0S8 D0S16 D16S0 D16S1 D16S4 D16S8 D16S16 D24S0 D24S1 D24S4 D24S8 D24S16 D32S0 D32S1 D32S4 D32S8 D32S16 D32S0 D32S1 D32S4 D32S8 D32S16 Packed-D24S8 Packed-D32S8 
23:34:39: FBO PF_B8G8R8 depth/stencil support: D0S0 D0S1 D0S4 D0S8 D0S16 D16S0 D16S1 D16S4 D16S8 D16S16 D24S0 D24S1 D24S4 D24S8 D24S16 D32S0 D32S1 D32S4 D32S8 D32S16 D32S0 D32S1 D32S4 D32S8 D32S16 Packed-D24S8 Packed-D32S8 
23:34:39: FBO PF_A8R8G8B8 depth/stencil support: D0S0 D0S1 D0S4 D0S8 D0S16 D16S0 D16S1 D16S4 D16S8 D16S16 D24S0 D24S1 D24S4 D24S8 D24S16 D32S0 D32S1 D32S4 D32S8 D32S16 D32S0 D32S1 D32S4 D32S8 D32S16 Packed-D24S8 Packed-D32S8 
23:34:39: FBO PF_A8B8G8R8 depth/stencil support: D0S0 D0S1 D0S4 D0S8 D0S16 D16S0 D16S1 D16S4 D16S8 D16S16 D24S0 D24S1 D24S4 D24S8 D24S16 D32S0 D32S1 D32S4 D32S8 D32S16 D32S0 D32S1 D32S4 D32S8 D32S16 Packed-D24S8 Packed-D32S8 
23:34:39: FBO PF_B8G8R8A8 depth/stencil support: D0S0 D0S1 D0S4 D0S8 D0S16 D16S0 D16S1 D16S4 D16S8 D16S16 D24S0 D24S1 D24S4 D24S8 D24S16 D32S0 D32S1 D32S4 D32S8 D32S16 D32S0 D32S1 D32S4 D32S8 D32S16 Packed-D24S8 Packed-D32S8 
23:34:39: FBO PF_A2R10G10B10 depth/stencil support: D0S0 D0S1 D0S4 D0S8 D0S16 D16S0 D16S1 D16S4 D16S8 D16S16 D24S0 D24S1 D24S4 D24S8 D24S16 D32S0 D32S1 D32S4 D32S8 D32S16 D32S0 D32S1 D32S4 D32S8 D32S16 Packed-D24S8 Packed-D32S8 
23:34:39: FBO PF_A2B10G10R10 depth/stencil support: D0S0 D0S1 D0S4 D0S8 D0S16 D16S0 D16S1 D16S4 D16S8 D16S16 D24S0 D24S1 D24S4 D24S8 D24S16 D32S0 D32S1 D32S4 D32S8 D32S16 D32S0 D32S1 D32S4 D32S8 D32S16 Packed-D24S8 Packed-D32S8 
23:34:39: FBO PF_FLOAT16_RGB depth/stencil support: D0S0 D0S1 D0S4 D0S8 D0S16 D16S0 D16S1 D16S4 D16S8 D16S16 D24S0 D24S1 D24S4 D24S8 D24S16 D32S0 D32S1 D32S4 D32S8 D32S16 D32S0 D32S1 D32S4 D32S8 D32S16 Packed-D24S8 Packed-D32S8 
23:34:39: FBO PF_FLOAT16_RGBA depth/stencil support: D0S0 D0S1 D0S4 D0S8 D0S16 D16S0 D16S1 D16S4 D16S8 D16S16 D24S0 D24S1 D24S4 D24S8 D24S16 D32S0 D32S1 D32S4 D32S8 D32S16 D32S0 D32S1 D32S4 D32S8 D32S16 Packed-D24S8 Packed-D32S8 
23:34:39: FBO PF_FLOAT32_RGB depth/stencil support: D0S0 D0S1 D0S4 D0S8 D0S16 D16S0 D16S1 D16S4 D16S8 D16S16 D24S0 D24S1 D24S4 D24S8 D24S16 D32S0 D32S1 D32S4 D32S8 D32S16 D32S0 D32S1 D32S4 D32S8 D32S16 Packed-D24S8 Packed-D32S8 
23:34:39: FBO PF_FLOAT32_RGBA depth/stencil support: D0S0 D0S1 D0S4 D0S8 D0S16 D16S0 D16S1 D16S4 D16S8 D16S16 D24S0 D24S1 D24S4 D24S8 D24S16 D32S0 D32S1 D32S4 D32S8 D32S16 D32S0 D32S1 D32S4 D32S8 D32S16 Packed-D24S8 Packed-D32S8 
23:34:39: FBO PF_X8R8G8B8 depth/stencil support: D0S0 D0S1 D0S4 D0S8 D0S16 D16S0 D16S1 D16S4 D16S8 D16S16 D24S0 D24S1 D24S4 D24S8 D24S16 D32S0 D32S1 D32S4 D32S8 D32S16 D32S0 D32S1 D32S4 D32S8 D32S16 Packed-D24S8 Packed-D32S8 
23:34:39: FBO PF_X8B8G8R8 depth/stencil support: D0S0 D0S1 D0S4 D0S8 D0S16 D16S0 D16S1 D16S4 D16S8 D16S16 D24S0 D24S1 D24S4 D24S8 D24S16 D32S0 D32S1 D32S4 D32S8 D32S16 D32S0 D32S1 D32S4 D32S8 D32S16 Packed-D24S8 Packed-D32S8 
23:34:39: FBO PF_R8G8B8A8 depth/stencil support: D0S0 D0S1 D0S4 D0S8 D0S16 D16S0 D16S1 D16S4 D16S8 D16S16 D24S0 D24S1 D24S4 D24S8 D24S16 D32S0 D32S1 D32S4 D32S8 D32S16 D32S0 D32S1 D32S4 D32S8 D32S16 Packed-D24S8 Packed-D32S8 
23:34:39: FBO PF_DEPTH16 depth/stencil support: D0S0 D0S1 D0S4 D0S8 D0S16 D16S0 D16S1 D16S4 D16S8 D16S16 D24S0 D24S1 D24S4 D24S8 D24S16 D32S0 D32S1 D32S4 D32S8 D32S16 D32S0 D32S1 D32S4 D32S8 D32S16 Packed-D24S8 Packed-D32S8 
23:34:39: FBO PF_SHORT_RGBA depth/stencil support: D0S0 D0S1 D0S4 D0S8 D0S16 D16S0 D16S1 D16S4 D16S8 D16S16 D24S0 D24S1 D24S4 D24S8 D24S16 D32S0 D32S1 D32S4 D32S8 D32S16 D32S0 D32S1 D32S4 D32S8 D32S16 Packed-D24S8 Packed-D32S8 
23:34:39: FBO PF_R3G3B2 depth/stencil support: D0S0 D0S1 D0S4 D0S8 D0S16 D16S0 D16S1 D16S4 D16S8 D16S16 D24S0 D24S1 D24S4 D24S8 D24S16 D32S0 D32S1 D32S4 D32S8 D32S16 D32S0 D32S1 D32S4 D32S8 D32S16 Packed-D24S8 Packed-D32S8 
23:34:39: FBO PF_FLOAT16_R depth/stencil support: D0S0 D0S1 D0S4 D0S8 D0S16 D16S0 D16S1 D16S4 D16S8 D16S16 D24S0 D24S1 D24S4 D24S8 D24S16 D32S0 D32S1 D32S4 D32S8 D32S16 D32S0 D32S1 D32S4 D32S8 D32S16 Packed-D24S8 Packed-D32S8 
23:34:39: FBO PF_FLOAT32_R depth/stencil support: D0S0 D0S1 D0S4 D0S8 D0S16 D16S0 D16S1 D16S4 D16S8 D16S16 D24S0 D24S1 D24S4 D24S8 D24S16 D32S0 D32S1 D32S4 D32S8 D32S16 D32S0 D32S1 D32S4 D32S8 D32S16 Packed-D24S8 Packed-D32S8 
23:34:39: FBO PF_SHORT_GR depth/stencil support: D0S0 D0S1 D0S4 D0S8 D0S16 D16S0 D16S1 D16S4 D16S8 D16S16 D24S0 D24S1 D24S4 D24S8 D24S16 D32S0 D32S1 D32S4 D32S8 D32S16 D32S0 D32S1 D32S4 D32S8 D32S16 Packed-D24S8 Packed-D32S8 
23:34:39: FBO PF_FLOAT16_GR depth/stencil support: D0S0 D0S1 D0S4 D0S8 D0S16 D16S0 D16S1 D16S4 D16S8 D16S16 D24S0 D24S1 D24S4 D24S8 D24S16 D32S0 D32S1 D32S4 D32S8 D32S16 D32S0 D32S1 D32S4 D32S8 D32S16 Packed-D24S8 Packed-D32S8 
23:34:39: FBO PF_FLOAT32_GR depth/stencil support: D0S0 D0S1 D0S4 D0S8 D0S16 D16S0 D16S1 D16S4 D16S8 D16S16 D24S0 D24S1 D24S4 D24S8 D24S16 D32S0 D32S1 D32S4 D32S8 D32S16 D32S0 D32S1 D32S4 D32S8 D32S16 Packed-D24S8 Packed-D32S8 
23:34:39: FBO PF_SHORT_RGB depth/stencil support: D0S0 D0S1 D0S4 D0S8 D0S16 D16S0 D16S1 D16S4 D16S8 D16S16 D24S0 D24S1 D24S4 D24S8 D24S16 D32S0 D32S1 D32S4 D32S8 D32S16 D32S0 D32S1 D32S4 D32S8 D32S16 Packed-D24S8 Packed-D32S8 
23:34:39: FBO PF_R11G11B10_FLOAT depth/stencil support: D0S0 D0S1 D0S4 D0S8 D0S16 D16S0 D16S1 D16S4 D16S8 D16S16 D24S0 D24S1 D24S4 D24S8 D24S16 D32S0 D32S1 D32S4 D32S8 D32S16 D32S0 D32S1 D32S4 D32S8 D32S16 Packed-D24S8 Packed-D32S8 
23:34:39: FBO PF_R8_UINT depth/stencil support: D0S0 D0S1 D0S4 D0S8 D0S16 D16S0 D16S1 D16S4 D16S8 D16S16 D24S0 D24S1 D24S4 D24S8 D24S16 D32S0 D32S1 D32S4 D32S8 D32S16 D32S0 D32S1 D32S4 D32S8 D32S16 Packed-D24S8 Packed-D32S8 
23:34:39: FBO PF_R8G8_UINT depth/stencil support: D0S0 D0S1 D0S4 D0S8 D0S16 D16S0 D16S1 D16S4 D16S8 D16S16 D24S0 D24S1 D24S4 D24S8 D24S16 D32S0 D32S1 D32S4 D32S8 D32S16 D32S0 D32S1 D32S4 D32S8 D32S16 Packed-D24S8 Packed-D32S8 
23:34:39: FBO PF_R8G8B8_UINT depth/stencil support: D0S0 D0S1 D0S4 D0S8 D0S16 D16S0 D16S1 D16S4 D16S8 D16S16 D24S0 D24S1 D24S4 D24S8 D24S16 D32S0 D32S1 D32S4 D32S8 D32S16 D32S0 D32S1 D32S4 D32S8 D32S16 Packed-D24S8 Packed-D32S8 
23:34:39: FBO PF_R8G8B8A8_UINT depth/stencil support: D0S0 D0S1 D0S4 D0S8 D0S16 D16S0 D16S1 D16S4 D16S8 D16S16 D24S0 D24S1 D24S4 D24S8 D24S16 D32S0 D32S1 D32S4 D32S8 D32S16 D32S0 D32S1 D32S4 D32S8 D32S16 Packed-D24S8 Packed-D32S8 
23:34:39: FBO PF_R16_UINT depth/stencil support: D0S0 D0S1 D0S4 D0S8 D0S16 D16S0 D16S1 D16S4 D16S8 D16S16 D24S0 D24S1 D24S4 D24S8 D24S16 D32S0 D32S1 D32S4 D32S8 D32S16 D32S0 D32S1 D32S4 D32S8 D32S16 Packed-D24S8 Packed-D32S8 
23:34:39: FBO PF_R16G16_UINT depth/stencil support: D0S0 D0S1 D0S4 D0S8 D0S16 D16S0 D16S1 D16S4 D16S8 D16S16 D24S0 D24S1 D24S4 D24S8 D24S16 D32S0 D32S1 D32S4 D32S8 D32S16 D32S0 D32S1 D32S4 D32S8 D32S16 Packed-D24S8 Packed-D32S8 
23:34:39: FBO PF_R16G16B16_UINT depth/stencil support: D0S0 D0S1 D0S4 D0S8 D0S16 D16S0 D16S1 D16S4 D16S8 D16S16 D24S0 D24S1 D24S4 D24S8 D24S16 D32S0 D32S1 D32S4 D32S8 D32S16 D32S0 D32S1 D32S4 D32S8 D32S16 Packed-D24S8 Packed-D32S8 
23:34:39: FBO PF_R16G16B16A16_UINT depth/stencil support: D0S0 D0S1 D0S4 D0S8 D0S16 D16S0 D16S1 D16S4 D16S8 D16S16 D24S0 D24S1 D24S4 D24S8 D24S16 D32S0 D32S1 D32S4 D32S8 D32S16 D32S0 D32S1 D32S4 D32S8 D32S16 Packed-D24S8 Packed-D32S8 
23:34:39: FBO PF_R32_UINT depth/stencil support: D0S0 D0S1 D0S4 D0S8 D0S16 D16S0 D16S1 D16S4 D16S8 D16S16 D24S0 D24S1 D24S4 D24S8 D24S16 D32S0 D32S1 D32S4 D32S8 D32S16 D32S0 D32S1 D32S4 D32S8 D32S16 Packed-D24S8 Packed-D32S8 
23:34:39: FBO PF_R32G32_UINT depth/stencil support: D0S0 D0S1 D0S4 D0S8 D0S16 D16S0 D16S1 D16S4 D16S8 D16S16 D24S0 D24S1 D24S4 D24S8 D24S16 D32S0 D32S1 D32S4 D32S8 D32S16 D32S0 D32S1 D32S4 D32S8 D32S16 Packed-D24S8 Packed-D32S8 
23:34:39: FBO PF_R32G32B32_UINT depth/stencil support: D0S0 D0S1 D0S4 D0S8 D0S16 D16S0 D16S1 D16S4 D16S8 D16S16 D24S0 D24S1 D24S4 D24S8 D24S16 D32S0 D32S1 D32S4 D32S8 D32S16 D32S0 D32S1 D32S4 D32S8 D32S16 Packed-D24S8 Packed-D32S8 
23:34:39: FBO PF_R32G32B32A32_UINT depth/stencil support: D0S0 D0S1 D0S4 D0S8 D0S16 D16S0 D16S1 D16S4 D16S8 D16S16 D24S0 D24S1 D24S4 D24S8 D24S16 D32S0 D32S1 D32S4 D32S8 D32S16 D32S0 D32S1 D32S4 D32S8 D32S16 Packed-D24S8 Packed-D32S8 
23:34:39: FBO PF_R8_SINT depth/stencil support: D0S0 D0S1 D0S4 D0S8 D0S16 D16S0 D16S1 D16S4 D16S8 D16S16 D24S0 D24S1 D24S4 D24S8 D24S16 D32S0 D32S1 D32S4 D32S8 D32S16 D32S0 D32S1 D32S4 D32S8 D32S16 Packed-D24S8 Packed-D32S8 
23:34:39: FBO PF_R8G8_SINT depth/stencil support: D0S0 D0S1 D0S4 D0S8 D0S16 D16S0 D16S1 D16S4 D16S8 D16S16 D24S0 D24S1 D24S4 D24S8 D24S16 D32S0 D32S1 D32S4 D32S8 D32S16 D32S0 D32S1 D32S4 D32S8 D32S16 Packed-D24S8 Packed-D32S8 
23:34:39: FBO PF_R8G8B8_SINT depth/stencil support: D0S0 D0S1 D0S4 D0S8 D0S16 D16S0 D16S1 D16S4 D16S8 D16S16 D24S0 D24S1 D24S4 D24S8 D24S16 D32S0 D32S1 D32S4 D32S8 D32S16 D32S0 D32S1 D32S4 D32S8 D32S16 Packed-D24S8 Packed-D32S8 
23:34:39: FBO PF_R8G8B8A8_SINT depth/stencil support: D0S0 D0S1 D0S4 D0S8 D0S16 D16S0 D16S1 D16S4 D16S8 D16S16 D24S0 D24S1 D24S4 D24S8 D24S16 D32S0 D32S1 D32S4 D32S8 D32S16 D32S0 D32S1 D32S4 D32S8 D32S16 Packed-D24S8 Packed-D32S8 
23:34:39: FBO PF_R16_SINT depth/stencil support: D0S0 D0S1 D0S4 D0S8 D0S16 D16S0 D16S1 D16S4 D16S8 D16S16 D24S0 D24S1 D24S4 D24S8 D24S16 D32S0 D32S1 D32S4 D32S8 D32S16 D32S0 D32S1 D32S4 D32S8 D32S16 Packed-D24S8 Packed-D32S8 
23:34:39: FBO PF_R16G16_SINT depth/stencil support: D0S0 D0S1 D0S4 D0S8 D0S16 D16S0 D16S1 D16S4 D16S8 D16S16 D24S0 D24S1 D24S4 D24S8 D24S16 D32S0 D32S1 D32S4 D32S8 D32S16 D32S0 D32S1 D32S4 D32S8 D32S16 Packed-D24S8 Packed-D32S8 
23:34:39: FBO PF_R16G16B16_SINT depth/stencil support: D0S0 D0S1 D0S4 D0S8 D0S16 D16S0 D16S1 D16S4 D16S8 D16S16 D24S0 D24S1 D24S4 D24S8 D24S16 D32S0 D32S1 D32S4 D32S8 D32S16 D32S0 D32S1 D32S4 D32S8 D32S16 Packed-D24S8 Packed-D32S8 
23:34:39: FBO PF_R16G16B16A16_SINT depth/stencil support: D0S0 D0S1 D0S4 D0S8 D0S16 D16S0 D16S1 D16S4 D16S8 D16S16 D24S0 D24S1 D24S4 D24S8 D24S16 D32S0 D32S1 D32S4 D32S8 D32S16 D32S0 D32S1 D32S4 D32S8 D32S16 Packed-D24S8 Packed-D32S8 
23:34:39: FBO PF_R32_SINT depth/stencil support: D0S0 D0S1 D0S4 D0S8 D0S16 D16S0 D16S1 D16S4 D16S8 D16S16 D24S0 D24S1 D24S4 D24S8 D24S16 D32S0 D32S1 D32S4 D32S8 D32S16 D32S0 D32S1 D32S4 D32S8 D32S16 Packed-D24S8 Packed-D32S8 
23:34:39: FBO PF_R32G32_SINT depth/stencil support: D0S0 D0S1 D0S4 D0S8 D0S16 D16S0 D16S1 D16S4 D16S8 D16S16 D24S0 D24S1 D24S4 D24S8 D24S16 D32S0 D32S1 D32S4 D32S8 D32S16 D32S0 D32S1 D32S4 D32S8 D32S16 Packed-D24S8 Packed-D32S8 
23:34:39: FBO PF_R32G32B32_SINT depth/stencil support: D0S0 D0S1 D0S4 D0S8 D0S16 D16S0 D16S1 D16S4 D16S8 D16S16 D24S0 D24S1 D24S4 D24S8 D24S16 D32S0 D32S1 D32S4 D32S8 D32S16 D32S0 D32S1 D32S4 D32S8 D32S16 Packed-D24S8 Packed-D32S8 
23:34:39: FBO PF_R32G32B32A32_SINT depth/stencil support: D0S0 D0S1 D0S4 D0S8 D0S16 D16S0 D16S1 D16S4 D16S8 D16S16 D24S0 D24S1 D24S4 D24S8 D24S16 D32S0 D32S1 D32S4 D32S8 D32S16 D32S0 D32S1 D32S4 D32S8 D32S16 Packed-D24S8 Packed-D32S8 
23:34:39: FBO PF_R8 depth/stencil support: D0S0 D0S1 D0S4 D0S8 D0S16 D16S0 D16S1 D16S4 D16S8 D16S16 D24S0 D24S1 D24S4 D24S8 D24S16 D32S0 D32S1 D32S4 D32S8 D32S16 D32S0 D32S1 D32S4 D32S8 D32S16 Packed-D24S8 Packed-D32S8 
23:34:39: FBO PF_R8G8 depth/stencil support: D0S0 D0S1 D0S4 D0S8 D0S16 D16S0 D16S1 D16S4 D16S8 D16S16 D24S0 D24S1 D24S4 D24S8 D24S16 D32S0 D32S1 D32S4 D32S8 D32S16 D32S0 D32S1 D32S4 D32S8 D32S16 Packed-D24S8 Packed-D32S8 
23:34:39: FBO PF_R8_SNORM depth/stencil support: D0S0 D0S1 D0S4 D0S8 D0S16 D16S0 D16S1 D16S4 D16S8 D16S16 D24S0 D24S1 D24S4 D24S8 D24S16 D32S0 D32S1 D32S4 D32S8 D32S16 D32S0 D32S1 D32S4 D32S8 D32S16 Packed-D24S8 Packed-D32S8 
23:34:39: FBO PF_R8G8_SNORM depth/stencil support: D0S0 D0S1 D0S4 D0S8 D0S16 D16S0 D16S1 D16S4 D16S8 D16S16 D24S0 D24S1 D24S4 D24S8 D24S16 D32S0 D32S1 D32S4 D32S8 D32S16 D32S0 D32S1 D32S4 D32S8 D32S16 Packed-D24S8 Packed-D32S8 
23:34:39: FBO PF_R8G8B8_SNORM depth/stencil support: D0S0 D0S1 D0S4 D0S8 D0S16 D16S0 D16S1 D16S4 D16S8 D16S16 D24S0 D24S1 D24S4 D24S8 D24S16 D32S0 D32S1 D32S4 D32S8 D32S16 D32S0 D32S1 D32S4 D32S8 D32S16 Packed-D24S8 Packed-D32S8 
23:34:39: FBO PF_R8G8B8A8_SNORM depth/stencil support: D0S0 D0S1 D0S4 D0S8 D0S16 D16S0 D16S1 D16S4 D16S8 D16S16 D24S0 D24S1 D24S4 D24S8 D24S16 D32S0 D32S1 D32S4 D32S8 D32S16 D32S0 D32S1 D32S4 D32S8 D32S16 Packed-D24S8 Packed-D32S8 
23:34:39: FBO PF_R16_SNORM depth/stencil support: D0S0 D0S1 D0S4 D0S8 D0S16 D16S0 D16S1 D16S4 D16S8 D16S16 D24S0 D24S1 D24S4 D24S8 D24S16 D32S0 D32S1 D32S4 D32S8 D32S16 D32S0 D32S1 D32S4 D32S8 D32S16 Packed-D24S8 Packed-D32S8 
23:34:39: FBO PF_R16G16_SNORM depth/stencil support: D0S0 D0S1 D0S4 D0S8 D0S16 D16S0 D16S1 D16S4 D16S8 D16S16 D24S0 D24S1 D24S4 D24S8 D24S16 D32S0 D32S1 D32S4 D32S8 D32S16 D32S0 D32S1 D32S4 D32S8 D32S16 Packed-D24S8 Packed-D32S8 
23:34:39: FBO PF_R16G16B16_SNORM depth/stencil support: D0S0 D0S1 D0S4 D0S8 D0S16 D16S0 D16S1 D16S4 D16S8 D16S16 D24S0 D24S1 D24S4 D24S8 D24S16 D32S0 D32S1 D32S4 D32S8 D32S16 D32S0 D32S1 D32S4 D32S8 D32S16 Packed-D24S8 Packed-D32S8 
23:34:39: FBO PF_R16G16B16A16_SNORM depth/stencil support: D0S0 D0S1 D0S4 D0S8 D0S16 D16S0 D16S1 D16S4 D16S8 D16S16 D24S0 D24S1 D24S4 D24S8 D24S16 D32S0 D32S1 D32S4 D32S8 D32S16 D32S0 D32S1 D32S4 D32S8 D32S16 Packed-D24S8 Packed-D32S8 
23:34:39: FBO PF_DEPTH32 depth/stencil support: D0S0 D0S1 D0S4 D0S8 D0S16 D16S0 D16S1 D16S4 D16S8 D16S16 D24S0 D24S1 D24S4 D24S8 D24S16 D32S0 D32S1 D32S4 D32S8 D32S16 D32S0 D32S1 D32S4 D32S8 D32S16 Packed-D24S8 Packed-D32S8 
23:34:39: FBO PF_DEPTH32F depth/stencil support: D0S0 D0S1 D0S4 D0S8 D0S16 D16S0 D16S1 D16S4 D16S8 D16S16 D24S0 D24S1 D24S4 D24S8 D24S16 D32S0 D32S1 D32S4 D32S8 D32S16 D32S0 D32S1 D32S4 D32S8 D32S16 Packed-D24S8 Packed-D32S8 
23:34:39: FBO PF_DEPTH24_STENCIL8 depth/stencil support: D0S0 D0S1 D0S4 D0S8 D0S16 D16S0 D16S1 D16S4 D16S8 D16S16 D24S0 D24S1 D24S4 D24S8 D24S16 D32S0 D32S1 D32S4 D32S8 D32S16 D32S0 D32S1 D32S4 D32S8 D32S16 Packed-D24S8 Packed-D32S8 
23:34:39: [GL] : Valid FBO targets PF_UNKNOWN PF_L8 PF_L16 PF_A8 PF_BYTE_LA PF_R5G6B5 PF_A4R4G4B4 PF_A1R5G5B5 PF_R8G8B8 PF_B8G8R8 PF_A8R8G8B8 PF_A8B8G8R8 PF_B8G8R8A8 PF_A2R10G10B10 PF_A2B10G10R10 PF_FLOAT16_RGB PF_FLOAT16_RGBA PF_FLOAT32_RGB PF_FLOAT32_RGBA PF_X8R8G8B8 PF_X8B8G8R8 PF_R8G8B8A8 PF_DEPTH16 PF_SHORT_RGBA PF_R3G3B2 PF_FLOAT16_R PF_FLOAT32_R PF_SHORT_GR PF_FLOAT16_GR PF_FLOAT32_GR PF_SHORT_RGB PF_R11G11B10_FLOAT PF_R8_UINT PF_R8G8_UINT PF_R8G8B8_UINT PF_R8G8B8A8_UINT PF_R16_UINT PF_R16G16_UINT PF_R16G16B16_UINT PF_R16G16B16A16_UINT PF_R32_UINT PF_R32G32_UINT PF_R32G32B32_UINT PF_R32G32B32A32_UINT PF_R8_SINT PF_R8G8_SINT PF_R8G8B8_SINT PF_R8G8B8A8_SINT PF_R16_SINT PF_R16G16_SINT PF_R16G16B16_SINT PF_R16G16B16A16_SINT PF_R32_SINT PF_R32G32_SINT PF_R32G32B32_SINT PF_R32G32B32A32_SINT PF_R8 PF_R8G8 PF_R8_SNORM PF_R8G8_SNORM PF_R8G8B8_SNORM PF_R8G8B8A8_SNORM PF_R16_SNORM PF_R16G16_SNORM PF_R16G16B16_SNORM PF_R16G16B16A16_SNORM PF_DEPTH32 PF_DEPTH32F PF_DEPTH24_STENCIL8 
23:34:39: Registering ResourceManager for type Texture
23:34:39: RenderSystem capabilities
23:34:39: -------------------------
23:34:39: RenderSystem Name: OpenGL 3+ Rendering Subsystem
23:34:39: GPU Vendor: apple
23:34:39: Device Name: Apple M5
23:34:39: Driver Version: 4.1.0.0
23:34:39:  * Fixed function pipeline: no
23:34:39:  * 32-bit index buffers: yes
23:34:39:  * Hardware stencil buffer: yes
23:34:39:    - Two sided stencil support: yes
23:34:39:    - Wrap stencil values: yes
23:34:39:  * Gpu programs: yes
23:34:39:    - Vertex constant 4-vectors: 1024
23:34:39:    - Fragment constant 4-vectors: 1024
23:34:39:  * Geometry programs: yes
23:34:39:    - Number of constant 4-vectors: 1024
23:34:39:  * Tessellation programs: yes
23:34:39:    - Hull program constant 4-vectors: 1024
23:34:39:    - Domain program constant 4-vectors: 1024
23:34:39:  * Mesh programs: no
23:34:39:  * Compute programs: no
23:34:39:  * VP/RT index from any shader: no
23:34:39:  * Supported Shader Profiles: glsl glsl150 glsl330 glsl400 glsl410
23:34:39:  * Read-back compiled shader: no
23:34:39:  * Number of vertex attributes: 16
23:34:39:  * Textures
23:34:39:    - Number of texture units: 16
23:34:39:    - Number of vertex textures: 16
23:34:39:    - Floating point: yes
23:34:39:    - Non-power-of-two: yes
23:34:39:    - 1D textures: yes
23:34:39:    - 2D array textures: yes
23:34:39:    - 3D textures: yes
23:34:39:    - Anisotropic filtering: yes
23:34:39:  * Texture Compression: yes
23:34:39:    - DXT: yes
23:34:39:    - VTC: no
23:34:39:    - PVRTC: no
23:34:39:    - ATC: no
23:34:39:    - ETC1: no
23:34:39:    - ETC2: no
23:34:39:    - BC4/BC5: yes
23:34:39:    - BC6H/BC7: no
23:34:39:    - ASTC: no
23:34:39:    - Automatic mipmap generation: yes
23:34:39:  * Vertex Buffers
23:34:39:    - Render to Vertex Buffer: yes
23:34:39:    - Instance Data: yes
23:34:39:    - Primitive Restart: no
23:34:39:    - INT_10_10_10_2_NORM element type: yes
23:34:39:    - 16x3 element types: yes
23:34:39:  * Read/Write Buffers: no
23:34:39:  * Hardware Occlusion Query: yes
23:34:39:  * User clip planes: yes
23:34:39:  * Depth clamping: yes
23:34:39:  * Hardware render-to-texture: yes
23:34:39:    - Multiple Render Targets: 8
23:34:39:  * Point Sprites: yes
23:34:39:    - Max Size: 64
23:34:39:  * Wide Lines: no
23:34:39:  * Hardware Gamma: yes
23:34:39:  * PBuffer support: no
23:34:39:  * Vertex Array Objects: yes
23:34:39:  * Separate shader objects: no
23:34:39:    - redeclare GLSL interface block: no
23:34:39:  * Debugging/ profiling events: no
23:34:39:  * Map buffer storage: yes
23:34:39: DefaultWorkQueue('Root') initialising on thread 0x1f22718c0.
23:34:39: DefaultWorkQueue('Root')::WorkerFunc - thread 0x16feb3000 starting.
23:34:23:34:39: DefaultWorkQueue('Root')::WorkerFunc - thread 0x16ff3f000 starting.
23:34:39: DefaultWorkQueue('Root')::WorkerFunc - thread 0x16ff3f000 starting.
23:34:39: Particle Renderer Type 'billboard' registered
23:34:39: SceneManagerFactory for type 'OctreeSceneManager' registered.
23:34:39: [RoR|DisplayMetrics] backend=macos logical=1280x720 backing=1280x720 scale=1.000x1.000 viewport=1280x720 valid=1
23:34:39: Added resource location '/Applications/RoR.app/Contents/MacOS/resources/ogre14/Main' of type 'FileSystem' to resource group 'OgreInternal'
23:34:39: Added resource location '/Applications/RoR.app/Contents/MacOS/resources/ogre14/RTShaderLib' of type 'FileSystem' to resource group 'OgreInternal'
23:34:39: Added resource location '/Applications/RoR.app/Contents/MacOS/resources/ogre14/Terrain' of type 'FileSystem' to resource group 'OgreInternal'
23:34:39: [RoR|Startup|Rendering] OGRE RTShader System initialized; cache='/Users/beshoyhanna/Development/rigs-of-rods/build-macos-ogre14-roadmap/cw2-shadow-installed-53b7ae5f1-run1/pssm/work/scene-home/Library/Caches/Rigs of Rods/rtshader'
23:34:39: Creating resource group SrcRG
23:34:39: Warning: Skipping 'empty' because it already exists in resource group 'SrcRG'
23:34:39: Warning: Skipping 'empty' because it already exists in resource group 'SrcRG'
23:34:39: Warning: Skipping 'empty' because it already exists in resource group 'SrcRG'
23:34:39: Warning: Skipping 'empty' because it already exists in resource group 'SrcRG'
23:34:39: Warning: Skipping 'empty' because it already exists in resource group 'SrcRG'
23:34:39: Warning: Skipping 'empty' because it already exists in resource group 'SrcRG'
23:34:39: Added resource location '/Applications/RoR.app/Contents/MacOS/resources/skeleton.zip' of type 'Zip' to resource group 'SrcRG'
23:34:39: Creating resource group DstRG
23:34:39: Added resource location '/Users/beshoyhanna/Development/rigs-of-rods/build-macos-ogre14-roadmap/cw2-shadow-installed-53b7ae5f1-run1/pssm/work/scene-home/Library/Application Support/Rigs of Rods/' of type 'FileSystem' to resource group 'DstRG'
23:34:39: Destroying resource group SrcRG
23:34:39: Unloading resource group SrcRG
23:34:39: Finished unloading resource group SrcRG
23:34:39: Destroying resource group DstRG
23:34:39: Unloading resource group DstRG
23:34:39: Finished unloading resource group DstRG
23:34:39: OverlayElementFactory for type Panel registered.
23:34:39: OverlayElementFactory for type BorderPanel registered.
23:34:39: OverlayElementFactory for type TextArea registered.
23:34:39: Registering ResourceManager for type Font
23:34:39: Texture 'Warning': Loading 1 faces(PF_R5G6B5,8x8x1) with 3 hardware generated mipmaps from Image. Internal format is PF_R5G6B5,8x8x1.
23:34:39: [RoR|ContentManager] Loading resource pack "flags" to group "FlagsRG" (ZIP archive)
23:34:39: Creating resource group FlagsRG
23:34:39: Added resource location '/Applications/RoR.app/Contents/MacOS/resources/flags.zip' of type 'Zip' to resource group 'FlagsRG'
23:34:39: Initialising resource group FlagsRG
23:34:39: Parsing scripts for resource group FlagsRG
23:34:39: Finished parsing scripts for resource group FlagsRG
23:34:39: Creating resources for group FlagsRG
23:34:39: All done
23:34:39: [RoR|ContentManager] Loading resource pack "fonts" to group "FontsRG" (ZIP archive)
23:34:39: Creating resource group FontsRG
23:34:39: Added resource location '/Applications/RoR.app/Contents/MacOS/resources/fonts.zip' of type 'Zip' to resource group 'FontsRG'
23:34:39: Initialising resource group FontsRG
23:34:39: Parsing scripts for resource group FontsRG
23:34:39: Parsing script Roboto-Medium.fontdef
23:34:39: Parsing script SdkTraysRedirect.fontdef
23:34:39: Finished parsing scripts for resource group FontsRG
23:34:39: Creating resources for group FontsRG
23:34:39: All done
23:34:39: [RoR|ContentManager] Loading resource pack "icons" to group "IconsRG" (ZIP archive)
23:34:39: Creating resource group IconsRG
23:34:39: Added resource location '/Applications/RoR.app/Contents/MacOS/resources/icons.zip' of type 'Zip' to resource group 'IconsRG'
23:34:39: Initialising resource group IconsRG
23:34:39: Parsing scripts for resource group IconsRG
23:34:39: Finished parsing scripts for resource group IconsRG
23:34:39: Creating resources for group IconsRG
23:34:39: All done
23:34:39: [RoR|ContentManager] Loading resource pack "OgreCore" to group "OgreCoreRG" (ZIP archive)
23:34:39: Creating resource group OgreCoreRG
23:34:39: Added resource location '/Applications/RoR.app/Contents/MacOS/resources/OgreCore.zip' of type 'Zip' to resource group 'OgreCoreRG'
23:34:39: Initialising resource group OgreCoreRG
23:34:39: Parsing scripts for resource group OgreCoreRG
23:34:39: Parsing script StdQuad_vp.program
23:34:39: Parsing script OgreCore.material
23:34:39: Parsing script OgreProfiler.material
23:34:39: Parsing script Vera.fontdef
23:34:39: Error: ScriptCompiler - unexpected token in Vera.fontdef(1): 'VeraMono'. If this is a legacy script you must prepend the type (e.g. font, overlay).
23:34:39: Error: ScriptCompiler - unexpected token in Vera.fontdef(10): 'VeraMonoBold'. If this is a legacy script you must prepend the type (e.g. font, overlay).
23:34:39: Parsing script cent.fontdef
23:34:39: Error: ScriptCompiler - unexpected token in cent.fontdef(1): 'cent'. If this is a legacy script you must prepend the type (e.g. font, overlay).
23:34:39: Error: ScriptCompiler - unexpected token in cent.fontdef(202): 'glyph'. If this is a legacy script you must prepend the type (e.g. font, overlay).
23:34:39: Error: ScriptCompiler - invalid parameters in cent.fontdef(204): missing property value
23:34:39: Error: ScriptCompiler - invalid parameters in cent.fontdef(137)
23:34:39: Error: ScriptCompiler - invalid parameters in cent.fontdef(204): 0.835938
23:34:39: Parsing script cyberbit.fontdef
23:34:39: Error: ScriptCompiler - unexpected token in cyberbit.fontdef(1): 'CyberbitEnglish'. If this is a legacy script you must prepend the type (e.g. font, overlay).
23:34:39: Parsing script highcontrast.fontdef
23:34:39: Error: ScriptCompiler - unexpected token in highcontrast.fontdef(1): 'highcontrast_black'. If this is a legacy script you must prepend the type (e.g. font, overlay).
23:34:39: Error: ScriptCompiler - unexpected token in highcontrast.fontdef(202): 'glyph'. If this is a legacy script you must prepend the type (e.g. font, overlay).
23:34:39: Error: ScriptCompiler - invalid parameters in highcontrast.fontdef(204): missing property value
23:34:39: Error: ScriptCompiler - unexpected token in highcontrast.fontdef(209): 'highcontrast_green'. If this is a legacy script you must prepend the type (e.g. font, overlay).
23:34:39: Error: ScriptCompiler - unexpected token in highcontrast.fontdef(410): 'glyph'. If this is a legacy script you must prepend the type (e.g. font, overlay).
23:34:39: Error: ScriptCompiler - invalid parameters in highcontrast.fontdef(412): missing property value
23:34:39: Error: ScriptCompiler - invalid parameters in highcontrast.fontdef(137)
23:34:39: Error: ScriptCompiler - invalid parameters in highcontrast.fontdef(204): 0.832031
23:34:39: Error: ScriptCompiler - invalid parameters in highcontrast.fontdef(345)
23:34:39: Error: ScriptCompiler - invalid parameters in highcontrast.fontdef(412): 0.832031
23:34:39: Finished parsing scripts for resource group OgreCoreRG
23:34:39: Creating resources for group OgreCoreRG
23:34:39: All done
23:34:39: [RoR|ContentManager] Loading resource pack "wallpapers" to group "Wallpapers" (ZIP archive)
23:34:39: Creating resource group Wallpapers
23:34:39: Added resource location '/Applications/RoR.app/Contents/MacOS/resources/wallpapers.zip' of type 'Zip' to resource group 'Wallpapers'
23:34:39: Initialising resource group Wallpapers
23:34:39: Parsing scripts for resource group Wallpapers
23:34:39: Finished parsing scripts for resource group Wallpapers
23:34:39: Creating resources for group Wallpapers
23:34:39: All done
23:34:39: [RoR|ContentManager] Loading resource pack "scripts" to group "ScriptsRG" (ZIP archive)
23:34:39: Creating resource group ScriptsRG
23:34:39: Added resource location '/Applications/RoR.app/Contents/MacOS/resources/scripts.zip' of type 'Zip' to resource group 'ScriptsRG'
23:34:39: Initialising resource group ScriptsRG
23:34:39: Parsing scripts for resource group ScriptsRG
23:34:39: Finished parsing scripts for resource group ScriptsRG
23:34:39: Creating resources for group ScriptsRG
23:34:39: All done
23:34:39: Creating resource group LngRG
23:34:39: Added resource location '/Applications/RoR.app/Contents/MacOS/languages' of type 'FileSystem' to resource group 'LngRG'
23:34:39: Destroying resource group LngRG
23:34:39: Unloading resource group LngRG
23:34:39: Finished unloading resource group LngRG
23:34:39: [RoR|App] Error loading language file: '/Applications/RoR.app/Contents/MacOS/languages/en/ror.mo'
23:34:39: Creating resource group Config
23:34:39: Added resource location '/Users/beshoyhanna/Development/rigs-of-rods/build-macos-ogre14-roadmap/cw2-shadow-installed-53b7ae5f1-run1/pssm/work/scene-home/Library/Application Support/Rigs of Rods/config' of type 'FileSystem' to resource group 'Config'
23:34:39: Creating resource group Savegames
23:34:39: Added resource location '/Users/beshoyhanna/Development/rigs-of-rods/build-macos-ogre14-roadmap/cw2-shadow-installed-53b7ae5f1-run1/pssm/work/scene-home/Library/Application Support/Rigs of Rods/savegames' of type 'FileSystem' to resource group 'Savegames'
23:34:39: Creating resource group Scripts
23:34:39: Added resource location '/Users/beshoyhanna/Development/rigs-of-rods/build-macos-ogre14-roadmap/cw2-shadow-installed-53b7ae5f1-run1/pssm/work/scene-home/Library/Application Support/Rigs of Rods/scripts' of type 'FileSystem' to resource group 'Scripts'
23:34:39: Creating resource group Logs
23:34:39: Added resource location '/Users/beshoyhanna/Development/rigs-of-rods/build-macos-ogre14-roadmap/cw2-shadow-installed-53b7ae5f1-run1/pssm/work/scene-home/Library/Logs/Rigs of Rods' of type 'FileSystem' to resource group 'Logs'
23:34:39: Creating resource group ManagedMaterials
23:34:39: Added resource location '/Applications/RoR.app/Contents/MacOS/resources/managed_materials/shadows/pssm/rtss' of type 'FileSystem' to resource group 'ManagedMaterials'
23:34:39: Added resource location '/Applications/RoR.app/Contents/MacOS/resources/managed_materials/texture' of type 'FileSystem' to resource group 'ManagedMaterials'
23:34:39: Added resource location '/Applications/RoR.app/Contents/MacOS/resources/managed_materials' of type 'FileSystem' to resource group 'ManagedMaterials'
23:34:39: Initialising resource group ManagedMaterials
23:34:39: Parsing scripts for resource group ManagedMaterials
23:34:39: Parsing script nicemetal_mm.program
23:34:39: Parsing script shadows.material
23:34:39: Parsing script texture_manager.material
23:34:39: Parsing script managed_mats_vehicles_nicemetal.material
23:34:39: Warning: ScriptCompiler - deprecated symbol in managed_mats_vehicles_nicemetal.material(31): texture_alias. Use 'texture $variable'
23:34:39: Warning: ScriptCompiler - deprecated symbol in managed_mats_vehicles_nicemetal.material(51): texture_alias. Use 'texture $variable'
23:34:39: Warning: ScriptCompiler - deprecated symbol in managed_mats_vehicles_nicemetal.material(56): 'cubic_texture ..'. Use 'texture .. cubic' instead.
23:34:39: Warning: ScriptCompiler - deprecated symbol in managed_mats_vehicles_nicemetal.material(92): texture_alias. Use 'texture $variable'
23:34:39: Warning: ScriptCompiler - deprecated symbol in managed_mats_vehicles_nicemetal.material(118): texture_alias. Use 'texture $variable'
23:34:39: Warning: ScriptCompiler - deprecated symbol in managed_mats_vehicles_nicemetal.material(123): 'cubic_texture ..'. Use 'texture .. cubic' instead.
23:34:39: Warning: ScriptCompiler - deprecated symbol in managed_mats_vehicles_nicemetal.material(151): texture_alias. Use 'texture $variable'
23:34:39: Warning: ScriptCompiler - deprecated symbol in managed_mats_vehicles_nicemetal.material(157): texture_alias. Use 'texture $variable'
23:34:39: Warning: ScriptCompiler - deprecated symbol in managed_mats_vehicles_nicemetal.material(176): texture_alias. Use 'texture $variable'
23:34:39: Warning: ScriptCompiler - deprecated symbol in managed_mats_vehicles_nicemetal.material(181): 'cubic_texture ..'. Use 'texture .. cubic' instead.
23:34:39: Parsing script managed_submesh.material
23:34:39: Error: ScriptCompiler - unexpected token in managed_submesh.material(25): token "normalise_normals" is not recognized
23:34:39: Warning: ScriptCompiler - deprecated symbol in managed_submesh.material(33): texture_alias. Use 'texture $variable'
23:34:39: Warning: ScriptCompiler - deprecated symbol in managed_submesh.material(53): texture_alias. Use 'texture $variable'
23:34:39: Warning: ScriptCompiler - deprecated symbol in managed_mats.material(13): texture_alias. Use 'texture $variable'
23:34:39: Warning: ScriptCompiler - deprecated symbol in managed_submesh.material(70): texture_alias. Use 'texture $variable'
23:34:39: Warning: ScriptCompiler - deprecated symbol in managed_submesh.material(86): cull_software. Only used by the BSP scene manager.
23:34:39: Warning: ScriptCompiler - deprecated symbol in managed_submesh.material(90): texture_alias. Use 'texture $variable'
23:34:39: Warning: ScriptCompiler - deprecated symbol in managed_submesh.material(98): 'cubic_texture ..'. Use 'texture .. cubic' instead.
23:34:39: Error: ScriptCompiler - unexpected token in managed_submesh.material(131): token "normalise_normals" is not recognized
23:34:39: Warning: ScriptCompiler - deprecated symbol in managed_submesh.material(139): texture_alias. Use 'texture $variable'
23:34:39: Warning: ScriptCompiler - deprecated symbol in managed_submesh.material(159): texture_alias. Use 'texture $variable'
23:34:39: Warning: ScriptCompiler - deprecated symbol in managed_mats.material(13): texture_alias. Use 'texture $variable'
23:34:39: Warning: ScriptCompiler - deprecated symbol in managed_submesh.material(176): texture_alias. Use 'texture $variable'
23:34:39: Warning: ScriptCompiler - deprecated symbol in managed_submesh.material(194): texture_alias. Use 'texture $variable'
23:34:39: Warning: ScriptCompiler - deprecated symbol in managed_submesh.material(203): 'cubic_texture ..'. Use 'texture .. cubic' instead.
23:34:39: Error: ScriptCompiler - unexpected token in managed_submesh.material(237): token "normalise_normals" is not recognized
23:34:39: Warning: ScriptCompiler - deprecated symbol in managed_submesh.material(245): texture_alias. Use 'texture $variable'
23:34:39: Warning: ScriptCompiler - deprecated symbol in managed_mats.material(13): texture_alias. Use 'texture $variable'
23:34:39: Warning: ScriptCompiler - deprecated symbol in managed_submesh.material(270): texture_alias. Use 'texture $variable'
23:34:39: Warning: ScriptCompiler - deprecated symbol in managed_submesh.material(286): cull_software. Only used by the BSP scene manager.
23:34:39: Warning: ScriptCompiler - deprecated symbol in managed_submesh.material(290): texture_alias. Use 'texture $variable'
23:34:39: Warning: ScriptCompiler - deprecated symbol in managed_submesh.material(298): 'cubic_texture ..'. Use 'texture .. cubic' instead.
23:34:39: Error: ScriptCompiler - unexpected token in managed_submesh.material(342): token "normalise_normals" is not recognized
23:34:39: Warning: ScriptCompiler - deprecated symbol in managed_submesh.material(350): texture_alias. Use 'texture $variable'
23:34:39: Warning: ScriptCompiler - deprecated symbol in managed_mats.material(13): texture_alias. Use 'texture $variable'
23:34:39: Warning: ScriptCompiler - deprecated symbol in managed_submesh.material(375): texture_alias. Use 'texture $variable'
23:34:39: Warning: ScriptCompiler - deprecated symbol in managed_submesh.material(393): texture_alias. Use 'texture $variable'
23:34:39: Warning: ScriptCompiler - deprecated symbol in managed_submesh.material(402): 'cubic_texture ..'. Use 'texture .. cubic' instead.
23:34:39: Parsing script managed_mats_vehicles.material
23:34:39: Warning: ScriptCompiler - deprecated symbol in texture_manager.material(16): 'cubic_texture ..'. Use 'texture .. cubic' instead.
23:34:39: Warning: ScriptCompiler - deprecated symbol in texture_manager.material(16): 'cubic_texture ..'. Use 'texture .. cubic' instead.
23:34:39: Warning: ScriptCompiler - deprecated symbol in texture_manager.material(16): 'cubic_texture ..'. Use 'texture .. cubic' instead.
23:34:39: Parsing script managed_mats_vehicles_transparent_nicemetal.material
23:34:39: Warning: ScriptCompiler - deprecated symbol in managed_mats_vehicles_transparent_nicemetal.material(33): texture_alias. Use 'texture $variable'
23:34:39: Warning: ScriptCompiler - deprecated symbol in managed_mats_vehicles_transparent_nicemetal.material(54): texture_alias. Use 'texture $variable'
23:34:39: Warning: ScriptCompiler - deprecated symbol in managed_mats_vehicles_transparent_nicemetal.material(59): 'cubic_texture ..'. Use 'texture .. cubic' instead.
23:34:39: Warning: ScriptCompiler - deprecated symbol in managed_mats_vehicles_transparent_nicemetal.material(98): texture_alias. Use 'texture $variable'
23:34:39: Warning: ScriptCompiler - deprecated symbol in managed_mats_vehicles_transparent_nicemetal.material(125): texture_alias. Use 'texture $variable'
23:34:39: Error: ScriptCompiler - fewer parameters expected in managed_mats_vehicles_transparent_nicemetal.material(125): texture_alias must have at most 1 argument
23:34:39: Warning: ScriptCompiler - deprecated symbol in managed_mats_vehicles_transparent_nicemetal.material(130): 'cubic_texture ..'. Use 'texture .. cubic' instead.
23:34:39: Warning: ScriptCompiler - deprecated symbol in managed_mats_vehicles_transparent_nicemetal.material(166): texture_alias. Use 'texture $variable'
23:34:39: Warning: ScriptCompiler - deprecated symbol in managed_mats_vehicles_transparent_nicemetal.material(186): texture_alias. Use 'texture $variable'
23:34:39: Warning: ScriptCompiler - deprecated symbol in managed_mats_vehicles_transparent_nicemetal.material(191): 'cubic_texture ..'. Use 'texture .. cubic' instead.
23:34:39: Parsing script managed_mats.material
23:34:39: Parsing script managed_mats_vehicles_transparent.material
23:34:39: Warning: ScriptCompiler - deprecated symbol in texture_manager.material(16): 'cubic_texture ..'. Use 'texture .. cubic' instead.
23:34:39: Warning: ScriptCompiler - deprecated symbol in texture_manager.material(16): 'cubic_texture ..'. Use 'texture .. cubic' instead.
23:34:39: Warning: ScriptCompiler - deprecated symbol in texture_manager.material(16): 'cubic_texture ..'. Use 'texture .. cubic' instead.
23:34:39: Finished parsing scripts for resource group ManagedMaterials
23:34:39: Creating resources for group ManagedMaterials
23:34:39: All done
23:34:39: [RoR|ContentManager] Loading resource pack "mygui" to group "MyGuiRG" (ZIP archive)
23:34:39: Creating resource group MyGuiRG
23:34:39: Added resource location '/Applications/RoR.app/Contents/MacOS/resources/mygui.zip' of type 'Zip' to resource group 'MyGuiRG'
23:34:39: Initialising resource group MyGuiRG
23:34:39: Parsing scripts for resource group MyGuiRG
23:34:39: Finished parsing scripts for resource group MyGuiRG
23:34:39: Creating resources for group MyGuiRG
23:34:39: All done
23:34:39: [RoR|ContentManager] Loading resource pack "dashboards" to group "DashboardsRG" (ZIP archive)
23:34:39: Creating resource group DashboardsRG
23:34:39: Added resource location '/Applications/RoR.app/Contents/MacOS/resources/dashboards.zip' of type 'Zip' to resource group 'DashboardsRG'
23:34:39: Initialising resource group DashboardsRG
23:34:39: Parsing scripts for resource group DashboardsRG
23:34:39: Finished parsing scripts for resource group DashboardsRG
23:34:39: Creating resources for group DashboardsRG
23:34:39: All done
23:34:39: Particle Affector Type 'FireExtinguisher' registered
23:34:39: Particle Affector Type 'ExtinguishableFire' registered
23:34:39: RoR|ContentManager: Creating Sound Manager
23:34:39: [RoR|Audio] No audio device configured, opening default.
23:34:39: SoundManager: OpenAL vendor is: OpenAL Community
23:34:39: SoundManager: OpenAL version is: 1.1 ALSOFT 1.24.3
23:34:39: SoundManager: OpenAL renderer is: OpenAL Soft
23:34:39: SoundManager: OpenAL extensions are: AL_EXT_ALAW AL_EXT_BFORMAT AL_EXT_debug AL_EXT_direct_context AL_EXT_DOUBLE AL_EXT_EXPONENT_DISTANCE AL_EXT_FLOAT32 AL_EXT_IMA4 AL_EXT_LINEAR_DISTANCE AL_EXT_MCFORMATS AL_EXT_MULAW AL_EXT_MULAW_BFORMAT AL_EXT_MULAW_MCFORMATS AL_EXT_OFFSET AL_EXT_source_distance_model AL_EXT_SOURCE_RADIUS AL_EXT_STATIC_BUFFER AL_EXT_STEREO_ANGLES AL_LOKI_quadriphonic AL_SOFT_bformat_ex AL_SOFT_bformat_hoa AL_SOFT_block_alignment AL_SOFT_buffer_length_query AL_SOFT_callback_buffer AL_SOFTX_convolution_effect AL_SOFT_deferred_updates AL_SOFT_direct_channels AL_SOFT_direct_channels_remix AL_SOFT_effect_target AL_SOFT_events AL_SOFT_gain_clamp_ex AL_SOFTX_hold_on_disconnect AL_SOFT_loop_points AL_SOFTX_map_buffer AL_SOFT_MSADPCM AL_SOFT_source_latency AL_SOFT_source_length AL_SOFTX_source_panning AL_SOFT_source_resampler AL_SOFT_source_spatialize AL_SOFT_source_start_delay AL_SOFT_UHJ AL_SOFT_UHJ_ex
23:34:39: SoundManager: OpenAL device is: OpenAL Soft
23:34:39: SoundManager: OpenAL ALC extensions are: ALC_ENUMERATE_ALL_EXT ALC_ENUMERATION_EXT ALC_EXT_CAPTURE ALC_EXT_debug ALC_EXT_DEDICATED ALC_EXT_direct_context ALC_EXT_disconnect ALC_EXT_EFX ALC_EXT_thread_local_context ALC_SOFT_device_clock ALC_SOFT_HRTF ALC_SOFT_loopback ALC_SOFT_loopback_bformat ALC_SOFT_output_limiter ALC_SOFT_output_mode ALC_SOFT_pause_device ALC_SOFT_reopen_device ALC_SOFT_system_events
23:34:39: SoundManager: Found OpenAL EFX extension
23:34:39: SoundManager: OpenAL driver supports AL_EFFECT_EAXREVERB, using it
23:34:39: SoundScriptManager: Sound Manager started with 32 sources
23:34:39: [RoR|ContentManager] Loading resource pack "sounds" to group "SoundsRG" (ZIP archive)
23:34:39: Creating resource group SoundsRG
23:34:39: Added resource location '/Applications/RoR.app/Contents/MacOS/resources/sounds.zip' of type 'Zip' to resource group 'SoundsRG'
23:34:39: Initialising resource group SoundsRG
23:34:39: Parsing scripts for resource group SoundsRG
23:34:39: Parsing script defaults.soundscript
23:34:39: SoundScriptManager: Parsing script defaults.soundscript
23:34:39: SoundScriptManager: creating template tracks/main_menu_tune
23:34:39: SoundScriptManager: creating template tracks/default_diesel
23:34:39: SoundScriptManager: creating template tracks/default_force
23:34:39: SoundScriptManager: creating template tracks/default_car
23:34:39: SoundScriptManager: creating template tracks/default_starter
23:34:39: SoundScriptManager: creating template tracks/default_turbo
23:34:39: SoundScriptManager: creating template tracks/default_turbo_small
23:34:39: SoundScriptManager: creating template tracks/default_turbo_mid
23:34:39: SoundScriptManager: creating template tracks/default_turbo_big
23:34:39: SoundScriptManager: creating template tracks/default_turbo_bov
23:34:39: SoundScriptManager: creating template tracks/default_wastegate_flutter
23:34:39: SoundScriptManager: creating template tracks/default_turbo_backfire
23:34:39: SoundScriptManager: creating template tracks/default_air_purge
23:34:39: SoundScriptManager: creating template tracks/default_horn
23:34:39: SoundScriptManager: creating template tracks/default_pump
23:34:39: SoundScriptManager: creating template tracks/default_police
23:34:39: SoundScriptManager: creating template tracks/default_screetch
23:34:39: SoundScriptManager: creating template tracks/default_brakes
23:34:39: SoundScriptManager: creating template tracks/default_parkbrakes
23:34:39: SoundScriptManager: creating template tracks/default_air
23:34:39: SoundScriptManager: creating template tracks/default_shift
23:34:39: SoundScriptManager: creating template tracks/default_break
23:34:39: SoundScriptManager: creating template tracks/default_creak
23:34:39: Bad SoundScript attribute line: 'trigger_source	creak' in defaults.soundscript
23:34:39: SoundScriptManager: creating template tracks/default_gear_slide
23:34:39: SoundScriptManager: creating template tracks/default_marine_large
23:34:39: SoundScriptManager: creating template tracks/default_marine_small
23:34:39: SoundScriptManager: creating template tracks/default_turboprop_start1
23:34:39: SoundScriptManager: creating template tracks/default_turboprop_lopower1
23:34:39: SoundScriptManager: creating template tracks/default_turboprop_hipower1
23:34:39: SoundScriptManager: creating template tracks/default_turboprop_start2
23:34:39: SoundScriptManager: creating template tracks/default_turboprop_lopower2
23:34:39: SoundScriptManager: creating template tracks/default_turboprop_hipower2
23:34:39: SoundScriptManager: creating template tracks/default_turboprop_start3
23:34:39: SoundScriptManager: creating template tracks/default_turboprop_lopower3
23:34:39: SoundScriptManager: creating template tracks/default_turboprop_hipower3
23:34:39: SoundScriptManager: creating template tracks/default_turboprop_start4
23:34:39: SoundScriptManager: creating template tracks/default_turboprop_lopower4
23:34:39: SoundScriptManager: creating template tracks/default_turboprop_hipower4
23:34:39: SoundScriptManager: creating template tracks/default_turboprop_start5
23:34:39: SoundScriptManager: creating template tracks/default_turboprop_lopower5
23:34:39: SoundScriptManager: creating template tracks/default_turboprop_hipower5
23:34:39: SoundScriptManager: creating template tracks/default_turboprop_start6
23:34:39: SoundScriptManager: creating template tracks/default_turboprop_lopower6
23:34:39: SoundScriptManager: creating template tracks/default_turboprop_hipower6
23:34:39: SoundScriptManager: creating template tracks/default_turboprop_start7
23:34:39: SoundScriptManager: creating template tracks/default_turboprop_lopower7
23:34:39: SoundScriptManager: creating template tracks/default_turboprop_hipower7
23:34:39: SoundScriptManager: creating template tracks/default_turboprop_start8
23:34:39: SoundScriptManager: creating template tracks/default_turboprop_lopower8
23:34:39: SoundScriptManager: creating template tracks/default_turboprop_hipower8
23:34:39: SoundScriptManager: creating template tracks/default_pistonprop_start1
23:34:39: SoundScriptManager: creating template tracks/default_pistonprop_lopower1
23:34:39: SoundScriptManager: creating template tracks/default_pistonprop_hipower1
23:34:39: SoundScriptManager: creating template tracks/default_pistonprop_start2
23:34:39: SoundScriptManager: creating template tracks/default_pistonprop_lopower2
23:34:39: SoundScriptManager: creating template tracks/default_pistonprop_hipower2
23:34:39: SoundScriptManager: creating template tracks/default_pistonprop_start3
23:34:39: SoundScriptManager: creating template tracks/default_pistonprop_lopower3
23:34:39: SoundScriptManager: creating template tracks/default_pistonprop_hipower3
23:34:39: SoundScriptManager: creating template tracks/default_pistonprop_start4
23:34:39: SoundScriptManager: creating template tracks/default_pistonprop_lopower4
23:34:39: SoundScriptManager: creating template tracks/default_pistonprop_hipower4
23:34:39: SoundScriptManager: creating template tracks/default_pistonprop_lopower5
23:34:39: SoundScriptManager: creating template tracks/default_pistonprop_hipower5
23:34:39: SoundScriptManager: creating template tracks/default_pistonprop_lopower6
23:34:39: SoundScriptManager: creating template tracks/default_pistonprop_hipower6
23:34:39: SoundScriptManager: creating template tracks/default_pistonprop_lopower7
23:34:39: SoundScriptManager: creating template tracks/default_pistonprop_hipower7
23:34:39: SoundScriptManager: creating template tracks/default_pistonprop_lopower8
23:34:39: SoundScriptManager: creating template tracks/default_pistonprop_hipower8
23:34:39: SoundScriptManager: creating template tracks/default_turbojet_start1
23:34:39: SoundScriptManager: creating template tracks/default_turbojet_lopower1
23:34:39: SoundScriptManager: creating template tracks/default_turbojet_hipower1
23:34:39: SoundScriptManager: creating template tracks/default_turbojet_afterburner1
23:34:39: SoundScriptManager: creating template tracks/default_turbojet_start2
23:34:39: SoundScriptManager: creating template tracks/default_turbojet_lopower2
23:34:39: SoundScriptManager: creating template tracks/default_turbojet_hipower2
23:34:39: SoundScriptManager: creating template tracks/default_turbojet_afterburner2
23:34:39: SoundScriptManager: creating template tracks/default_turbojet_start3
23:34:39: SoundScriptManager: creating template tracks/default_turbojet_lopower3
23:34:39: SoundScriptManager: creating template tracks/default_turbojet_hipower3
23:34:39: SoundScriptManager: creating template tracks/default_turbojet_afterburner3
23:34:39: SoundScriptManager: creating template tracks/default_turbojet_start4
23:34:39: SoundScriptManager: creating template tracks/default_turbojet_lopower4
23:34:39: SoundScriptManager: creating template tracks/default_turbojet_hipower4
23:34:39: SoundScriptManager: creating template tracks/default_turbojet_afterburner4
23:34:39: SoundScriptManager: creating template tracks/default_turbojet_start5
23:34:39: SoundScriptManager: creating template tracks/default_turbojet_lopower5
23:34:39: SoundScriptManager: creating template tracks/default_turbojet_hipower5
23:34:39: SoundScriptManager: creating template tracks/default_turbojet_afterburner5
23:34:39: SoundScriptManager: creating template tracks/default_turbojet_start6
23:34:39: SoundScriptManager: creating template tracks/default_turbojet_lopower6
23:34:39: SoundScriptManager: creating template tracks/default_turbojet_hipower6
23:34:39: SoundScriptManager: creating template tracks/default_turbojet_afterburner6
23:34:39: SoundScriptManager: creating template tracks/default_turbojet_start7
23:34:39: SoundScriptManager: creating template tracks/default_turbojet_lopower7
23:34:39: SoundScriptManager: creating template tracks/default_turbojet_hipower7
23:34:39: SoundScriptManager: creating template tracks/default_turbojet_afterburner7
23:34:39: SoundScriptManager: creating template tracks/default_turbojet_start8
23:34:39: SoundScriptManager: creating template tracks/default_turbojet_lopower8
23:34:39: SoundScriptManager: creating template tracks/default_turbojet_hipower8
23:34:39: SoundScriptManager: creating template tracks/default_turbojet_afterburner8
23:34:39: SoundScriptManager: creating template tracks/default_reverse_beep
23:34:39: SoundScriptManager: creating template tracks/default_turn_signal
23:34:39: SoundScriptManager: creating template tracks/default_antilock
23:34:39: SoundScriptManager: creating template tracks/default_tractioncontrol
23:34:39: SoundScriptManager: creating template tracks/default_gpws_10
23:34:39: SoundScriptManager: creating template tracks/default_gpws_20
23:34:39: SoundScriptManager: creating template tracks/default_gpws_30
23:34:39: SoundScriptManager: creating template tracks/default_gpws_40
23:34:39: SoundScriptManager: creating template tracks/default_gpws_50
23:34:39: SoundScriptManager: creating template tracks/default_gpws_100
23:34:39: SoundScriptManager: creating template tracks/default_gpws_pullup
23:34:39: SoundScriptManager: creating template tracks/default_gpws_minimums
23:34:39: SoundScriptManager: creating template tracks/default_gpws_apdisconnect
23:34:39: SoundScriptManager: creating template tracks/default_aoa_warning
23:34:39: SoundScriptManager: creating template tracks/default_aivionic_chat01
23:34:39: SoundScriptManager: creating template tracks/default_aivionic_chat02
23:34:39: SoundScriptManager: creating template tracks/default_aivionic_chat03
23:34:39: SoundScriptManager: creating template tracks/default_aivionic_chat04
23:34:39: SoundScriptManager: creating template tracks/default_aivionic_chat05
23:34:39: SoundScriptManager: creating template tracks/default_aivionic_chat06
23:34:39: SoundScriptManager: creating template tracks/default_aivionic_chat07
23:34:39: SoundScriptManager: creating template tracks/default_aivionic_chat08
23:34:39: SoundScriptManager: creating template tracks/default_aivionic_chat09
23:34:39: SoundScriptManager: creating template tracks/default_aivionic_chat10
23:34:39: SoundScriptManager: creating template tracks/default_aivionic_chat11
23:34:39: SoundScriptManager: creating template tracks/default_aivionic_chat12
23:34:39: SoundScriptManager: creating template tracks/default_aivionic_chat13
23:34:39: Finished parsing scripts for resource group SoundsRG
23:34:39: Creating resources for group SoundsRG
23:34:39: All done
23:34:39: RoR|ContentManager: Loading filesystems
23:34:39: RoR|ContentManager: Registering colored text overlay factory
23:34:39: OverlayElementFactory for type ColoredTextArea registered.
23:34:39: RoR|ContentManager: Calling initialiseAllResourceGroups()
23:34:39: Parsing scripts for resource group Config
23:34:39: Finished parsing scripts for resource group Config
23:34:39: Creating resources for group Config
23:34:39: All done
23:34:39: Parsing scripts for resource group General
23:34:39: Finished parsing scripts for resource group General
23:34:39: Creating resources for group General
23:34:39: All done
23:34:39: Parsing scripts for resource group Logs
23:34:39: Finished parsing scripts for resource group Logs
23:34:39: Creating resources for group Logs
23:34:39: All done
23:34:39: Parsing scripts for resource group OgreAutodetect
23:34:39: Finished parsing scripts for resource group OgreAutodetect
23:34:39: Creating resources for group OgreAutodetect
23:34:39: All done
23:34:39: Parsing scripts for resource group OgreInternal
23:34:39: Parsing script ShadowVolumeExtude.program
23:34:39: Parsing script Shadow.material
23:34:39: Parsing script RTSSamplers.material
23:34:39: Finished parsing scripts for resource group OgreInternal
23:34:39: Creating resources for group OgreInternal
23:34:39: All done
23:34:39: Parsing scripts for resource group Savegames
23:34:39: Finished parsing scripts for resource group Savegames
23:34:39: Creating resources for group Savegames
23:34:39: All done
23:34:39: Parsing scripts for resource group Scripts
23:34:39: Finished parsing scripts for resource group Scripts
23:34:39: Creating resources for group Scripts
23:34:39: All done
23:34:39: [RoR] Loading skidmarks.cfg...
23:34:39: [RoR] skidmarks.cfg loaded OK
23:34:39: Texture 'ror.png': Loading 1 faces(PF_A8R8G8B8,96x96x1) with 5 hardware generated mipmaps from Image. Internal format is PF_A8R8G8B8,96x96x1.
23:34:39: Texture 'MyGUI_BlueWhiteSkins.png': Loading 1 faces(PF_A8R8G8B8,512x256x1) Internal format is PF_A8R8G8B8,512x256x1.
23:34:39: Texture 'RoR_Pointers.png': Loading 1 faces(PF_A8R8G8B8,256x128x1) Internal format is PF_A8R8G8B8,256x128x1.
23:34:39: *** Loading OIS ***
23:34:39: *** Initializing OIS ***
23:34:39: OIS Version: 1.5.1
23:34:39: + Release Name: 1.5.0
23:34:39: + Manager: Mac OS X Cocoa Input Manager
23:34:39: + Total Keyboards: 1
23:34:39: + Total Mice: 1
23:34:39: + Total JoySticks: 0
23:34:39: * Device: Keyboard Vendor: Mac OS X Cocoa Input Manager
23:34:39: * Device: Mouse Vendor: Mac OS X Cocoa Input Manager
23:34:39: + macOS keyboard: SDL buffered keys/text + OIS device facade
23:34:39: + macOS joysticks: SDL event backend
23:34:39: + macOS SDL joystick force feedback is unavailable; continuing without FFB
23:34:39:  * Loading input mapping input.map
23:34:39: unknown event (ignored): COMMON_TOGGLE_RENDER_MODE
23:34:39:  * Input map successfully loaded: 251 entries
23:34:39: Texture 'loading_22.jpg': Loading 1 faces(PF_R8G8B8,1920x1080x1) with 5 hardware generated mipmaps from Image. Internal format is PF_R8G8B8,1920x1080x1.
23:34:39: Warning: force-disabling 'lighting' and 'depth_check' of Material rigsofrods/WallpaperMat for use with OverlayElement rigsofrods/WallpaperPanel
23:34:39: [RoR|ThreadPool] Found 10 logical CPU cores, creating 1 worker threads
23:34:39: [RoR|CVar]             app_state:  "1" (was: "0")
23:34:39: RTSS: using 2c3a67ed69eb2b45d0879220f1d3ba9f_VS for Pass 0 of 'rigsofrods/WallpaperMat'
23:34:39: RTSS: using 0edfb3f0978a2915ef74ad50734e28c8_FS for Pass 0 of 'rigsofrods/WallpaperMat'
23:34:39: RTSS: using e73c7192a801d65a4bc4b8996fe43f7a_VS for Pass 0 of 'ImGui/material'
23:34:39: RTSS: using 837f3874c816f8f40226deb62182ebb1_FS for Pass 0 of 'ImGui/material'
23:34:39: [RoR|PleaseWaitUI] <100%> Hack
23:34:39: [RoR|ModCache] Cache update requested
23:34:39: Creating resource group Cache
23:34:39: Added resource location '/Users/beshoyhanna/Development/rigs-of-rods/build-macos-ogre14-roadmap/cw2-shadow-installed-53b7ae5f1-run1/pssm/work/scene-home/Library/Caches/Rigs of Rods' of type 'FileSystem' to resource group 'Cache'
23:34:39: Creating resource group Thumbnails
23:34:39: Added resource location '/Users/beshoyhanna/Development/rigs-of-rods/build-macos-ogre14-roadmap/cw2-shadow-installed-53b7ae5f1-run1/pssm/work/scene-home/Library/Caches/Rigs of Rods/thumbnails' of type 'FileSystem' to resource group 'Thumbnails'
23:34:39: Creating resource group RepoAttachments
23:34:39: Added resource location '/Users/beshoyhanna/Development/rigs-of-rods/build-macos-ogre14-roadmap/cw2-shadow-installed-53b7ae5f1-run1/pssm/work/scene-home/Library/Application Support/Rigs of Rods/repo_attachments' of type 'FileSystem' to resource group 'RepoAttachments'
23:34:39: Creating resource group Content
23:34:39: Added resource location '/Users/beshoyhanna/Development/rigs-of-rods/build-macos-ogre14-roadmap/cw2-shadow-installed-53b7ae5f1-run1/pssm/work/scene-home/Library/Application Support/Rigs of Rods/mods' of type 'FileSystem' to resource group 'Content'
23:34:39: Added resource location '/Users/beshoyhanna/Development/rigs-of-rods/build-macos-ogre14-roadmap/cw2-shadow-installed-53b7ae5f1-run1/pssm/work/scene-home/Library/Application Support/Rigs of Rods/packs' of type 'FileSystem' to resource group 'Content'
23:34:39: Added resource location '/Users/beshoyhanna/Development/rigs-of-rods/build-macos-ogre14-roadmap/cw2-shadow-installed-53b7ae5f1-run1/pssm/work/scene-home/Library/Application Support/Rigs of Rods/terrains' of type 'FileSystem' to resource group 'Content'
23:34:39: Added resource location '/Users/beshoyhanna/Development/rigs-of-rods/build-macos-ogre14-roadmap/cw2-shadow-installed-53b7ae5f1-run1/pssm/work/scene-home/Library/Application Support/Rigs of Rods/vehicles' of type 'FileSystem' to resource group 'Content'
23:34:39: Added resource location '/Users/beshoyhanna/Development/rigs-of-rods/build-macos-ogre14-roadmap/cw2-shadow-installed-53b7ae5f1-run1/pssm/work/scene-home/Library/Application Support/Rigs of Rods/projects' of type 'FileSystem' to resource group 'Content'
23:34:39: Added resource location '/Applications/RoR.app/Contents/MacOS/content' of type 'FileSystem' to resource group 'Content'
23:34:39: Added resource location '/Applications/RoR.app/Contents/MacOS/resources/beamobjects.zip' of type 'Zip' to resource group 'Content'
23:34:39: Added resource location '/Applications/RoR.app/Contents/MacOS/resources/dashboards.zip' of type 'Zip' to resource group 'Content'
23:34:39: Added resource location '/Applications/RoR.app/Contents/MacOS/resources/gadgets.zip' of type 'Zip' to resource group 'Content'
23:34:39: Creating resource group Temp
23:34:39: Added resource location '/Users/beshoyhanna/Development/rigs-of-rods/build-macos-ogre14-roadmap/cw2-shadow-installed-53b7ae5f1-run1/pssm/work/scene-home/Library/Application Support/Rigs of Rods/mods' of type 'FileSystem' to resource group 'Temp' with recursive option
23:34:39: Added resource location '/Users/beshoyhanna/Development/rigs-of-rods/build-macos-ogre14-roadmap/cw2-shadow-installed-53b7ae5f1-run1/pssm/work/scene-home/Library/Application Support/Rigs of Rods/packs' of type 'FileSystem' to resource group 'Temp' with recursive option
23:34:39: Added resource location '/Users/beshoyhanna/Development/rigs-of-rods/build-macos-ogre14-roadmap/cw2-shadow-installed-53b7ae5f1-run1/pssm/work/scene-home/Library/Application Support/Rigs of Rods/terrains' of type 'FileSystem' to resource group 'Temp' with recursive option
23:34:39: Added resource location '/Users/beshoyhanna/Development/rigs-of-rods/build-macos-ogre14-roadmap/cw2-shadow-installed-53b7ae5f1-run1/pssm/work/scene-home/Library/Application Support/Rigs of Rods/vehicles' of type 'FileSystem' to resource group 'Temp' with recursive option
23:34:39: Added resource location '/Users/beshoyhanna/Development/rigs-of-rods/build-macos-ogre14-roadmap/cw2-shadow-installed-53b7ae5f1-run1/pssm/work/scene-home/Library/Application Support/Rigs of Rods/projects' of type 'FileSystem' to resource group 'Temp' with recursive option
23:34:39: Added resource location '/Applications/RoR.app/Contents/MacOS/content' of type 'FileSystem' to resource group 'Temp' with recursive option
23:34:39: Destroying resource group Temp
23:34:39: Unloading resource group Temp
23:34:39: Finished unloading resource group Temp
23:34:39: [RoR|ModCache] Performing update ...
23:34:39: [RoR|ModCache] Error, cache file still invalid after check/update, content selector will be empty.
23:34:39: [RoR|PleaseWaitUI] <0%> Loading zips in group Content
cityworld-next-gateway-runtime.zip
1/4
23:34:39: [RoR|ModCache] Adding archive '/Users/beshoyhanna/Development/rigs-of-rods/build-macos-ogre14-roadmap/cw2-shadow-installed-53b7ae5f1-run1/pssm/work/scene-home/Library/Application Support/Rigs of Rods/mods/cityworld-next-gateway-runtime.zip'
23:34:39: Creating resource group Temp
23:34:39: Added resource location '/Users/beshoyhanna/Development/rigs-of-rods/build-macos-ogre14-roadmap/cw2-shadow-installed-53b7ae5f1-run1/pssm/work/scene-home/Library/Application Support/Rigs of Rods/mods/cityworld-next-gateway-runtime.zip' of type 'Zip' to resource group 'Temp'
23:34:39: [RoR|ModCache] Preparing to add file 'cityworld_gateway_runtime.terrn2'
23:34:39: Destroying resource group Temp
23:34:39: Unloading resource group Temp
23:34:39: Finished unloading resource group Temp
23:34:39: [RoR|PleaseWaitUI] <25%> Loading zips in group Content
simple2-terrain.zip
2/4
23:34:39: [RoR|ModCache] Adding archive '/Applications/RoR.app/Contents/MacOS/content/simple2-terrain.zip'
23:34:39: Creating resource group Temp
23:34:39: Added resource location '/Applications/RoR.app/Contents/MacOS/content/simple2-terrain.zip' of type 'Zip' to resource group 'Temp'
23:34:39: [RoR|ModCache] Preparing to add file 'simple2.terrn2'
23:34:39: done generating file cache!
23:34:39: [RoR|ModCache] Preparing to add file 'simple2_a.terrn2'
23:34:39: done generating file cache!
23:34:39: [RoR|ModCache] Preparing to add file 'simple2_w.terrn2'
23:34:39: done generating file cache!
23:34:39: Destroying resource group Temp
23:34:39: Unloading resource group Temp
23:34:39: Finished unloading resource group Temp
23:34:39: [RoR|PleaseWaitUI] <50%> Loading zips in group Content
agora.zip
3/4
23:34:39: [RoR|ModCache] Adding archive '/Applications/RoR.app/Contents/MacOS/content/agora.zip'
23:34:39: Creating resource group Temp
23:34:39: Added resource location '/Applications/RoR.app/Contents/MacOS/content/agora.zip' of type 'Zip' to resource group 'Temp'
23:34:39: [RoR|ModCache] Preparing to add file '95bbUID-agoral.truck'
23:34:39: done generating file cache!
23:34:39: [RoR|ModCache] Preparing to add file '95bbUID-agoras.truck'
23:34:39: done generating file cache!
23:34:39: Destroying resource group Temp
23:34:39: Unloading resource group Temp
23:34:39: Finished unloading resource group Temp
23:34:39: [RoR|PleaseWaitUI] <75%> Loading zips in group Content
dafsemi.zip
4/4
23:34:39: [RoR|ModCache] Adding archive '/Applications/RoR.app/Contents/MacOS/content/dafsemi.zip'
23:34:39: Creating resource group Temp
23:34:39: Added resource location '/Applications/RoR.app/Contents/MacOS/content/dafsemi.zip' of type 'Zip' to resource group 'Temp'
23:34:39: [RoR|ModCache] Preparing to add file 'b6b0UID-semi.truck'
23:34:39: done generating file cache!
23:34:39: [RoR|ModCache] Preparing to add file 'b6b0UID-semi.trailer'
23:34:39: done generating file cache!
23:34:39: [RoR|ModCache] Preparing to add file 'b6b0UID-semiflat.trailer'
23:34:39: done generating file cache!
23:34:39: Destroying resource group Temp
23:34:39: Unloading resource group Temp
23:34:39: Finished unloading resource group Temp
23:34:39: [RoR|ModCache] Preparing to add file 'rail1tPnt190r634dL.fixed'
23:34:39: [RoR|ModCache] Preparing to add file 'rail1tPnt190r634dLi.fixed'
23:34:39: [RoR|ModCache] Preparing to add file 'rail1tPnt190r634dR.fixed'
23:34:39: [RoR|ModCache] Preparing to add file 'rail1tPnt190r634dRi.fixed'
23:34:39: [RoR|ModCache] Preparing to add file 'rail1tPnt190r634dtri.fixed'
23:34:39: [RoR|ModCache] Preparing to add file 'rail1tgerbuf.fixed'
23:34:39: [RoR|ModCache] Preparing to add file 'default_boat.dashboard'
23:34:39: done generating file cache!
23:34:39: [RoR|ModCache] Preparing to add file 'default_truck_analog.dashboard'
23:34:39: done generating file cache!
23:34:39: [RoR|ModCache] Preparing to add file 'default_truck_digital.dashboard'
23:34:39: done generating file cache!
23:34:39: [RoR|ModCache] Preparing to add file 'rdd_classic.dashboard'
23:34:39: done generating file cache!
23:34:39: [RoR|ModCache] Preparing to add file 'engine_tool.gadget'
23:34:39: done generating file cache!
23:34:39: [RoR|ModCache] Preparing to add file 'odef_browser.gadget'
23:34:39: done generating file cache!
23:34:39: [RoR|ModCache] Preparing to add file 'ogre_inspector.gadget'
23:34:39: done generating file cache!
23:34:39: [RoR|ModCache] Preparing to add file 'overlay_editor.gadget'
23:34:39: done generating file cache!
23:34:39: [RoR|ModCache] Preparing to add file 'rig_editor.gadget'
23:34:39: done generating file cache!
23:34:39: [RoR|ModCache] Preparing to add file 'road_editor.gadget'
23:34:39: done generating file cache!
23:34:39: [RoR|ModCache] Preparing to add file 'script_editor.gadget'
23:34:39: done generating file cache!
23:34:39: [RoR|ModCache] Preparing to add file 'shock_tool.gadget'
23:34:39: done generating file cache!
23:34:39: [RoR|ModCache] Preparing to add file 'terrn_batcher.gadget'
23:34:39: done generating file cache!
23:34:39: [RoR|ModCache] Preparing to add file 'walkie_talkie.gadget'
23:34:39: done generating file cache!
23:34:39: [RoR|ModCache] Searching for duplicates ...
23:34:39: [RoR|ModCache] File 'mods.cache' written OK
23:34:39: [RoR|ModCache] Cache loaded
23:34:39: Destroying resource group Content
23:34:39: Unloading resource group Content
23:34:39: Finished unloading resource group Content
23:34:39: [RoR|PleaseWaitUI] <5%> Loading resources
23:34:39: [RoR|ContentManager] Loading resource pack "airfoils" to group "AirfoilsRG" (ZIP archive)
23:34:39: Creating resource group AirfoilsRG
23:34:39: Added resource location '/Applications/RoR.app/Contents/MacOS/resources/airfoils.zip' of type 'Zip' to resource group 'AirfoilsRG'
23:34:39: Initialising resource group AirfoilsRG
23:34:39: Parsing scripts for resource group AirfoilsRG
23:34:39: Finished parsing scripts for resource group AirfoilsRG
23:34:39: Creating resources for group AirfoilsRG
23:34:39: All done
23:34:39: [RoR|ContentManager] Loading resource pack "textures" to group "TexturesRG" (ZIP archive)
23:34:39: Creating resource group TexturesRG
23:34:39: Added resource location '/Applications/RoR.app/Contents/MacOS/resources/textures.zip' of type 'Zip' to resource group 'TexturesRG'
23:34:39: Initialising resource group TexturesRG
23:34:39: Parsing scripts for resource group TexturesRG
23:34:39: Finished parsing scripts for resource group TexturesRG
23:34:39: Creating resources for group TexturesRG
23:34:39: All done
23:34:39: [RoR|ContentManager] Loading resource pack "famicons" to group "FamiconsRG" (ZIP archive)
23:34:39: Creating resource group FamiconsRG
23:34:39: Added resource location '/Applications/RoR.app/Contents/MacOS/resources/famicons.zip' of type 'Zip' to resource group 'FamiconsRG'
23:34:39: Initialising resource group FamiconsRG
23:34:39: Parsing scripts for resource group FamiconsRG
23:34:39: Finished parsing scripts for resource group FamiconsRG
23:34:39: Creating resources for group FamiconsRG
23:34:39: All done
23:34:39: [RoR|ContentManager] Loading resource pack "materials" to group "MaterialsRG" (ZIP archive)
23:34:39: Creating resource group MaterialsRG
23:34:39: Added resource location '/Applications/RoR.app/Contents/MacOS/resources/materials.zip' of type 'Zip' to resource group 'MaterialsRG'
23:34:39: Initialising resource group MaterialsRG
23:34:39: Parsing scripts for resource group MaterialsRG
23:34:39: Parsing script general.program
23:34:39: Parsing script nicemetal.program
23:34:39: Parsing script character.material
23:34:39: Warning: ScriptCompiler - deprecated symbol in managed_mats.material(13): texture_alias. Use 'texture $variable'
23:34:39: Parsing script eurosigns.material
23:34:39: Warning: ScriptCompiler - deprecated symbol in managed_mats.material(13): texture_alias. Use 'texture $variable'
23:34:39: Warning: ScriptCompiler - deprecated symbol in managed_mats.material(13): texture_alias. Use 'texture $variable'
23:34:39: Warning: ScriptCompiler - deprecated symbol in managed_mats.material(13): texture_alias. Use 'texture $variable'
23:34:39: Warning: ScriptCompiler - deprecated symbol in managed_mats.material(13): texture_alias. Use 'texture $variable'
23:34:39: Warning: ScriptCompiler - deprecated symbol in managed_mats.material(13): texture_alias. Use 'texture $variable'
23:34:39: Warning: ScriptCompiler - deprecated symbol in managed_mats.material(13): texture_alias. Use 'texture $variable'
23:34:39: Warning: ScriptCompiler - deprecated symbol in managed_mats.material(13): texture_alias. Use 'texture $variable'
23:34:39: Warning: ScriptCompiler - deprecated symbol in managed_mats.material(13): texture_alias. Use 'texture $variable'
23:34:39: Warning: ScriptCompiler - deprecated symbol in managed_mats.material(13): texture_alias. Use 'texture $variable'
23:34:39: Warning: ScriptCompiler - deprecated symbol in managed_mats.material(13): texture_alias. Use 'texture $variable'
23:34:39: Warning: ScriptCompiler - deprecated symbol in managed_mats.material(13): texture_alias. Use 'texture $variable'
23:34:39: Warning: ScriptCompiler - deprecated symbol in managed_mats.material(13): texture_alias. Use 'texture $variable'
23:34:39: Warning: ScriptCompiler - deprecated symbol in managed_mats.material(13): texture_alias. Use 'texture $variable'
23:34:39: Warning: ScriptCompiler - deprecated symbol in managed_mats.material(13): texture_alias. Use 'texture $variable'
23:34:39: Warning: ScriptCompiler - deprecated symbol in managed_mats.material(13): texture_alias. Use 'texture $variable'
23:34:39: Warning: ScriptCompiler - deprecated symbol in managed_mats.material(13): texture_alias. Use 'texture $variable'
23:34:39: Warning: ScriptCompiler - deprecated symbol in managed_mats.material(13): texture_alias. Use 'texture $variable'
23:34:39: Warning: ScriptCompiler - deprecated symbol in managed_mats.material(13): texture_alias. Use 'texture $variable'
23:34:39: Warning: ScriptCompiler - deprecated symbol in managed_mats.material(13): texture_alias. Use 'texture $variable'
23:34:39: Warning: ScriptCompiler - deprecated symbol in managed_mats.material(13): texture_alias. Use 'texture $variable'
23:34:39: Warning: ScriptCompiler - deprecated symbol in managed_mats.material(13): texture_alias. Use 'texture $variable'
23:34:39: Warning: ScriptCompiler - deprecated symbol in managed_mats.material(13): texture_alias. Use 'texture $variable'
23:34:39: Warning: ScriptCompiler - deprecated symbol in managed_mats.material(13): texture_alias. Use 'texture $variable'
23:34:39: Warning: ScriptCompiler - deprecated symbol in managed_mats.material(13): texture_alias. Use 'texture $variable'
23:34:39: Warning: ScriptCompiler - deprecated symbol in managed_mats.material(13): texture_alias. Use 'texture $variable'
23:34:39: Warning: ScriptCompiler - deprecated symbol in managed_mats.material(13): texture_alias. Use 'texture $variable'
23:34:39: Warning: ScriptCompiler - deprecated symbol in managed_mats.material(13): texture_alias. Use 'texture $variable'
23:34:39: Warning: ScriptCompiler - deprecated symbol in managed_mats.material(13): texture_alias. Use 'texture $variable'
23:34:39: Warning: ScriptCompiler - deprecated symbol in managed_mats.material(13): texture_alias. Use 'texture $variable'
23:34:39: Warning: ScriptCompiler - deprecated symbol in managed_mats.material(13): texture_alias. Use 'texture $variable'
23:34:39: Warning: ScriptCompiler - deprecated symbol in managed_mats.material(13): texture_alias. Use 'texture $variable'
23:34:39: Warning: ScriptCompiler - deprecated symbol in managed_mats.material(13): texture_alias. Use 'texture $variable'
23:34:39: Warning: ScriptCompiler - deprecated symbol in managed_mats.material(13): texture_alias. Use 'texture $variable'
23:34:39: Warning: ScriptCompiler - deprecated symbol in managed_mats.material(13): texture_alias. Use 'texture $variable'
23:34:39: Warning: ScriptCompiler - deprecated symbol in managed_mats.material(13): texture_alias. Use 'texture $variable'
23:34:39: Warning: ScriptCompiler - deprecated symbol in managed_mats.material(13): texture_alias. Use 'texture $variable'
23:34:39: Warning: ScriptCompiler - deprecated symbol in managed_mats.material(13): texture_alias. Use 'texture $variable'
23:34:39: Warning: ScriptCompiler - deprecated symbol in managed_mats.material(13): texture_alias. Use 'texture $variable'
23:34:39: Warning: ScriptCompiler - deprecated symbol in managed_mats.material(13): texture_alias. Use 'texture $variable'
23:34:39: Warning: ScriptCompiler - deprecated symbol in managed_mats.material(13): texture_alias. Use 'texture $variable'
23:34:39: Warning: ScriptCompiler - deprecated symbol in managed_mats.material(13): texture_alias. Use 'texture $variable'
23:34:39: Warning: ScriptCompiler - deprecated symbol in managed_mats.material(13): texture_alias. Use 'texture $variable'
23:34:39: Warning: ScriptCompiler - deprecated symbol in managed_mats.material(13): texture_alias. Use 'texture $variable'
23:34:39: Warning: ScriptCompiler - deprecated symbol in managed_mats.material(13): texture_alias. Use 'texture $variable'
23:34:39: Warning: ScriptCompiler - deprecated symbol in managed_mats.material(13): texture_alias. Use 'texture $variable'
23:34:39: Warning: ScriptCompiler - deprecated symbol in managed_mats.material(13): texture_alias. Use 'texture $variable'
23:34:39: Warning: ScriptCompiler - deprecated symbol in managed_mats.material(13): texture_alias. Use 'texture $variable'
23:34:39: Warning: ScriptCompiler - deprecated symbol in managed_mats.material(13): texture_alias. Use 'texture $variable'
23:34:39: Warning: ScriptCompiler - deprecated symbol in managed_mats.material(13): texture_alias. Use 'texture $variable'
23:34:39: Warning: ScriptCompiler - deprecated symbol in managed_mats.material(13): texture_alias. Use 'texture $variable'
23:34:39: Warning: ScriptCompiler - deprecated symbol in managed_mats.material(13): texture_alias. Use 'texture $variable'
23:34:39: Warning: ScriptCompiler - deprecated symbol in managed_mats.material(13): texture_alias. Use 'texture $variable'
23:34:39: Warning: ScriptCompiler - deprecated symbol in managed_mats.material(13): texture_alias. Use 'texture $variable'
23:34:39: Warning: ScriptCompiler - deprecated symbol in managed_mats.material(13): texture_alias. Use 'texture $variable'
23:34:39: Warning: ScriptCompiler - deprecated symbol in managed_mats.material(13): texture_alias. Use 'texture $variable'
23:34:39: Warning: ScriptCompiler - deprecated symbol in managed_mats.material(13): texture_alias. Use 'texture $variable'
23:34:39: Warning: ScriptCompiler - deprecated symbol in managed_mats.material(13): texture_alias. Use 'texture $variable'
23:34:39: Warning: ScriptCompiler - deprecated symbol in managed_mats.material(13): texture_alias. Use 'texture $variable'
23:34:39: Warning: ScriptCompiler - deprecated symbol in managed_mats.material(13): texture_alias. Use 'texture $variable'
23:34:39: Warning: ScriptCompiler - deprecated symbol in managed_mats.material(13): texture_alias. Use 'texture $variable'
23:34:39: Warning: ScriptCompiler - deprecated symbol in managed_mats.material(13): texture_alias. Use 'texture $variable'
23:34:39: Warning: ScriptCompiler - deprecated symbol in managed_mats.material(13): texture_alias. Use 'texture $variable'
23:34:39: Warning: ScriptCompiler - deprecated symbol in managed_mats.material(13): texture_alias. Use 'texture $variable'
23:34:39: Warning: ScriptCompiler - deprecated symbol in managed_mats.material(13): texture_alias. Use 'texture $variable'
23:34:39: Warning: ScriptCompiler - deprecated symbol in managed_mats.material(13): texture_alias. Use 'texture $variable'
23:34:39: Warning: ScriptCompiler - deprecated symbol in managed_mats.material(13): texture_alias. Use 'texture $variable'
23:34:39: Warning: ScriptCompiler - deprecated symbol in managed_mats.material(13): texture_alias. Use 'texture $variable'
23:34:39: Warning: ScriptCompiler - deprecated symbol in managed_mats.material(13): texture_alias. Use 'texture $variable'
23:34:39: Warning: ScriptCompiler - deprecated symbol in managed_mats.material(13): texture_alias. Use 'texture $variable'
23:34:39: Warning: ScriptCompiler - deprecated symbol in managed_mats.material(13): texture_alias. Use 'texture $variable'
23:34:39: Warning: ScriptCompiler - deprecated symbol in managed_mats.material(13): texture_alias. Use 'texture $variable'
23:34:39: Warning: ScriptCompiler - deprecated symbol in managed_mats.material(13): texture_alias. Use 'texture $variable'
23:34:39: Warning: ScriptCompiler - deprecated symbol in managed_mats.material(13): texture_alias. Use 'texture $variable'
23:34:39: Warning: ScriptCompiler - deprecated symbol in managed_mats.material(13): texture_alias. Use 'texture $variable'
23:34:39: Warning: ScriptCompiler - deprecated symbol in managed_mats.material(13): texture_alias. Use 'texture $variable'
23:34:39: Warning: ScriptCompiler - deprecated symbol in managed_mats.material(13): texture_alias. Use 'texture $variable'
23:34:39: Parsing script ferryslip.material
23:34:39: Parsing script floatingdocks.material
23:34:39: Parsing script fresnel.material
23:34:39: Warning: ScriptCompiler - deprecated symbol in fresnel.material(20): asm. Use syntax code.
23:34:39: Warning: ScriptCompiler - deprecated symbol in fresnel.material(37): cull_software. Only used by the BSP scene manager.
23:34:39: Error: ScriptCompiler - invalid parameters in fresnel.material(70): overriding previous declarations of texture 'Reflection' with different parameters
23:34:39: Error: ScriptCompiler - invalid parameters in fresnel.material(79): overriding previous declarations of texture 'Refraction' with different parameters
23:34:39: Warning: ScriptCompiler - deprecated symbol in fresnel.material(100): cull_software. Only used by the BSP scene manager.
23:34:39: Parsing script general.material
23:34:39: Warning: ScriptCompiler - deprecated symbol in general.material(308): 'cubic_texture ..'. Use 'texture .. cubic' instead.
23:34:39: Warning: ScriptCompiler - deprecated symbol in general.material(376): 'cubic_texture ..'. Use 'texture .. cubic' instead.
23:34:39: Parsing script grass.material
23:34:39: Parsing script hangar.material
23:34:39: Warning: ScriptCompiler - deprecated symbol in managed_mats.material(13): texture_alias. Use 'texture $variable'
23:34:39: Warning: ScriptCompiler - deprecated symbol in hangar.material(5): set_texture_alias. Use 'set $variable value'
23:34:39: Warning: ScriptCompiler - deprecated symbol in managed_mats.material(83): cull_software. Only used by the BSP scene manager.
23:34:39: Warning: ScriptCompiler - deprecated symbol in managed_mats.material(86): texture_alias. Use 'texture $variable'
23:34:39: Warning: ScriptCompiler - deprecated symbol in hangar.material(9): set_texture_alias. Use 'set $variable value'
23:34:39: Warning: ScriptCompiler - deprecated symbol in managed_mats.material(13): texture_alias. Use 'texture $variable'
23:34:39: Warning: ScriptCompiler - deprecated symbol in hangar.material(14): set_texture_alias. Use 'set $variable value'
23:34:39: Parsing script largedocks.material
23:34:39: Warning: ScriptCompiler - deprecated symbol in managed_mats.material(13): texture_alias. Use 'texture $variable'
23:34:39: Warning: ScriptCompiler - deprecated symbol in largedocks.material(5): set_texture_alias. Use 'set $variable value'
23:34:39: Parsing script load-spawner.material
23:34:39: Warning: ScriptCompiler - deprecated symbol in managed_mats.material(13): texture_alias. Use 'texture $variable'
23:34:39: Parsing script marina.material
23:34:39: Warning: ScriptCompiler - deprecated symbol in managed_mats.material(13): texture_alias. Use 'texture $variable'
23:34:39: Warning: ScriptCompiler - deprecated symbol in marina.material(5): set_texture_alias. Use 'set $variable value'
23:34:39: Parsing script open-truck-spawner.material
23:34:39: Warning: ScriptCompiler - deprecated symbol in managed_mats.material(13): texture_alias. Use 'texture $variable'
23:34:39: Parsing script ror.material
23:34:39: Warning: ScriptCompiler - deprecated symbol in ror.material(40): cull_software. Only used by the BSP scene manager.
23:34:39: Warning: ScriptCompiler - deprecated symbol in ror.material(59): cull_software. Only used by the BSP scene manager.
23:34:39: Warning: ScriptCompiler - deprecated symbol in managed_mats.material(13): texture_alias. Use 'texture $variable'
23:34:39: Warning: ScriptCompiler - deprecated symbol in ror.material(72): set_texture_alias. Use 'set $variable value'
23:34:39: Warning: ScriptCompiler - deprecated symbol in ror.material(221): cull_software. Only used by the BSP scene manager.
23:34:39: Warning: ScriptCompiler - deprecated symbol in ror.material(226): 'cubic_texture ..'. Use 'texture .. cubic' instead.
23:34:39: Warning: ScriptCompiler - deprecated symbol in ror.material(242): 'cubic_texture ..'. Use 'texture .. cubic' instead.
23:34:39: Warning: ScriptCompiler - deprecated symbol in ror.material(259): 'cubic_texture ..'. Use 'texture .. cubic' instead.
23:34:39: Warning: ScriptCompiler - deprecated symbol in managed_mats.material(13): texture_alias. Use 'texture $variable'
23:34:39: Warning: ScriptCompiler - deprecated symbol in ror.material(1818): set_texture_alias. Use 'set $variable value'
23:34:39: Warning: ScriptCompiler - deprecated symbol in managed_mats.material(13): texture_alias. Use 'texture $variable'
23:34:39: Warning: ScriptCompiler - deprecated symbol in ror.material(1823): set_texture_alias. Use 'set $variable value'
23:34:39: Warning: ScriptCompiler - deprecated symbol in managed_mats.material(13): texture_alias. Use 'texture $variable'
23:34:39: Warning: ScriptCompiler - deprecated symbol in ror.material(1828): set_texture_alias. Use 'set $variable value'
23:34:39: Warning: ScriptCompiler - deprecated symbol in managed_mats.material(13): texture_alias. Use 'texture $variable'
23:34:39: Warning: ScriptCompiler - deprecated symbol in ror.material(1833): set_texture_alias. Use 'set $variable value'
23:34:39: Warning: ScriptCompiler - deprecated symbol in managed_mats.material(13): texture_alias. Use 'texture $variable'
23:34:39: Warning: ScriptCompiler - deprecated symbol in ror.material(1838): set_texture_alias. Use 'set $variable value'
23:34:39: Warning: ScriptCompiler - deprecated symbol in managed_mats.material(13): texture_alias. Use 'texture $variable'
23:34:39: Warning: ScriptCompiler - deprecated symbol in ror.material(1843): set_texture_alias. Use 'set $variable value'
23:34:39: Warning: ScriptCompiler - deprecated symbol in managed_mats.material(13): texture_alias. Use 'texture $variable'
23:34:39: Warning: ScriptCompiler - deprecated symbol in ror.material(1848): set_texture_alias. Use 'set $variable value'
23:34:39: Warning: ScriptCompiler - deprecated symbol in managed_mats.material(13): texture_alias. Use 'texture $variable'
23:34:39: Warning: ScriptCompiler - deprecated symbol in ror.material(1866): set_texture_alias. Use 'set $variable value'
23:34:39: Warning: ScriptCompiler - deprecated symbol in ror.material(1895): cull_software. Only used by the BSP scene manager.
23:34:39: Warning: ScriptCompiler - deprecated symbol in ror.material(1917): 'cubic_texture ..'. Use 'texture .. cubic' instead.
23:34:39: Warning: ScriptCompiler - deprecated symbol in ror.material(1936): 'cubic_texture ..'. Use 'texture .. cubic' instead.
23:34:39: Warning: ScriptCompiler - deprecated symbol in ror.material(1955): 'cubic_texture ..'. Use 'texture .. cubic' instead.
23:34:39: Warning: ScriptCompiler - deprecated symbol in ror.material(1974): 'cubic_texture ..'. Use 'texture .. cubic' instead.
23:34:39: Warning: ScriptCompiler - deprecated symbol in managed_mats.material(13): texture_alias. Use 'texture $variable'
23:34:39: Warning: ScriptCompiler - deprecated symbol in ror.material(2013): set_texture_alias. Use 'set $variable value'
23:34:39: Warning: ScriptCompiler - deprecated symbol in ror.material(2114): cull_software. Only used by the BSP scene manager.
23:34:39: Warning: ScriptCompiler - deprecated symbol in ror.material(2170): cull_software. Only used by the BSP scene manager.
23:34:39: Warning: ScriptCompiler - deprecated symbol in ror.material(2840): cull_software. Only used by the BSP scene manager.
23:34:39: Warning: ScriptCompiler - deprecated symbol in ror.material(2854): cull_software. Only used by the BSP scene manager.
23:34:39: Warning: ScriptCompiler - deprecated symbol in ror.material(2876): cull_software. Only used by the BSP scene manager.
23:34:39: Warning: ScriptCompiler - deprecated symbol in ror.material(2891): cull_software. Only used by the BSP scene manager.
23:34:39: Parsing script runway.material
23:34:39: Warning: ScriptCompiler - deprecated symbol in managed_mats.material(13): texture_alias. Use 'texture $variable'
23:34:39: Warning: ScriptCompiler - deprecated symbol in managed_mats.material(13): texture_alias. Use 'texture $variable'
23:34:39: Warning: ScriptCompiler - deprecated symbol in managed_mats.material(13): texture_alias. Use 'texture $variable'
23:34:39: Warning: ScriptCompiler - deprecated symbol in managed_mats.material(13): texture_alias. Use 'texture $variable'
23:34:39: Warning: ScriptCompiler - deprecated symbol in managed_mats.material(13): texture_alias. Use 'texture $variable'
23:34:39: Warning: ScriptCompiler - deprecated symbol in managed_mats.material(13): texture_alias. Use 'texture $variable'
23:34:39: Warning: ScriptCompiler - deprecated symbol in managed_mats.material(13): texture_alias. Use 'texture $variable'
23:34:39: Warning: ScriptCompiler - deprecated symbol in managed_mats.material(13): texture_alias. Use 'texture $variable'
23:34:39: Warning: ScriptCompiler - deprecated symbol in managed_mats.material(13): texture_alias. Use 'texture $variable'
23:34:39: Warning: ScriptCompiler - deprecated symbol in managed_mats.material(13): texture_alias. Use 'texture $variable'
23:34:39: Warning: ScriptCompiler - deprecated symbol in managed_mats.material(13): texture_alias. Use 'texture $variable'
23:34:39: Warning: ScriptCompiler - deprecated symbol in managed_mats.material(13): texture_alias. Use 'texture $variable'
23:34:39: Warning: ScriptCompiler - deprecated symbol in managed_mats.material(13): texture_alias. Use 'texture $variable'
23:34:39: Warning: ScriptCompiler - deprecated symbol in managed_mats.material(13): texture_alias. Use 'texture $variable'
23:34:39: Warning: ScriptCompiler - deprecated symbol in managed_mats.material(13): texture_alias. Use 'texture $variable'
23:34:39: Warning: ScriptCompiler - deprecated symbol in managed_mats.material(13): texture_alias. Use 'texture $variable'
23:34:39: Warning: ScriptCompiler - deprecated symbol in managed_mats.material(13): texture_alias. Use 'texture $variable'
23:34:39: Warning: ScriptCompiler - deprecated symbol in managed_mats.material(13): texture_alias. Use 'texture $variable'
23:34:39: Warning: ScriptCompiler - deprecated symbol in managed_mats.material(13): texture_alias. Use 'texture $variable'
23:34:39: Warning: ScriptCompiler - deprecated symbol in managed_mats.material(13): texture_alias. Use 'texture $variable'
23:34:39: Warning: ScriptCompiler - deprecated symbol in managed_mats.material(13): texture_alias. Use 'texture $variable'
23:34:39: Warning: ScriptCompiler - deprecated symbol in managed_mats.material(13): texture_alias. Use 'texture $variable'
23:34:39: Warning: ScriptCompiler - deprecated symbol in managed_mats.material(13): texture_alias. Use 'texture $variable'
23:34:39: Warning: ScriptCompiler - deprecated symbol in managed_mats.material(13): texture_alias. Use 'texture $variable'
23:34:39: Warning: ScriptCompiler - deprecated symbol in managed_mats.material(13): texture_alias. Use 'texture $variable'
23:34:39: Warning: ScriptCompiler - deprecated symbol in managed_mats.material(13): texture_alias. Use 'texture $variable'
23:34:39: Warning: ScriptCompiler - deprecated symbol in managed_mats.material(13): texture_alias. Use 'texture $variable'
23:34:39: Warning: ScriptCompiler - deprecated symbol in managed_mats.material(13): texture_alias. Use 'texture $variable'
23:34:39: Warning: ScriptCompiler - deprecated symbol in managed_mats.material(13): texture_alias. Use 'texture $variable'
23:34:39: Warning: ScriptCompiler - deprecated symbol in managed_mats.material(13): texture_alias. Use 'texture $variable'
23:34:39: Warning: ScriptCompiler - deprecated symbol in managed_mats.material(13): texture_alias. Use 'texture $variable'
23:34:39: Warning: ScriptCompiler - deprecated symbol in managed_mats.material(13): texture_alias. Use 'texture $variable'
23:34:39: Warning: ScriptCompiler - deprecated symbol in managed_mats.material(13): texture_alias. Use 'texture $variable'
23:34:39: Warning: ScriptCompiler - deprecated symbol in managed_mats.material(13): texture_alias. Use 'texture $variable'
23:34:39: Warning: ScriptCompiler - deprecated symbol in managed_mats.material(13): texture_alias. Use 'texture $variable'
23:34:39: Warning: ScriptCompiler - deprecated symbol in managed_mats.material(13): texture_alias. Use 'texture $variable'
23:34:39: Warning: ScriptCompiler - deprecated symbol in managed_mats.material(13): texture_alias. Use 'texture $variable'
23:34:39: Warning: ScriptCompiler - deprecated symbol in managed_mats.material(13): texture_alias. Use 'texture $variable'
23:34:39: Warning: ScriptCompiler - deprecated symbol in managed_mats.material(13): texture_alias. Use 'texture $variable'
23:34:39: Warning: ScriptCompiler - deprecated symbol in managed_mats.material(13): texture_alias. Use 'texture $variable'
23:34:39: Parsing script trafficlights.material
23:34:39: Warning: ScriptCompiler - deprecated symbol in managed_mats.material(13): texture_alias. Use 'texture $variable'
23:34:39: Warning: ScriptCompiler - deprecated symbol in managed_mats.material(13): texture_alias. Use 'texture $variable'
23:34:39: Warning: ScriptCompiler - deprecated symbol in managed_mats.material(13): texture_alias. Use 'texture $variable'
23:34:39: Parsing script train_platform.material
23:34:39: Warning: ScriptCompiler - deprecated symbol in managed_mats.material(13): texture_alias. Use 'texture $variable'
23:34:39: Warning: ScriptCompiler - deprecated symbol in managed_mats.material(13): texture_alias. Use 'texture $variable'
23:34:39: Parsing script train_rails.material
23:34:39: Warning: ScriptCompiler - deprecated symbol in managed_mats.material(13): texture_alias. Use 'texture $variable'
23:34:39: Warning: ScriptCompiler - deprecated symbol in train_rails.material(38): set_texture_alias. Use 'set $variable value'
23:34:39: Warning: ScriptCompiler - deprecated symbol in managed_mats.material(13): texture_alias. Use 'texture $variable'
23:34:39: Warning: ScriptCompiler - deprecated symbol in train_rails.material(44): set_texture_alias. Use 'set $variable value'
23:34:39: Warning: ScriptCompiler - deprecated symbol in managed_mats.material(13): texture_alias. Use 'texture $variable'
23:34:39: Warning: ScriptCompiler - deprecated symbol in train_rails.material(50): set_texture_alias. Use 'set $variable value'
23:34:39: Warning: ScriptCompiler - deprecated symbol in managed_mats.material(13): texture_alias. Use 'texture $variable'
23:34:39: Warning: ScriptCompiler - deprecated symbol in train_rails.material(56): set_texture_alias. Use 'set $variable value'
23:34:39: Warning: ScriptCompiler - deprecated symbol in managed_mats.material(13): texture_alias. Use 'texture $variable'
23:34:39: Warning: ScriptCompiler - deprecated symbol in train_rails.material(62): set_texture_alias. Use 'set $variable value'
23:34:39: Warning: ScriptCompiler - deprecated symbol in managed_mats.material(13): texture_alias. Use 'texture $variable'
23:34:39: Warning: ScriptCompiler - deprecated symbol in train_rails.material(68): set_texture_alias. Use 'set $variable value'
23:34:39: Parsing script truckshop.material
23:34:39: Warning: ScriptCompiler - deprecated symbol in managed_mats.material(13): texture_alias. Use 'texture $variable'
23:34:39: Warning: ScriptCompiler - deprecated symbol in truckshop.material(14): set_texture_alias. Use 'set $variable value'
23:34:39: Finished parsing scripts for resource group MaterialsRG
23:34:39: Creating resources for group MaterialsRG
23:34:39: All done
23:34:39: [RoR|ContentManager] Loading resource pack "meshes" to group "MeshesRG" (ZIP archive)
23:34:39: Creating resource group MeshesRG
23:34:39: Added resource location '/Applications/RoR.app/Contents/MacOS/resources/meshes.zip' of type 'Zip' to resource group 'MeshesRG'
23:34:39: Initialising resource group MeshesRG
23:34:39: Parsing scripts for resource group MeshesRG
23:34:39: Parsing script character.material
23:34:39: Finished parsing scripts for resource group MeshesRG
23:34:39: Creating resources for group MeshesRG
23:34:39: All done
23:34:39: [RoR|ContentManager] Loading resource pack "overlays" to group "OverlaysRG" (ZIP archive)
23:34:39: Creating resource group OverlaysRG
23:34:39: Added resource location '/Applications/RoR.app/Contents/MacOS/resources/overlays.zip' of type 'Zip' to resource group 'OverlaysRG'
23:34:39: Initialising resource group OverlaysRG
23:34:39: Parsing scripts for resource group OverlaysRG
23:34:39: Parsing script 3d_dashblend.overlay
23:34:39: Texture 'dashblend.dds': Loading 1 faces(PF_DXT5,128x64x1) with 5 custom mipmaps from Image. Internal format is PF_DXT5,128x64x1.
23:34:39: Warning: force-disabling 'lighting' and 'depth_check' of Material tracks/dashblend for use with OverlayElement tracks/3Dblend
23:34:39: Parsing script 3d_dashboard.overlay
23:34:39: Texture 'dashboard.dds': Loading 1 faces(PF_DXT1,2048x1024x1) with 5 custom mipmaps from Image. Internal format is PF_DXT1,2048x1024x1.
23:34:39: Warning: force-disabling 'lighting' and 'depth_check' of Material tracks/3Duptex for use with OverlayElement tracks/3Duptex
23:34:39: Texture 'tacho.dds': Loading 1 faces(PF_DXT1,256x256x1) with 5 custom mipmaps from Image. Internal format is PF_DXT1,256x256x1.
23:34:39: Warning: force-disabling 'lighting' and 'depth_check' of Material tracks/Tacho for use with OverlayElement tracks/3Dtacho
23:34:39: Texture 'speedo.dds': Loading 1 faces(PF_DXT1,256x256x1) with 5 custom mipmaps from Image. Internal format is PF_DXT1,256x256x1.
23:34:39: Warning: force-disabling 'lighting' and 'depth_check' of Material tracks/Speedo for use with OverlayElement tracks/3Dspeedo
23:34:39: Parsing script 3d_dashboard_needles.overlay
23:34:39: Texture 'redneedle.dds': Loading 1 faces(PF_DXT3,256x256x1) with 5 custom mipmaps from Image. Internal format is PF_DXT3,256x256x1.
23:34:39: Warning: force-disabling 'lighting' and 'depth_check' of Material tracks/tachoneedle_mat for use with OverlayElement tracks/3Dtachoneedle
23:34:39: Warning: force-disabling 'lighting' and 'depth_check' of Material tracks/speedoneedle_mat for use with OverlayElement tracks/3Dspeedoneedle
23:34:39: Warning: ScriptCompiler - deprecated symbol in 3d_dashboard_needles.overlay(30): 'element type(name)'. use 'overlay_element name type'
23:34:39: Warning: ScriptCompiler - deprecated symbol in 3d_dashboard_needles.overlay(49): 'element type(name)'. use 'overlay_element name type'
23:34:39: Warning: ScriptCompiler - deprecated symbol in 3d_dashboard_needles.overlay(68): 'element type(name)'. use 'overlay_element name type'
23:34:39: Warning: ScriptCompiler - deprecated symbol in 3d_dashboard_needles.overlay(87): 'element type(name)'. use 'overlay_element name type'
23:34:39: Warning: ScriptCompiler - deprecated symbol in 3d_dashboard_needles.overlay(106): 'element type(name)'. use 'overlay_element name type'
23:34:39: Warning: ScriptCompiler - deprecated symbol in 3d_dashboard_needles.overlay(125): 'element type(name)'. use 'overlay_element name type'
23:34:39: Parsing script airdashboard.overlay
23:34:39: Texture 'dashbar.dds': Loading 1 faces(PF_DXT1,512x16x1) with 5 custom mipmaps from Image. Internal format is PF_DXT1,512x16x1.
23:34:39: Warning: force-disabling 'lighting' and 'depth_check' of Material tracks/dashbar for use with OverlayElement tracks/airdashbar
23:34:39: Warning: force-disabling 'lighting' and 'depth_check' of Material tracks/black for use with OverlayElement tracks/airdashfiller
23:34:39: Texture 'airspeed.dds': Loading 1 faces(PF_DXT1,256x256x1) with 5 custom mipmaps from Image. Internal format is PF_DXT1,256x256x1.
23:34:39: Warning: force-disabling 'lighting' and 'depth_check' of Material tracks/airspeed for use with OverlayElement tracks/airspeed
23:34:39: Texture 'altimeter.dds': Loading 1 faces(PF_DXT1,256x256x1) with 5 custom mipmaps from Image. Internal format is PF_DXT1,256x256x1.
23:34:39: Warning: force-disabling 'lighting' and 'depth_check' of Material tracks/altimeter for use with OverlayElement tracks/altimeter
23:34:39: Texture 'vvi.dds': Loading 1 faces(PF_DXT1,128x256x1) with 5 custom mipmaps from Image. Internal format is PF_DXT1,128x256x1.
23:34:39: Warning: force-disabling 'lighting' and 'depth_check' of Material tracks/vvi for use with OverlayElement tracks/vvi
23:34:39: Texture 'adi-tape.dds': Loading 1 faces(PF_DXT1,256x256x1) with 5 custom mipmaps from Image. Internal format is PF_DXT1,256x256x1.
23:34:39: Warning: force-disabling 'lighting' and 'depth_check' of Material tracks/adi-tape for use with OverlayElement tracks/adi-tape
23:34:39: Texture 'adi.dds': Loading 1 faces(PF_DXT3,256x256x1) with 5 custom mipmaps from Image. Internal format is PF_DXT3,256x256x1.
23:34:39: Warning: force-disabling 'lighting' and 'depth_check' of Material tracks/adi for use with OverlayElement tracks/adi
23:34:39: Texture 'adi-bugs.dds': Loading 1 faces(PF_DXT3,256x256x1) with 5 custom mipmaps from Image. Internal format is PF_DXT3,256x256x1.
23:34:39: Warning: force-disabling 'lighting' and 'depth_check' of Material tracks/adi-bugs for use with OverlayElement tracks/adi-bugs
23:34:39: Texture 'aoa.dds': Loading 1 faces(PF_DXT1,128x256x1) with 5 custom mipmaps from Image. Internal format is PF_DXT1,128x256x1.
23:34:39: Warning: force-disabling 'lighting' and 'depth_check' of Material tracks/aoa for use with OverlayElement tracks/aoa
23:34:39: Texture 'hsi.dds': Loading 1 faces(PF_DXT1,256x256x1) with 5 custom mipmaps from Image. Internal format is PF_DXT1,256x256x1.
23:34:39: Warning: force-disabling 'lighting' and 'depth_check' of Material tracks/hsi for use with OverlayElement tracks/hsi
23:34:39: Texture 'hsi-rose.dds': Loading 1 faces(PF_DXT3,256x256x1) with 5 custom mipmaps from Image. Internal format is PF_DXT3,256x256x1.
23:34:39: Warning: force-disabling 'lighting' and 'depth_check' of Material tracks/hsi-rose for use with OverlayElement tracks/hsi-rose
23:34:39: Texture 'hsi-bug.dds': Loading 1 faces(PF_DXT3,128x128x1) with 5 custom mipmaps from Image. Internal format is PF_DXT3,128x128x1.
23:34:39: Warning: force-disabling 'lighting' and 'depth_check' of Material tracks/hsi-bug for use with OverlayElement tracks/hsi-bug
23:34:39: Texture 'hsi-v.dds': Loading 1 faces(PF_DXT3,128x128x1) with 5 custom mipmaps from Image. Internal format is PF_DXT3,128x128x1.
23:34:39: Warning: force-disabling 'lighting' and 'depth_check' of Material tracks/hsi-v for use with OverlayElement tracks/hsi-v
23:34:39: Texture 'hsi-h.dds': Loading 1 faces(PF_DXT3,128x128x1) with 5 custom mipmaps from Image. Internal format is PF_DXT3,128x128x1.
23:34:39: Warning: force-disabling 'lighting' and 'depth_check' of Material tracks/hsi-h for use with OverlayElement tracks/hsi-h
23:34:39: Texture 'thrusttrack.dds': Loading 1 faces(PF_DXT1,32x128x1) with 5 custom mipmaps from Image. Internal format is PF_DXT1,32x128x1.
23:34:39: Warning: force-disabling 'lighting' and 'depth_check' of Material tracks/thrusttrack for use with OverlayElement tracks/thrusttrack1
23:34:39: Texture 'engfire-off.dds': Loading 1 faces(PF_DXT1,64x32x1) with 5 custom mipmaps from Image. Internal format is PF_DXT1,64x32x1.
23:34:39: Warning: force-disabling 'lighting' and 'depth_check' of Material tracks/engfire-off for use with OverlayElement tracks/engfire1
23:34:39: Texture 'engstart-off.dds': Loading 1 faces(PF_DXT1,64x32x1) with 5 custom mipmaps from Image. Internal format is PF_DXT1,64x32x1.
23:34:39: Warning: force-disabling 'lighting' and 'depth_check' of Material tracks/engstart-off for use with OverlayElement tracks/engstart1
23:34:39: Texture 'airrpm.dds': Loading 1 faces(PF_DXT1,128x128x1) with 5 custom mipmaps from Image. Internal format is PF_DXT1,128x128x1.
23:34:39: Warning: force-disabling 'lighting' and 'depth_check' of Material tracks/airrpm for use with OverlayElement tracks/airrpm1
23:34:39: Texture 'airpitch.dds': Loading 1 faces(PF_DXT1,128x128x1) with 5 custom mipmaps from Image. Internal format is PF_DXT1,128x128x1.
23:34:39: Warning: force-disabling 'lighting' and 'depth_check' of Material tracks/airpitch for use with OverlayElement tracks/airpitch1
23:34:39: Texture 'airtorque.dds': Loading 1 faces(PF_DXT1,128x128x1) with 5 custom mipmaps from Image. Internal format is PF_DXT1,128x128x1.
23:34:39: Warning: force-disabling 'lighting' and 'depth_check' of Material tracks/airtorque for use with OverlayElement tracks/airtorque1
23:34:39: Texture 'val-bg.dds': Loading 1 faces(PF_DXT1,64x32x1) with 5 custom mipmaps from Image. Internal format is PF_DXT1,64x32x1.
23:34:39: Warning: force-disabling 'lighting' and 'depth_check' of Material tracks/val-bg for use with OverlayElement tracks/ap_hdg_val_bg
23:34:39: Texture 'ap-up.dds': Loading 1 faces(PF_DXT1,64x32x1) with 5 custom mipmaps from Image. Internal format is PF_DXT1,64x32x1.
23:34:39: Warning: force-disabling 'lighting' and 'depth_check' of Material tracks/ap-up for use with OverlayElement tracks/ap_hdg_up
23:34:39: Texture 'ap-dn.dds': Loading 1 faces(PF_DXT1,64x32x1) with 5 custom mipmaps from Image. Internal format is PF_DXT1,64x32x1.
23:34:39: Warning: force-disabling 'lighting' and 'depth_check' of Material tracks/ap-dn for use with OverlayElement tracks/ap_hdg_dn
23:34:39: Texture 'hdg-off.dds': Loading 1 faces(PF_DXT1,64x64x1) with 5 custom mipmaps from Image. Internal format is PF_DXT1,64x64x1.
23:34:39: Warning: force-disabling 'lighting' and 'depth_check' of Material tracks/hdg-off for use with OverlayElement tracks/ap_hdg_but
23:34:39: Texture 'wlv-off.dds': Loading 1 faces(PF_DXT1,64x64x1) with 5 custom mipmaps from Image. Internal format is PF_DXT1,64x64x1.
23:34:39: Warning: force-disabling 'lighting' and 'depth_check' of Material tracks/wlv-off for use with OverlayElement tracks/ap_wlv_but
23:34:39: Texture 'nav-off.dds': Loading 1 faces(PF_DXT1,64x64x1) with 5 custom mipmaps from Image. Internal format is PF_DXT1,64x64x1.
23:34:39: Warning: force-disabling 'lighting' and 'depth_check' of Material tracks/nav-off for use with OverlayElement tracks/ap_nav_but
23:34:39: Texture 'hold-off.dds': Loading 1 faces(PF_DXT1,64x64x1) with 5 custom mipmaps from Image. Internal format is PF_DXT1,64x64x1.
23:34:39: Warning: force-disabling 'lighting' and 'depth_check' of Material tracks/hold-off for use with OverlayElement tracks/ap_alt_but
23:34:39: Texture 'vs-off.dds': Loading 1 faces(PF_DXT1,64x64x1) with 5 custom mipmaps from Image. Internal format is PF_DXT1,64x64x1.
23:34:39: Warning: force-disabling 'lighting' and 'depth_check' of Material tracks/vs-off for use with OverlayElement tracks/ap_vs_but
23:34:39: Texture 'athr-off.dds': Loading 1 faces(PF_DXT1,64x64x1) with 5 custom mipmaps from Image. Internal format is PF_DXT1,64x64x1.
23:34:39: Warning: force-disabling 'lighting' and 'depth_check' of Material tracks/athr-off for use with OverlayElement tracks/ap_ias_but
23:34:39: Texture 'gpws-on.dds': Loading 1 faces(PF_DXT1,64x64x1) with 5 custom mipmaps from Image. Internal format is PF_DXT1,64x64x1.
23:34:39: Warning: force-disabling 'lighting' and 'depth_check' of Material tracks/gpws-on for use with OverlayElement tracks/ap_gpws_but
23:34:39: Texture 'brks-off.dds': Loading 1 faces(PF_DXT1,64x64x1) with 5 custom mipmaps from Image. Internal format is PF_DXT1,64x64x1.
23:34:39: Warning: force-disabling 'lighting' and 'depth_check' of Material tracks/brks-off for use with OverlayElement tracks/ap_brks_but
23:34:39: Parsing script airneedles.overlay
23:34:39: Texture 'thrusthandle.dds': Loading 1 faces(PF_DXT1,32x32x1) with 5 custom mipmaps from Image. Internal format is PF_DXT1,32x32x1.
23:34:39: Warning: force-disabling 'lighting' and 'depth_check' of Material tracks/thrusthandle for use with OverlayElement tracks/thrust1
23:34:39: Texture 'whiteneedle.dds': Loading 1 faces(PF_DXT3,256x256x1) with 5 custom mipmaps from Image. Internal format is PF_DXT3,256x256x1.
23:34:39: Warning: force-disabling 'lighting' and 'depth_check' of Material tracks/airspeedneedle_mat for use with OverlayElement tracks/airspeedneedle
23:34:39: Warning: force-disabling 'lighting' and 'depth_check' of Material tracks/airrpm1needle_mat for use with OverlayElement tracks/airrpm1needle
23:34:39: Warning: force-disabling 'lighting' and 'depth_check' of Material tracks/airrpm2needle_mat for use with OverlayElement tracks/airrpm2needle
23:34:39: Warning: force-disabling 'lighting' and 'depth_check' of Material tracks/airrpm3needle_mat for use with OverlayElement tracks/airrpm3needle
23:34:39: Warning: force-disabling 'lighting' and 'depth_check' of Material tracks/airrpm4needle_mat for use with OverlayElement tracks/airrpm4needle
23:34:39: Warning: force-disabling 'lighting' and 'depth_check' of Material tracks/airpitch1needle_mat for use with OverlayElement tracks/airpitch1needle
23:34:39: Warning: force-disabling 'lighting' and 'depth_check' of Material tracks/airpitch2needle_mat for use with OverlayElement tracks/airpitch2needle
23:34:39: Warning: force-disabling 'lighting' and 'depth_check' of Material tracks/airpitch3needle_mat for use with OverlayElement tracks/airpitch3needle
23:34:39: Warning: force-disabling 'lighting' and 'depth_check' of Material tracks/airpitch4needle_mat for use with OverlayElement tracks/airpitch4needle
23:34:39: Warning: force-disabling 'lighting' and 'depth_check' of Material tracks/airtorque1needle_mat for use with OverlayElement tracks/airtorque1needle
23:34:39: Warning: force-disabling 'lighting' and 'depth_check' of Material tracks/airtorque2needle_mat for use with OverlayElement tracks/airtorque2needle
23:34:39: Warning: force-disabling 'lighting' and 'depth_check' of Material tracks/airtorque3needle_mat for use with OverlayElement tracks/airtorque3needle
23:34:39: Warning: force-disabling 'lighting' and 'depth_check' of Material tracks/airtorque4needle_mat for use with OverlayElement tracks/airtorque4needle
23:34:39: Warning: force-disabling 'lighting' and 'depth_check' of Material tracks/altimeterneedle_mat for use with OverlayElement tracks/altimeterneedle
23:34:39: Warning: force-disabling 'lighting' and 'depth_check' of Material tracks/vvineedle_mat for use with OverlayElement tracks/vvineedle
23:34:39: Warning: force-disabling 'lighting' and 'depth_check' of Material tracks/aoaneedle_mat for use with OverlayElement tracks/aoaneedle
23:34:39: Parsing script boatdashboard.overlay
23:34:39: Texture 'shipsteer_bg.dds': Loading 1 faces(PF_DXT1,256x256x1) with 5 custom mipmaps from Image. Internal format is PF_DXT1,256x256x1.
23:34:39: Warning: force-disabling 'lighting' and 'depth_check' of Material tracks/boatsteer/bg_mat for use with OverlayElement tracks/boatsteer
23:34:39: Texture 'boatspeed.dds': Loading 1 faces(PF_DXT3,256x256x1) with 5 custom mipmaps from Image. Internal format is PF_DXT3,256x256x1.
23:34:39: Warning: force-disabling 'lighting' and 'depth_check' of Material tracks/boatspeed for use with OverlayElement tracks/boatspeed
23:34:39: Texture 'boatdepthmeter.dds': Loading 1 faces(PF_DXT5,256x256x1) with 5 custom mipmaps from Image. Internal format is PF_DXT5,256x256x1.
23:34:39: Warning: force-disabling 'lighting' and 'depth_check' of Material tracks/boatdepthmeter for use with OverlayElement tracks/boatdepthmeter
23:34:39: Texture 'boatthrusttrack.dds': Loading 1 faces(PF_DXT3,32x128x1) with 5 custom mipmaps from Image. Internal format is PF_DXT3,32x128x1.
23:34:39: Warning: force-disabling 'lighting' and 'depth_check' of Material tracks/boatthrusttrack for use with OverlayElement tracks/boatthrusttrack1
23:34:39: Parsing script boatneedles.overlay
23:34:39: Warning: force-disabling 'lighting' and 'depth_check' of Material tracks/boatspeedneedle_mat for use with OverlayElement tracks/boatspeedneedle
23:34:39: Texture 'shipsteer.dds': Loading 1 faces(PF_DXT3,256x256x1) with 5 custom mipmaps from Image. Internal format is PF_DXT3,256x256x1.
23:34:39: Warning: force-disabling 'lighting' and 'depth_check' of Material tracks/boatsteer/fg_mat for use with OverlayElement tracks/boatsteer/fg
23:34:39: Parsing script chat.overlay
23:34:39: Parsing script credits.overlay
23:34:39: Texture 'credits.dds': Loading 1 faces(PF_DXT1,1024x512x1) with 5 custom mipmaps from Image. Internal format is PF_DXT1,1024x512x1.
23:34:39: Warning: force-disabling 'lighting' and 'depth_check' of Material tracks/credits for use with OverlayElement tracks/credits
23:34:39: Parsing script directionarrow.overlay
23:34:39: Warning: force-disabling 'lighting' and 'depth_check' of Material tracks/pointingArrowBackground for use with OverlayElement tracks/DirectionArrow/MainPanel
23:34:39: Parsing script engine.overlay
23:34:39: Texture 'New_Ogre_Border_Center.png': Loading 1 faces(PF_A8R8G8B8,256x128x1) with 5 hardware generated mipmaps from Image. Internal format is PF_A8R8G8B8,256x128x1.
23:34:39: Texture 'New_Ogre_Border.png': Loading 1 faces(PF_A8R8G8B8,256x256x1) with 5 hardware generated mipmaps from Image. Internal format is PF_A8R8G8B8,256x256x1.
23:34:39: Parsing script loader.overlay
23:34:39: Texture 'New_Ogre_Border_Break.png': Loading 1 faces(PF_A8R8G8B8,32x32x1) with 5 hardware generated mipmaps from Image. Internal format is PF_A8R8G8B8,32x32x1.
23:34:39: Warning: force-disabling 'lighting' and 'depth_check' of Material tracks/graytrans for use with OverlayElement tracks/CategoryPanel/ProgressBarBorder
23:34:39: Warning: force-disabling 'lighting' and 'depth_check' of Material tracks/white for use with OverlayElement tracks/CategoryPanel/ProgressBarInner
23:34:39: Texture 'unknown.dds': Loading 1 faces(PF_DXT5,256x256x1) with 5 custom mipmaps from Image. Internal format is PF_DXT5,256x256x1.
23:34:39: Warning: force-disabling 'lighting' and 'depth_check' of Material tracks/Viewer for use with OverlayElement tracks/picture
23:34:39: Parsing script machinedashboard.overlay
23:34:39: Texture 'instructions.dds': Loading 1 faces(PF_DXT1,256x256x1) with 5 custom mipmaps from Image. Internal format is PF_DXT1,256x256x1.
23:34:39: Warning: force-disabling 'lighting' and 'depth_check' of Material tracks/instructions for use with OverlayElement tracks/machineinstructions
23:34:39: Parsing script needles.overlay
23:34:39: Error: ScriptCompiler - no object created in needles.overlay(37): Top level components must be containers, but 'TextArea' is an element
23:34:39: Error: ScriptCompiler - no object created in needles.overlay(55): Top level components must be containers, but 'TextArea' is an element
23:34:39: Error: ScriptCompiler - no object created in needles.overlay(71): Top level components must be containers, but 'TextArea' is an element
23:34:39: Error: ScriptCompiler - no object created in needles.overlay(87): Top level components must be containers, but 'TextArea' is an element
23:34:39: Error: ScriptCompiler - no object created in needles.overlay(103): Top level components must be containers, but 'TextArea' is an element
23:34:39: Error: ScriptCompiler - no object created in needles.overlay(119): Top level components must be containers, but 'TextArea' is an element
23:34:39: Parsing script various.overlay
23:34:39: Texture 'pressure.dds': Loading 1 faces(PF_DXT3,128x128x1) with 5 custom mipmaps from Image. Internal format is PF_DXT3,128x128x1.
23:34:39: Warning: force-disabling 'lighting' and 'depth_check' of Material tracks/pressuremat for use with OverlayElement tracks/pressureo
23:34:39: Warning: force-disabling 'lighting' and 'depth_check' of Material tracks/pressureneedle_mat for use with OverlayElement tracks/pressureneedle
23:34:39: Warning: force-disabling 'lighting' and 'depth_check' of Material tracks/blackFade for use with OverlayElement FadeInOutPanel
23:34:39: Finished parsing scripts for resource group OverlaysRG
23:34:39: Creating resources for group OverlaysRG
23:34:39: All done
23:34:39: [RoR|ContentManager] Loading resource pack "particles" to group "ParticlesRG" (ZIP archive)
23:34:39: Creating resource group ParticlesRG
23:34:39: Added resource location '/Applications/RoR.app/Contents/MacOS/resources/particles.zip' of type 'Zip' to resource group 'ParticlesRG'
23:34:39: Initialising resource group ParticlesRG
23:34:39: Parsing scripts for resource group ParticlesRG
23:34:39: Parsing script particles.material
23:34:39: Parsing script dust.particle
23:34:39: Parsing script mud.particle
23:34:39: Parsing script smoke.particle
23:34:39: Parsing script snow.particle
23:34:39: Parsing script water.particle
23:34:39: Finished parsing scripts for resource group ParticlesRG
23:34:39: Creating resources for group ParticlesRG
23:34:39: All done
23:34:39: [RoR|ContentManager] Loading resource pack "paged" to group "PagedRG" (ZIP archive)
23:34:39: Creating resource group PagedRG
23:34:39: Added resource location '/Applications/RoR.app/Contents/MacOS/resources/paged.zip' of type 'Zip' to resource group 'PagedRG'
23:34:39: Initialising resource group PagedRG
23:34:39: Parsing scripts for resource group PagedRG
23:34:39: Parsing script grass.material
23:34:39: Warning: ScriptCompiler - deprecated symbol in grass.material(9): cull_software. Only used by the BSP scene manager.
23:34:39: Warning: ScriptCompiler - deprecated symbol in grass.material(27): cull_software. Only used by the BSP scene manager.
23:34:39: Warning: ScriptCompiler - deprecated symbol in grass.material(44): cull_software. Only used by the BSP scene manager.
23:34:39: Warning: ScriptCompiler - deprecated symbol in grass.material(61): cull_software. Only used by the BSP scene manager.
23:34:39: Warning: ScriptCompiler - deprecated symbol in grass.material(78): cull_software. Only used by the BSP scene manager.
23:34:39: Warning: ScriptCompiler - deprecated symbol in grass.material(96): cull_software. Only used by the BSP scene manager.
23:34:39: Warning: ScriptCompiler - deprecated symbol in grass.material(114): cull_software. Only used by the BSP scene manager.
23:34:39: Warning: ScriptCompiler - deprecated symbol in grass.material(132): cull_software. Only used by the BSP scene manager.
23:34:39: Warning: ScriptCompiler - deprecated symbol in grass.material(150): cull_software. Only used by the BSP scene manager.
23:34:39: Parsing script palm.material
23:34:39: Warning: ScriptCompiler - deprecated symbol in palm.material(9): cull_software. Only used by the BSP scene manager.
23:34:39: Parsing script tree.material
23:34:39: Warning: ScriptCompiler - deprecated symbol in tree.material(26): alpha. Use PF_A8 instead
23:34:39: Warning: ScriptCompiler - deprecated symbol in tree.material(43): alpha. Use PF_A8 instead
23:34:39: Parsing script tree_01.material
23:34:39: Warning: ScriptCompiler - deprecated symbol in tree_01.material(13): texture_alias. Use 'texture $variable'
23:34:39: Warning: ScriptCompiler - deprecated symbol in tree_01.material(31): cull_software. Only used by the BSP scene manager.
23:34:39: Warning: ScriptCompiler - deprecated symbol in tree_01.material(37): texture_alias. Use 'texture $variable'
23:34:39: Warning: ScriptCompiler - deprecated symbol in tree_01.material(61): texture_alias. Use 'texture $variable'
23:34:39: Finished parsing scripts for resource group PagedRG
23:34:39: Creating resources for group PagedRG
23:34:39: All done
23:34:39: Creating resource group {bundle USER:/mods/cityworld-next-gateway-runtime.zip}
23:34:39: Added resource location '/Users/beshoyhanna/Development/rigs-of-rods/build-macos-ogre14-roadmap/cw2-shadow-installed-53b7ae5f1-run1/pssm/work/scene-home/Library/Application Support/Rigs of Rods/mods/cityworld-next-gateway-runtime.zip' of type 'Zip' to resource group '{bundle USER:/mods/cityworld-next-gateway-runtime.zip}'
23:34:39: Initialising resource group {bundle USER:/mods/cityworld-next-gateway-runtime.zip}
23:34:39: Parsing scripts for resource group {bundle USER:/mods/cityworld-next-gateway-runtime.zip}
23:34:39: Parsing script rorng_city_bridge_curve_left_15deg_20m.material
23:34:39: Parsing script rorng_city_bridge_transition_12m.material
23:34:39: Parsing script rorng_city_gateway_block_40m.material
23:34:39: Parsing script simple2.os
23:34:39: Error: ScriptCompiler - unexpected token in simple2.os(1): 'caelum_sky_system'. If this is a legacy script you must prepend the type (e.g. font, overlay).
23:34:39: Error: ScriptCompiler - unexpected token in simple2.os(4): 'sun'. If this is a legacy script you must prepend the type (e.g. font, overlay).
23:34:39: Error: ScriptCompiler - unexpected token in simple2.os(13): 'moon'. If this is a legacy script you must prepend the type (e.g. font, overlay).
23:34:39: Error: ScriptCompiler - unexpected token in simple2.os(22): 'sky_dome'. If this is a legacy script you must prepend the type (e.g. font, overlay).
23:34:39: Finished parsing scripts for resource group {bundle USER:/mods/cityworld-next-gateway-runtime.zip}
23:34:39: Creating resources for group {bundle USER:/mods/cityworld-next-gateway-runtime.zip}
23:34:39: All done
23:34:39:  ===== LOADING TERRAIN cityworld_gateway_runtime.terrn2
23:34:39: [RoR|PleaseWaitUI] <10%> Initializing Object Subsystem
23:34:39: [RoR|PleaseWaitUI] <17%> Initializing Geometry Subsystem
23:34:39: [RoR|PleaseWaitUI] <23%> Initializing Camera Subsystem
23:34:39: [RoR|PleaseWaitUI] <25%> Initializing Sky Subsystem
23:34:39: Texture 'cloudy_noon.dds': Loading 6 faces(PF_DXT1,512x512x1) with 5 custom mipmaps from multiple Images. Internal format is PF_DXT1,512x512x1.
23:34:39: [RoR|PleaseWaitUI] <27%> Initializing Light Subsystem
23:34:39: [RoR|PleaseWaitUI] <28%> Initializing Shadow Subsystem
23:34:39: [RoR|Shadow|PSSM] enabled quality=2 cascades=3 rtss_receiver=1 format=PF_DEPTH16 sizes=3072x3072/2048x2048/2048x2048 lambda=0.970000 near=0.500000 far=350.000000 splits=0.500000/7.816331/45.241116/350.000000
23:34:39: [RoR|PleaseWaitUI] <29%> Initializing Fog Subsystem
23:34:39: [RoR|PleaseWaitUI] <31%> Initializing Vegetation Subsystem
23:34:39: [RoR|PleaseWaitUI] <40%> Loading Terrain Geometry
23:34:39: done loading page: loaded 1 layers
23:34:39: [RoR|PleaseWaitUI] <44%> Loading terrain pages ...
23:34:39: Terrain created; size=1025 minBatch=17 maxBatch=65 treeDepth=5 lodLevels=7 leafLods=3
23:34:40: RTSS: using 082a4163bfecea4ab1ecaffc6152ded5_VS for Pass 0 of 'OgreTerrain/2555535923'
23:34:40: RTSS: using ee42f02a7d8e29a145daa8ef9e7b36c2_FS for Pass 0 of 'OgreTerrain/2555535923'
23:34:40: RTSS: using 572dd29a4cc9059a68e315add362812d_VS for Pass 0 of 'OgreTerrain/2555535923'
23:34:40: RTSS: using 0edfb3f0978a2915ef74ad50734e28c8_FS for Pass 0 of 'OgreTerrain/2555535923'
23:34:40: Texture 'simple2-gravel_diffusespecular.dds': Loading 1 faces(PF_DXT5,512x512x1) with 5 custom mipmaps from Image. Internal format is PF_DXT5,512x512x1.
23:34:40: Texture 'simple2-gravel_normalheight.dds': Loading 1 faces(PF_DXT5,512x512x1) with 5 custom mipmaps from Image. Internal format is PF_DXT5,512x512x1.
23:34:40: RTSS: using 91ab00fe4524b6908e7c66dae9d2273e_VS for Pass 0 of 'OgreTerrain/2555535923/comp'
23:34:40: RTSS: using 912f2205a4b3ef1a8f77854043fa7333_FS for Pass 0 of 'OgreTerrain/2555535923/comp'
23:34:40: RTSS: using 082a4163bfecea4ab1ecaffc6152ded5_VS for Pass 0 of 'OgreTerrain/2555535923'
23:34:40: RTSS: using ee42f02a7d8e29a145daa8ef9e7b36c2_FS for Pass 0 of 'OgreTerrain/2555535923'
23:34:40: RTSS: using 572dd29a4cc9059a68e315add362812d_VS for Pass 0 of 'OgreTerrain/2555535923'
23:34:40: RTSS: using 0edfb3f0978a2915ef74ad50734e28c8_FS for Pass 0 of 'OgreTerrain/2555535923'
23:34:40: RTSS: using 91ab00fe4524b6908e7c66dae9d2273e_VS for Pass 0 of 'OgreTerrain/2555535923/comp'
23:34:40: RTSS: using 912f2205a4b3ef1a8f77854043fa7333_FS for Pass 0 of 'OgreTerrain/2555535923/comp'
23:34:40:  *** Terrain loaded from cache ***
23:34:40: RTSS: using 2c3a67ed69eb2b45d0879220f1d3ba9f_VS for Pass 0 of 'rigsofrods/WallpaperMat'
23:34:40: RTSS: using 0edfb3f0978a2915ef74ad50734e28c8_FS for Pass 0 of 'rigsofrods/WallpaperMat'
23:34:40: RTSS: using 38ad20a1f713b29a6bcc41662564ade2_VS for Pass 0 of 'ImGui/material'
23:34:40: RTSS: using 6b36a72346746bc4b9077f1a2aadbc52_FS for Pass 0 of 'ImGui/material'
23:34:40: RTSS: using 839a275503c059b65963ee86b94f0958_VS for Pass 0 of 'Ogre/TextureShadowCaster'
23:34:40: RTSS: using 932e5fb30bf7e6604fda9f37fce5dba4_FS for Pass 0 of 'Ogre/TextureShadowCaster'
23:34:40: RTSS: using c9ff2b3f2688012263f29c3a3659c265_VS for Pass 0 of 'tracks/skyboxcol'
23:34:40: RTSS: using 9601bc2160e41d5bf181de60b986bcc9_FS for Pass 0 of 'tracks/skyboxcol'
23:34:40: [RoR|PleaseWaitUI] <60%> Initializing Collision Subsystem
23:34:40: [RoR|PleaseWaitUI] <75%> Initializing Script Subsystem
23:34:40: [RoR|CVar]  sim_deterministic_fixed_steps_per_frame:  "20" (was: "0")
23:34:40: [RoR|CVar]           ui_hide_gui:  "Yes" (was: "No")
23:34:40: [RoR|PleaseWaitUI] <77%> Initializing Water Subsystem
23:34:40: [RoR|PleaseWaitUI] <80%> Loading Terrain Objects
23:34:40: Mesh: Loading rorng_city_bridge_curve_left_15deg_20m_lod0.mesh.
23:34:40: Mesh: Loading rorng_city_bridge_curve_left_15deg_20m_collision_barrier_left.mesh.
23:34:40: Mesh: Loading rorng_city_bridge_curve_left_15deg_20m_collision_barrier_right.mesh.
23:34:40: Mesh: Loading rorng_city_bridge_curve_left_15deg_20m_collision_road.mesh.
23:34:40: Mesh: Loading rorng_city_bridge_transition_12m_lod0.mesh.
23:34:40: Mesh: Loading rorng_city_bridge_transition_12m_collision_barrier_left.mesh.
23:34:40: Mesh: Loading rorng_city_bridge_transition_12m_collision_barrier_right.mesh.
23:34:40: Mesh: Loading rorng_city_bridge_transition_12m_collision_road.mesh.
23:34:40: Mesh: Loading rorng_city_gateway_block_40m_lod0.mesh.
23:34:40: Mesh: Loading rorng_city_gateway_block_40m_collision_barrier_left.mesh.
23:34:40: Mesh: Loading rorng_city_gateway_block_40m_collision_barrier_right.mesh.
23:34:40: Mesh: Loading rorng_city_gateway_block_40m_collision_road.mesh.
23:34:40: Texture 'flare.dds': Loading 1 faces(PF_DXT5,128x128x1) with 5 custom mipmaps from Image. Internal format is PF_DXT5,128x128x1.
23:34:40: [RoR|TerrainObject|Lights] odef=rorng_city_gateway_block_40m.odef spotlights=0 point_lights=8
23:34:40: RoR was not compiled with PagedGeometry support. You cannot use Landuse maps with it.
23:34:40: RTSS: using 265b49164d1f9616ab86ae56d284c540_VS for Pass 0 of 'rorng_city_concrete'
23:34:40: RTSS: using 4a3f85d2ad86004cb52c4b3435465b60_FS for Pass 0 of 'rorng_city_concrete'
23:34:40: RTSS: using 265b49164d1f9616ab86ae56d284c540_VS for Pass 0 of 'rorng_city_asphalt'
23:34:40: RTSS: using 4a3f85d2ad86004cb52c4b3435465b60_FS for Pass 0 of 'rorng_city_asphalt'
23:34:40: RTSS: using 265b49164d1f9616ab86ae56d284c540_VS for Pass 0 of 'rorng_city_galvanized_steel'
23:34:40: RTSS: using 4a3f85d2ad86004cb52c4b3435465b60_FS for Pass 0 of 'rorng_city_galvanized_steel'
23:34:40: RTSS: using 265b49164d1f9616ab86ae56d284c540_VS for Pass 0 of 'rorng_city_lane_white'
23:34:40: RTSS: using 4a3f85d2ad86004cb52c4b3435465b60_FS for Pass 0 of 'rorng_city_lane_white'
23:34:40: RTSS: using 265b49164d1f9616ab86ae56d284c540_VS for Pass 0 of 'rorng_city_lane_yellow'
23:34:40: RTSS: using 4a3f85d2ad86004cb52c4b3435465b60_FS for Pass 0 of 'rorng_city_lane_yellow'
23:34:40: RTSS: using 265b49164d1f9616ab86ae56d284c540_VS for Pass 0 of 'rorng_city_dark_steel'
23:34:40: RTSS: using 4a3f85d2ad86004cb52c4b3435465b60_FS for Pass 0 of 'rorng_city_dark_steel'
23:34:40: RTSS: using 265b49164d1f9616ab86ae56d284c540_VS for Pass 0 of 'rorng_city_lamp_emissive'
23:34:40: RTSS: using 4a3f85d2ad86004cb52c4b3435465b60_FS for Pass 0 of 'rorng_city_lamp_emissive'
23:34:40: RTSS: using 265b49164d1f9616ab86ae56d284c540_VS for Pass 0 of 'rorng_transition_concrete'
23:34:40: RTSS: using 4a3f85d2ad86004cb52c4b3435465b60_FS for Pass 0 of 'rorng_transition_concrete'
23:34:40: RTSS: using 265b49164d1f9616ab86ae56d284c540_VS for Pass 0 of 'rorng_transition_asphalt'
23:34:40: RTSS: using 4a3f85d2ad86004cb52c4b3435465b60_FS for Pass 0 of 'rorng_transition_asphalt'
23:34:40: RTSS: using 265b49164d1f9616ab86ae56d284c540_VS for Pass 0 of 'rorng_transition_dark_steel'
23:34:40: RTSS: using 4a3f85d2ad86004cb52c4b3435465b60_FS for Pass 0 of 'rorng_transition_dark_steel'
23:34:40: RTSS: using 265b49164d1f9616ab86ae56d284c540_VS for Pass 0 of 'rorng_transition_lane_white'
23:34:40: RTSS: using 4a3f85d2ad86004cb52c4b3435465b60_FS for Pass 0 of 'rorng_transition_lane_white'
23:34:40: RTSS: using 265b49164d1f9616ab86ae56d284c540_VS for Pass 0 of 'rorng_transition_lane_yellow'
23:34:40: RTSS: using 4a3f85d2ad86004cb52c4b3435465b60_FS for Pass 0 of 'rorng_transition_lane_yellow'
23:34:40: RTSS: using 265b49164d1f9616ab86ae56d284c540_VS for Pass 0 of 'rorng_transition_galvanized_steel'
23:34:40: RTSS: using 4a3f85d2ad86004cb52c4b3435465b60_FS for Pass 0 of 'rorng_transition_galvanized_steel'
23:34:40: RTSS: using 265b49164d1f9616ab86ae56d284c540_VS for Pass 0 of 'rorng_gateway_asphalt'
23:34:40: RTSS: using 4a3f85d2ad86004cb52c4b3435465b60_FS for Pass 0 of 'rorng_gateway_asphalt'
23:34:40: RTSS: using 265b49164d1f9616ab86ae56d284c540_VS for Pass 0 of 'rorng_gateway_sidewalk'
23:34:40: RTSS: using 4a3f85d2ad86004cb52c4b3435465b60_FS for Pass 0 of 'rorng_gateway_sidewalk'
23:34:40: RTSS: using 265b49164d1f9616ab86ae56d284c540_VS for Pass 0 of 'rorng_gateway_architectural_concrete'
23:34:40: RTSS: using 4a3f85d2ad86004cb52c4b3435465b60_FS for Pass 0 of 'rorng_gateway_architectural_concrete'
23:34:40: RTSS: using 265b49164d1f9616ab86ae56d284c540_VS for Pass 0 of 'rorng_gateway_lane_white'
23:34:40: RTSS: using 4a3f85d2ad86004cb52c4b3435465b60_FS for Pass 0 of 'rorng_gateway_lane_white'
23:34:40: RTSS: using 265b49164d1f9616ab86ae56d284c540_VS for Pass 0 of 'rorng_gateway_lane_yellow'
23:34:40: RTSS: using 4a3f85d2ad86004cb52c4b3435465b60_FS for Pass 0 of 'rorng_gateway_lane_yellow'
23:34:40: RTSS: using 265b49164d1f9616ab86ae56d284c540_VS for Pass 0 of 'rorng_gateway_brick'
23:34:40: RTSS: using 4a3f85d2ad86004cb52c4b3435465b60_FS for Pass 0 of 'rorng_gateway_brick'
23:34:40: RTSS: using 265b49164d1f9616ab86ae56d284c540_VS for Pass 0 of 'rorng_gateway_glass_blue'
23:34:40: RTSS: using 4a3f85d2ad86004cb52c4b3435465b60_FS for Pass 0 of 'rorng_gateway_glass_blue'
23:34:40: RTSS: using 265b49164d1f9616ab86ae56d284c540_VS for Pass 0 of 'rorng_gateway_powdercoat_metal'
23:34:40: RTSS: using 4a3f85d2ad86004cb52c4b3435465b60_FS for Pass 0 of 'rorng_gateway_powdercoat_metal'
23:34:40: RTSS: using 265b49164d1f9616ab86ae56d284c540_VS for Pass 0 of 'rorng_gateway_stone'
23:34:40: RTSS: using 4a3f85d2ad86004cb52c4b3435465b60_FS for Pass 0 of 'rorng_gateway_stone'
23:34:40: RTSS: using 265b49164d1f9616ab86ae56d284c540_VS for Pass 0 of 'rorng_gateway_tree_bark'
23:34:40: RTSS: using 4a3f85d2ad86004cb52c4b3435465b60_FS for Pass 0 of 'rorng_gateway_tree_bark'
23:34:40: RTSS: using 265b49164d1f9616ab86ae56d284c540_VS for Pass 0 of 'rorng_gateway_leaf_dark'
23:34:40: RTSS: using 4a3f85d2ad86004cb52c4b3435465b60_FS for Pass 0 of 'rorng_gateway_leaf_dark'
23:34:40: RTSS: using 265b49164d1f9616ab86ae56d284c540_VS for Pass 0 of 'rorng_gateway_leaf_light'
23:34:40: RTSS: using 4a3f85d2ad86004cb52c4b3435465b60_FS for Pass 0 of 'rorng_gateway_leaf_light'
23:34:40: RTSS: using 265b49164d1f9616ab86ae56d284c540_VS for Pass 0 of 'rorng_gateway_lamp_emissive'
23:34:40: RTSS: using 4a3f85d2ad86004cb52c4b3435465b60_FS for Pass 0 of 'rorng_gateway_lamp_emissive'
23:34:40: RTSS: using 2c3a67ed69eb2b45d0879220f1d3ba9f_VS for Pass 0 of 'tracks/flare'
23:34:40: RTSS: using 5840dcf54f8abf0be0cdcfd96c1961ec_FS for Pass 0 of 'tracks/flare'
23:34:40: [RoR|PleaseWaitUI] <90%> Initializing terrain light properties
23:34:40: Texture 'smoke.dds': Loading 1 faces(PF_DXT5,128x128x1) with 5 custom mipmaps from Image. Internal format is PF_DXT5,128x128x1.
23:34:40: Texture 'dust.dds': Loading 1 faces(PF_DXT5,128x128x1) with 5 custom mipmaps from Image. Internal format is PF_DXT5,128x128x1.
23:34:40: Texture 'flaretrail.png': Loading 1 faces(PF_A8R8G8B8,256x256x1) with 5 hardware generated mipmaps from Image. Internal format is PF_A8R8G8B8,256x256x1.
23:34:40: Texture 'splash.dds': Loading 1 faces(PF_DXT5,256x256x1) with 5 custom mipmaps from Image. Internal format is PF_DXT5,256x256x1.
23:34:40: Texture 'ripple.dds': Loading 1 faces(PF_DXT5,128x128x1) with 5 custom mipmaps from Image. Internal format is PF_DXT5,128x128x1.
23:34:40: [RoR|PleaseWaitUI] <92%> Initializing Overview Map Subsystem
23:34:40: RTSS: using 2c3a67ed69eb2b45d0879220f1d3ba9f_VS for Pass 0 of 'rigsofrods/WallpaperMat'
23:34:40: RTSS: using 0edfb3f0978a2915ef74ad50734e28c8_FS for Pass 0 of 'rigsofrods/WallpaperMat'
23:34:40: RTSS: using 38ad20a1f713b29a6bcc41662564ade2_VS for Pass 0 of 'ImGui/material'
23:34:40: RTSS: using 6b36a72346746bc4b9077f1a2aadbc52_FS for Pass 0 of 'ImGui/material'
23:34:40: RTSS: using 839a275503c059b65963ee86b94f0958_VS for Pass 0 of 'Ogre/TextureShadowCaster'
23:34:40: RTSS: using fc10935ef09b27b2bbc59202d7a04ae1_FS for Pass 0 of 'Ogre/TextureShadowCaster'
23:34:40: RTSS: using c9ff2b3f2688012263f29c3a3659c265_VS for Pass 0 of 'tracks/skyboxcol'
23:34:40: RTSS: using 9601bc2160e41d5bf181de60b986bcc9_FS for Pass 0 of 'tracks/skyboxcol'
23:34:40: RTSS: using 265b49164d1f9616ab86ae56d284c540_VS for Pass 0 of 'rorng_city_concrete'
23:34:40: RTSS: using c2340f59eb5146354585926dfa666413_FS for Pass 0 of 'rorng_city_concrete'
23:34:40: RTSS: using 265b49164d1f9616ab86ae56d284c540_VS for Pass 0 of 'rorng_city_asphalt'
23:34:40: RTSS: using c2340f59eb5146354585926dfa666413_FS for Pass 0 of 'rorng_city_asphalt'
23:34:40: RTSS: using 265b49164d1f9616ab86ae56d284c540_VS for Pass 0 of 'rorng_city_galvanized_steel'
23:34:40: RTSS: using c2340f59eb5146354585926dfa666413_FS for Pass 0 of 'rorng_city_galvanized_steel'
23:34:40: RTSS: using 265b49164d1f9616ab86ae56d284c540_VS for Pass 0 of 'rorng_city_lane_white'
23:34:40: RTSS: using c2340f59eb5146354585926dfa666413_FS for Pass 0 of 'rorng_city_lane_white'
23:34:40: RTSS: using 265b49164d1f9616ab86ae56d284c540_VS for Pass 0 of 'rorng_city_lane_yellow'
23:34:40: RTSS: using c2340f59eb5146354585926dfa666413_FS for Pass 0 of 'rorng_city_lane_yellow'
23:34:40: RTSS: using 265b49164d1f9616ab86ae56d284c540_VS for Pass 0 of 'rorng_city_dark_steel'
23:34:40: RTSS: using c2340f59eb5146354585926dfa666413_FS for Pass 0 of 'rorng_city_dark_steel'
23:34:40: RTSS: using 265b49164d1f9616ab86ae56d284c540_VS for Pass 0 of 'rorng_city_lamp_emissive'
23:34:40: RTSS: using c2340f59eb5146354585926dfa666413_FS for Pass 0 of 'rorng_city_lamp_emissive'
23:34:40: RTSS: using 265b49164d1f9616ab86ae56d284c540_VS for Pass 0 of 'rorng_transition_concrete'
23:34:40: RTSS: using c2340f59eb5146354585926dfa666413_FS for Pass 0 of 'rorng_transition_concrete'
23:34:40: RTSS: using 265b49164d1f9616ab86ae56d284c540_VS for Pass 0 of 'rorng_transition_asphalt'
23:34:40: RTSS: using c2340f59eb5146354585926dfa666413_FS for Pass 0 of 'rorng_transition_asphalt'
23:34:40: RTSS: using 265b49164d1f9616ab86ae56d284c540_VS for Pass 0 of 'rorng_transition_dark_steel'
23:34:40: RTSS: using c2340f59eb5146354585926dfa666413_FS for Pass 0 of 'rorng_transition_dark_steel'
23:34:40: RTSS: using 265b49164d1f9616ab86ae56d284c540_VS for Pass 0 of 'rorng_transition_lane_white'
23:34:40: RTSS: using c2340f59eb5146354585926dfa666413_FS for Pass 0 of 'rorng_transition_lane_white'
23:34:40: RTSS: using 265b49164d1f9616ab86ae56d284c540_VS for Pass 0 of 'rorng_transition_lane_yellow'
23:34:40: RTSS: using c2340f59eb5146354585926dfa666413_FS for Pass 0 of 'rorng_transition_lane_yellow'
23:34:40: RTSS: using 265b49164d1f9616ab86ae56d284c540_VS for Pass 0 of 'rorng_transition_galvanized_steel'
23:34:40: RTSS: using c2340f59eb5146354585926dfa666413_FS for Pass 0 of 'rorng_transition_galvanized_steel'
23:34:40: RTSS: using 265b49164d1f9616ab86ae56d284c540_VS for Pass 0 of 'rorng_gateway_asphalt'
23:34:40: RTSS: using c2340f59eb5146354585926dfa666413_FS for Pass 0 of 'rorng_gateway_asphalt'
23:34:40: RTSS: using 265b49164d1f9616ab86ae56d284c540_VS for Pass 0 of 'rorng_gateway_sidewalk'
23:34:40: RTSS: using c2340f59eb5146354585926dfa666413_FS for Pass 0 of 'rorng_gateway_sidewalk'
23:34:40: RTSS: using 265b49164d1f9616ab86ae56d284c540_VS for Pass 0 of 'rorng_gateway_architectural_concrete'
23:34:40: RTSS: using c2340f59eb5146354585926dfa666413_FS for Pass 0 of 'rorng_gateway_architectural_concrete'
23:34:40: RTSS: using 265b49164d1f9616ab86ae56d284c540_VS for Pass 0 of 'rorng_gateway_lane_white'
23:34:40: RTSS: using c2340f59eb5146354585926dfa666413_FS for Pass 0 of 'rorng_gateway_lane_white'
23:34:40: RTSS: using 265b49164d1f9616ab86ae56d284c540_VS for Pass 0 of 'rorng_gateway_lane_yellow'
23:34:40: RTSS: using c2340f59eb5146354585926dfa666413_FS for Pass 0 of 'rorng_gateway_lane_yellow'
23:34:40: RTSS: using 265b49164d1f9616ab86ae56d284c540_VS for Pass 0 of 'rorng_gateway_brick'
23:34:40: RTSS: using c2340f59eb5146354585926dfa666413_FS for Pass 0 of 'rorng_gateway_brick'
23:34:40: RTSS: using 265b49164d1f9616ab86ae56d284c540_VS for Pass 0 of 'rorng_gateway_glass_blue'
23:34:40: RTSS: using c2340f59eb5146354585926dfa666413_FS for Pass 0 of 'rorng_gateway_glass_blue'
23:34:40: RTSS: using 265b49164d1f9616ab86ae56d284c540_VS for Pass 0 of 'rorng_gateway_powdercoat_metal'
23:34:40: RTSS: using c2340f59eb5146354585926dfa666413_FS for Pass 0 of 'rorng_gateway_powdercoat_metal'
23:34:40: RTSS: using 265b49164d1f9616ab86ae56d284c540_VS for Pass 0 of 'rorng_gateway_stone'
23:34:40: RTSS: using c2340f59eb5146354585926dfa666413_FS for Pass 0 of 'rorng_gateway_stone'
23:34:40: RTSS: using 265b49164d1f9616ab86ae56d284c540_VS for Pass 0 of 'rorng_gateway_tree_bark'
23:34:40: RTSS: using c2340f59eb5146354585926dfa666413_FS for Pass 0 of 'rorng_gateway_tree_bark'
23:34:40: RTSS: using 265b49164d1f9616ab86ae56d284c540_VS for Pass 0 of 'rorng_gateway_leaf_dark'
23:34:40: RTSS: using c2340f59eb5146354585926dfa666413_FS for Pass 0 of 'rorng_gateway_leaf_dark'
23:34:40: RTSS: using 265b49164d1f9616ab86ae56d284c540_VS for Pass 0 of 'rorng_gateway_leaf_light'
23:34:40: RTSS: using c2340f59eb5146354585926dfa666413_FS for Pass 0 of 'rorng_gateway_leaf_light'
23:34:40: RTSS: using 265b49164d1f9616ab86ae56d284c540_VS for Pass 0 of 'rorng_gateway_lamp_emissive'
23:34:40: RTSS: using c2340f59eb5146354585926dfa666413_FS for Pass 0 of 'rorng_gateway_lamp_emissive'
23:34:40: RTSS: using 2c3a67ed69eb2b45d0879220f1d3ba9f_VS for Pass 0 of 'tracks/flare'
23:34:40: RTSS: using 5840dcf54f8abf0be0cdcfd96c1961ec_FS for Pass 0 of 'tracks/flare'
23:34:40: Texture 'SurveyMapStatic': Loading 1 faces(PF_R8G8B8,4096x4096x1) with 5 hardware generated mipmaps from Image. Internal format is PF_R8G8B8,4096x4096x1.
23:34:40:  ===== LOADING TERRAIN ACTORS cityworld_gateway_runtime.terrn2
23:34:40: [RoR|PleaseWaitUI] <95%> Loading Terrain Actors
23:34:40:  ===== TERRAIN LOADING DONE cityworld_gateway_runtime.terrn2
23:34:40: [RoR|CVar]      sim_terrain_name:  "cityworld_gateway_runtime.terrn2" (was: "")
23:34:40: [RoR|CVar]  sim_terrain_gui_name:  "CityWorld Next Gateway Runtime Gate" (was: "")
23:34:40: Mesh: Loading character.mesh.
23:34:40: Can't assign material to SubMesh of 'character.mesh'. Material 'character' not found in group 'MeshesRG'. Have you forgotten to define it in a .material script?
23:34:40: Skeleton: Loading character.skeleton
23:34:40: Texture 'character.dds': Loading 1 faces(PF_X8R8G8B8,1024x1024x1) with 5 custom mipmaps from Image. Internal format is PF_X8R8G8B8,1024x1024x1.
23:34:40: Texture 'character-alpha.png': Loading 1 faces(PF_A8R8G8B8,1024x1024x1) with 5 hardware generated mipmaps from Image. Internal format is PF_A8R8G8B8,1024x1024x1.
23:34:40: Mesh: Loading arrow2.mesh.
23:34:40: Texture 'targetarrowtex.dds': Loading 1 faces(PF_DXT3,128x128x1) with 5 custom mipmaps from Image. Internal format is PF_DXT3,128x128x1.
23:34:40: [RoR|CVar]             sim_state:  "1" (was: "0")
23:34:40: [RoR|CVar]             app_state:  "2" (was: "1")
23:34:40: [RoR|CVar]             sim_state:  "2" (was: "1")
23:34:40: RTSS: using 290287c1713ce43295a45e0513aa9f3e_VS for Pass 0 of 'tracks/Character#0'
23:34:40: RTSS: using f24e42da29f11e7f50c15afb12228fcb_FS for Pass 0 of 'tracks/Character#0'
23:34:40: RTSS: using 290287c1713ce43295a45e0513aa9f3e_VS for Pass 1 of 'tracks/Character#0'
23:34:40: RTSS: using 0cf770174b27b27bdc64b9a741c2e07e_FS for Pass 1 of 'tracks/Character#0'
23:34:40:  ===== LOADING VEHICLE: b6b0UID-semi.truck
23:34:40: Creating resource group {bundle BIN:/content/dafsemi.zip}
23:34:40: Added resource location '/Applications/RoR.app/Contents/MacOS/content/dafsemi.zip' of type 'Zip' to resource group '{bundle BIN:/content/dafsemi.zip}'
23:34:40: Added resource location '/Applications/RoR.app/Contents/MacOS/resources/managed_materials/shadows/pssm/rtss' of type 'FileSystem' to resource group '{bundle BIN:/content/dafsemi.zip}'
23:34:40: Added resource location '/Applications/RoR.app/Contents/MacOS/resources/managed_materials/texture' of type 'FileSystem' to resource group '{bundle BIN:/content/dafsemi.zip}'
23:34:40: Added resource location '/Applications/RoR.app/Contents/MacOS/resources/managed_materials' of type 'FileSystem' to resource group '{bundle BIN:/content/dafsemi.zip}'
23:34:40: [RoR|ContentManager] Loading resource pack "textures" to group "{bundle BIN:/content/dafsemi.zip}" (ZIP archive)
23:34:40: Added resource location '/Applications/RoR.app/Contents/MacOS/resources/textures.zip' of type 'Zip' to resource group '{bundle BIN:/content/dafsemi.zip}'
23:34:40: [RoR|ContentManager] Loading resource pack "materials" to group "{bundle BIN:/content/dafsemi.zip}" (ZIP archive)
23:34:40: Added resource location '/Applications/RoR.app/Contents/MacOS/resources/materials.zip' of type 'Zip' to resource group '{bundle BIN:/content/dafsemi.zip}'
23:34:40: [RoR|ContentManager] Loading resource pack "meshes" to group "{bundle BIN:/content/dafsemi.zip}" (ZIP archive)
23:34:40: Warning: Skipping 'character.material' because it already exists in resource group '{bundle BIN:/content/dafsemi.zip}'
23:34:40: Added resource location '/Applications/RoR.app/Contents/MacOS/resources/meshes.zip' of type 'Zip' to resource group '{bundle BIN:/content/dafsemi.zip}'
23:34:40: Initialising resource group {bundle BIN:/content/dafsemi.zip}
23:34:40: Parsing scripts for resource group {bundle BIN:/content/dafsemi.zip}
23:34:40: Parsing script nicemetal_mm.program
23:34:40: Parsing script general.program
23:34:40: Parsing script nicemetal.program
23:34:40: Parsing script b6b0UID-semi.material
23:34:40: Parsing script b6b0UID-semiflat.material
23:34:40: Parsing script shadows.material
23:34:40: Parsing script texture_manager.material
23:34:40: Parsing script managed_mats_vehicles_nicemetal.material
23:34:40: Warning: ScriptCompiler - deprecated symbol in managed_mats_vehicles_nicemetal.material(31): texture_alias. Use 'texture $variable'
23:34:40: Warning: ScriptCompiler - deprecated symbol in managed_mats_vehicles_nicemetal.material(51): texture_alias. Use 'texture $variable'
23:34:40: Warning: ScriptCompiler - deprecated symbol in managed_mats_vehicles_nicemetal.material(56): 'cubic_texture ..'. Use 'texture .. cubic' instead.
23:34:40: Warning: ScriptCompiler - deprecated symbol in managed_mats_vehicles_nicemetal.material(92): texture_alias. Use 'texture $variable'
23:34:40: Warning: ScriptCompiler - deprecated symbol in managed_mats_vehicles_nicemetal.material(118): texture_alias. Use 'texture $variable'
23:34:40: Warning: ScriptCompiler - deprecated symbol in managed_mats_vehicles_nicemetal.material(123): 'cubic_texture ..'. Use 'texture .. cubic' instead.
23:34:40: Warning: ScriptCompiler - deprecated symbol in managed_mats_vehicles_nicemetal.material(151): texture_alias. Use 'texture $variable'
23:34:40: Warning: ScriptCompiler - deprecated symbol in managed_mats_vehicles_nicemetal.material(157): texture_alias. Use 'texture $variable'
23:34:40: Warning: ScriptCompiler - deprecated symbol in managed_mats_vehicles_nicemetal.material(176): texture_alias. Use 'texture $variable'
23:34:40: Warning: ScriptCompiler - deprecated symbol in managed_mats_vehicles_nicemetal.material(181): 'cubic_texture ..'. Use 'texture .. cubic' instead.
23:34:40: Parsing script managed_submesh.material
23:34:40: Error: ScriptCompiler - unexpected token in managed_submesh.material(25): token "normalise_normals" is not recognized
23:34:40: Warning: ScriptCompiler - deprecated symbol in managed_submesh.material(33): texture_alias. Use 'texture $variable'
23:34:40: Warning: ScriptCompiler - deprecated symbol in managed_submesh.material(53): texture_alias. Use 'texture $variable'
23:34:40: Warning: ScriptCompiler - deprecated symbol in managed_mats.material(13): texture_alias. Use 'texture $variable'
23:34:40: Warning: ScriptCompiler - deprecated symbol in managed_submesh.material(70): texture_alias. Use 'texture $variable'
23:34:40: Warning: ScriptCompiler - deprecated symbol in managed_submesh.material(86): cull_software. Only used by the BSP scene manager.
23:34:40: Warning: ScriptCompiler - deprecated symbol in managed_submesh.material(90): texture_alias. Use 'texture $variable'
23:34:40: Warning: ScriptCompiler - deprecated symbol in managed_submesh.material(98): 'cubic_texture ..'. Use 'texture .. cubic' instead.
23:34:40: Error: ScriptCompiler - unexpected token in managed_submesh.material(131): token "normalise_normals" is not recognized
23:34:40: Warning: ScriptCompiler - deprecated symbol in managed_submesh.material(139): texture_alias. Use 'texture $variable'
23:34:40: Warning: ScriptCompiler - deprecated symbol in managed_submesh.material(159): texture_alias. Use 'texture $variable'
23:34:40: Warning: ScriptCompiler - deprecated symbol in managed_mats.material(13): texture_alias. Use 'texture $variable'
23:34:40: Warning: ScriptCompiler - deprecated symbol in managed_submesh.material(176): texture_alias. Use 'texture $variable'
23:34:40: Warning: ScriptCompiler - deprecated symbol in managed_submesh.material(194): texture_alias. Use 'texture $variable'
23:34:40: Warning: ScriptCompiler - deprecated symbol in managed_submesh.material(203): 'cubic_texture ..'. Use 'texture .. cubic' instead.
23:34:40: Error: ScriptCompiler - unexpected token in managed_submesh.material(237): token "normalise_normals" is not recognized
23:34:40: Warning: ScriptCompiler - deprecated symbol in managed_submesh.material(245): texture_alias. Use 'texture $variable'
23:34:40: Warning: ScriptCompiler - deprecated symbol in managed_mats.material(13): texture_alias. Use 'texture $variable'
23:34:40: Warning: ScriptCompiler - deprecated symbol in managed_submesh.material(270): texture_alias. Use 'texture $variable'
23:34:40: Warning: ScriptCompiler - deprecated symbol in managed_submesh.material(286): cull_software. Only used by the BSP scene manager.
23:34:40: Warning: ScriptCompiler - deprecated symbol in managed_submesh.material(290): texture_alias. Use 'texture $variable'
23:34:40: Warning: ScriptCompiler - deprecated symbol in managed_submesh.material(298): 'cubic_texture ..'. Use 'texture .. cubic' instead.
23:34:40: Error: ScriptCompiler - unexpected token in managed_submesh.material(342): token "normalise_normals" is not recognized
23:34:40: Warning: ScriptCompiler - deprecated symbol in managed_submesh.material(350): texture_alias. Use 'texture $variable'
23:34:40: Warning: ScriptCompiler - deprecated symbol in managed_mats.material(13): texture_alias. Use 'texture $variable'
23:34:40: Warning: ScriptCompiler - deprecated symbol in managed_submesh.material(375): texture_alias. Use 'texture $variable'
23:34:40: Warning: ScriptCompiler - deprecated symbol in managed_submesh.material(393): texture_alias. Use 'texture $variable'
23:34:40: Warning: ScriptCompiler - deprecated symbol in managed_submesh.material(402): 'cubic_texture ..'. Use 'texture .. cubic' instead.
23:34:40: Parsing script managed_mats_vehicles.material
23:34:40: Warning: ScriptCompiler - deprecated symbol in texture_manager.material(16): 'cubic_texture ..'. Use 'texture .. cubic' instead.
23:34:40: Warning: ScriptCompiler - deprecated symbol in texture_manager.material(16): 'cubic_texture ..'. Use 'texture .. cubic' instead.
23:34:40: Warning: ScriptCompiler - deprecated symbol in texture_manager.material(16): 'cubic_texture ..'. Use 'texture .. cubic' instead.
23:34:40: Parsing script managed_mats_vehicles_transparent_nicemetal.material
23:34:40: Warning: ScriptCompiler - deprecated symbol in managed_mats_vehicles_transparent_nicemetal.material(33): texture_alias. Use 'texture $variable'
23:34:40: Warning: ScriptCompiler - deprecated symbol in managed_mats_vehicles_transparent_nicemetal.material(54): texture_alias. Use 'texture $variable'
23:34:40: Warning: ScriptCompiler - deprecated symbol in managed_mats_vehicles_transparent_nicemetal.material(59): 'cubic_texture ..'. Use 'texture .. cubic' instead.
23:34:40: Warning: ScriptCompiler - deprecated symbol in managed_mats_vehicles_transparent_nicemetal.material(98): texture_alias. Use 'texture $variable'
23:34:40: Warning: ScriptCompiler - deprecated symbol in managed_mats_vehicles_transparent_nicemetal.material(125): texture_alias. Use 'texture $variable'
23:34:40: Error: ScriptCompiler - fewer parameters expected in managed_mats_vehicles_transparent_nicemetal.material(125): texture_alias must have at most 1 argument
23:34:40: Warning: ScriptCompiler - deprecated symbol in managed_mats_vehicles_transparent_nicemetal.material(130): 'cubic_texture ..'. Use 'texture .. cubic' instead.
23:34:40: Warning: ScriptCompiler - deprecated symbol in managed_mats_vehicles_transparent_nicemetal.material(166): texture_alias. Use 'texture $variable'
23:34:40: Warning: ScriptCompiler - deprecated symbol in managed_mats_vehicles_transparent_nicemetal.material(186): texture_alias. Use 'texture $variable'
23:34:40: Warning: ScriptCompiler - deprecated symbol in managed_mats_vehicles_transparent_nicemetal.material(191): 'cubic_texture ..'. Use 'texture .. cubic' instead.
23:34:40: Parsing script managed_mats.material
23:34:40: Parsing script managed_mats_vehicles_transparent.material
23:34:40: Warning: ScriptCompiler - deprecated symbol in texture_manager.material(16): 'cubic_texture ..'. Use 'texture .. cubic' instead.
23:34:40: Warning: ScriptCompiler - deprecated symbol in texture_manager.material(16): 'cubic_texture ..'. Use 'texture .. cubic' instead.
23:34:40: Warning: ScriptCompiler - deprecated symbol in texture_manager.material(16): 'cubic_texture ..'. Use 'texture .. cubic' instead.
23:34:40: Parsing script character.material
23:34:40: Warning: ScriptCompiler - deprecated symbol in managed_mats.material(13): texture_alias. Use 'texture $variable'
23:34:40: Parsing script eurosigns.material
23:34:40: Warning: ScriptCompiler - deprecated symbol in managed_mats.material(13): texture_alias. Use 'texture $variable'
23:34:40: Warning: ScriptCompiler - deprecated symbol in managed_mats.material(13): texture_alias. Use 'texture $variable'
23:34:40: Warning: ScriptCompiler - deprecated symbol in managed_mats.material(13): texture_alias. Use 'texture $variable'
23:34:40: Warning: ScriptCompiler - deprecated symbol in managed_mats.material(13): texture_alias. Use 'texture $variable'
23:34:40: Warning: ScriptCompiler - deprecated symbol in managed_mats.material(13): texture_alias. Use 'texture $variable'
23:34:40: Warning: ScriptCompiler - deprecated symbol in managed_mats.material(13): texture_alias. Use 'texture $variable'
23:34:40: Warning: ScriptCompiler - deprecated symbol in managed_mats.material(13): texture_alias. Use 'texture $variable'
23:34:40: Warning: ScriptCompiler - deprecated symbol in managed_mats.material(13): texture_alias. Use 'texture $variable'
23:34:40: Warning: ScriptCompiler - deprecated symbol in managed_mats.material(13): texture_alias. Use 'texture $variable'
23:34:40: Warning: ScriptCompiler - deprecated symbol in managed_mats.material(13): texture_alias. Use 'texture $variable'
23:34:40: Warning: ScriptCompiler - deprecated symbol in managed_mats.material(13): texture_alias. Use 'texture $variable'
23:34:40: Warning: ScriptCompiler - deprecated symbol in managed_mats.material(13): texture_alias. Use 'texture $variable'
23:34:40: Warning: ScriptCompiler - deprecated symbol in managed_mats.material(13): texture_alias. Use 'texture $variable'
23:34:40: Warning: ScriptCompiler - deprecated symbol in managed_mats.material(13): texture_alias. Use 'texture $variable'
23:34:40: Warning: ScriptCompiler - deprecated symbol in managed_mats.material(13): texture_alias. Use 'texture $variable'
23:34:40: Warning: ScriptCompiler - deprecated symbol in managed_mats.material(13): texture_alias. Use 'texture $variable'
23:34:40: Warning: ScriptCompiler - deprecated symbol in managed_mats.material(13): texture_alias. Use 'texture $variable'
23:34:40: Warning: ScriptCompiler - deprecated symbol in managed_mats.material(13): texture_alias. Use 'texture $variable'
23:34:40: Warning: ScriptCompiler - deprecated symbol in managed_mats.material(13): texture_alias. Use 'texture $variable'
23:34:40: Warning: ScriptCompiler - deprecated symbol in managed_mats.material(13): texture_alias. Use 'texture $variable'
23:34:40: Warning: ScriptCompiler - deprecated symbol in managed_mats.material(13): texture_alias. Use 'texture $variable'
23:34:40: Warning: ScriptCompiler - deprecated symbol in managed_mats.material(13): texture_alias. Use 'texture $variable'
23:34:40: Warning: ScriptCompiler - deprecated symbol in managed_mats.material(13): texture_alias. Use 'texture $variable'
23:34:40: Warning: ScriptCompiler - deprecated symbol in managed_mats.material(13): texture_alias. Use 'texture $variable'
23:34:40: Warning: ScriptCompiler - deprecated symbol in managed_mats.material(13): texture_alias. Use 'texture $variable'
23:34:40: Warning: ScriptCompiler - deprecated symbol in managed_mats.material(13): texture_alias. Use 'texture $variable'
23:34:40: Warning: ScriptCompiler - deprecated symbol in managed_mats.material(13): texture_alias. Use 'texture $variable'
23:34:40: Warning: ScriptCompiler - deprecated symbol in managed_mats.material(13): texture_alias. Use 'texture $variable'
23:34:40: Warning: ScriptCompiler - deprecated symbol in managed_mats.material(13): texture_alias. Use 'texture $variable'
23:34:40: Warning: ScriptCompiler - deprecated symbol in managed_mats.material(13): texture_alias. Use 'texture $variable'
23:34:40: Warning: ScriptCompiler - deprecated symbol in managed_mats.material(13): texture_alias. Use 'texture $variable'
23:34:40: Warning: ScriptCompiler - deprecated symbol in managed_mats.material(13): texture_alias. Use 'texture $variable'
23:34:40: Warning: ScriptCompiler - deprecated symbol in managed_mats.material(13): texture_alias. Use 'texture $variable'
23:34:40: Warning: ScriptCompiler - deprecated symbol in managed_mats.material(13): texture_alias. Use 'texture $variable'
23:34:40: Warning: ScriptCompiler - deprecated symbol in managed_mats.material(13): texture_alias. Use 'texture $variable'
23:34:40: Warning: ScriptCompiler - deprecated symbol in managed_mats.material(13): texture_alias. Use 'texture $variable'
23:34:40: Warning: ScriptCompiler - deprecated symbol in managed_mats.material(13): texture_alias. Use 'texture $variable'
23:34:40: Warning: ScriptCompiler - deprecated symbol in managed_mats.material(13): texture_alias. Use 'texture $variable'
23:34:40: Warning: ScriptCompiler - deprecated symbol in managed_mats.material(13): texture_alias. Use 'texture $variable'
23:34:40: Warning: ScriptCompiler - deprecated symbol in managed_mats.material(13): texture_alias. Use 'texture $variable'
23:34:40: Warning: ScriptCompiler - deprecated symbol in managed_mats.material(13): texture_alias. Use 'texture $variable'
23:34:40: Warning: ScriptCompiler - deprecated symbol in managed_mats.material(13): texture_alias. Use 'texture $variable'
23:34:40: Warning: ScriptCompiler - deprecated symbol in managed_mats.material(13): texture_alias. Use 'texture $variable'
23:34:40: Warning: ScriptCompiler - deprecated symbol in managed_mats.material(13): texture_alias. Use 'texture $variable'
23:34:40: Warning: ScriptCompiler - deprecated symbol in managed_mats.material(13): texture_alias. Use 'texture $variable'
23:34:40: Warning: ScriptCompiler - deprecated symbol in managed_mats.material(13): texture_alias. Use 'texture $variable'
23:34:40: Warning: ScriptCompiler - deprecated symbol in managed_mats.material(13): texture_alias. Use 'texture $variable'
23:34:40: Warning: ScriptCompiler - deprecated symbol in managed_mats.material(13): texture_alias. Use 'texture $variable'
23:34:40: Warning: ScriptCompiler - deprecated symbol in managed_mats.material(13): texture_alias. Use 'texture $variable'
23:34:40: Warning: ScriptCompiler - deprecated symbol in managed_mats.material(13): texture_alias. Use 'texture $variable'
23:34:40: Warning: ScriptCompiler - deprecated symbol in managed_mats.material(13): texture_alias. Use 'texture $variable'
23:34:40: Warning: ScriptCompiler - deprecated symbol in managed_mats.material(13): texture_alias. Use 'texture $variable'
23:34:40: Warning: ScriptCompiler - deprecated symbol in managed_mats.material(13): texture_alias. Use 'texture $variable'
23:34:40: Warning: ScriptCompiler - deprecated symbol in managed_mats.material(13): texture_alias. Use 'texture $variable'
23:34:40: Warning: ScriptCompiler - deprecated symbol in managed_mats.material(13): texture_alias. Use 'texture $variable'
23:34:40: Warning: ScriptCompiler - deprecated symbol in managed_mats.material(13): texture_alias. Use 'texture $variable'
23:34:40: Warning: ScriptCompiler - deprecated symbol in managed_mats.material(13): texture_alias. Use 'texture $variable'
23:34:40: Warning: ScriptCompiler - deprecated symbol in managed_mats.material(13): texture_alias. Use 'texture $variable'
23:34:40: Warning: ScriptCompiler - deprecated symbol in managed_mats.material(13): texture_alias. Use 'texture $variable'
23:34:40: Warning: ScriptCompiler - deprecated symbol in managed_mats.material(13): texture_alias. Use 'texture $variable'
23:34:40: Warning: ScriptCompiler - deprecated symbol in managed_mats.material(13): texture_alias. Use 'texture $variable'
23:34:40: Warning: ScriptCompiler - deprecated symbol in managed_mats.material(13): texture_alias. Use 'texture $variable'
23:34:40: Warning: ScriptCompiler - deprecated symbol in managed_mats.material(13): texture_alias. Use 'texture $variable'
23:34:40: Warning: ScriptCompiler - deprecated symbol in managed_mats.material(13): texture_alias. Use 'texture $variable'
23:34:40: Warning: ScriptCompiler - deprecated symbol in managed_mats.material(13): texture_alias. Use 'texture $variable'
23:34:40: Warning: ScriptCompiler - deprecated symbol in managed_mats.material(13): texture_alias. Use 'texture $variable'
23:34:40: Warning: ScriptCompiler - deprecated symbol in managed_mats.material(13): texture_alias. Use 'texture $variable'
23:34:40: Warning: ScriptCompiler - deprecated symbol in managed_mats.material(13): texture_alias. Use 'texture $variable'
23:34:40: Warning: ScriptCompiler - deprecated symbol in managed_mats.material(13): texture_alias. Use 'texture $variable'
23:34:40: Warning: ScriptCompiler - deprecated symbol in managed_mats.material(13): texture_alias. Use 'texture $variable'
23:34:40: Warning: ScriptCompiler - deprecated symbol in managed_mats.material(13): texture_alias. Use 'texture $variable'
23:34:40: Warning: ScriptCompiler - deprecated symbol in managed_mats.material(13): texture_alias. Use 'texture $variable'
23:34:40: Warning: ScriptCompiler - deprecated symbol in managed_mats.material(13): texture_alias. Use 'texture $variable'
23:34:40: Warning: ScriptCompiler - deprecated symbol in managed_mats.material(13): texture_alias. Use 'texture $variable'
23:34:40: Warning: ScriptCompiler - deprecated symbol in managed_mats.material(13): texture_alias. Use 'texture $variable'
23:34:40: Warning: ScriptCompiler - deprecated symbol in managed_mats.material(13): texture_alias. Use 'texture $variable'
23:34:40: Parsing script ferryslip.material
23:34:40: Parsing script floatingdocks.material
23:34:40: Parsing script fresnel.material
23:34:40: Warning: ScriptCompiler - deprecated symbol in fresnel.material(20): asm. Use syntax code.
23:34:40: Warning: ScriptCompiler - deprecated symbol in fresnel.material(37): cull_software. Only used by the BSP scene manager.
23:34:40: Warning: ScriptCompiler - deprecated symbol in fresnel.material(100): cull_software. Only used by the BSP scene manager.
23:34:40: Parsing script general.material
23:34:40: Warning: ScriptCompiler - deprecated symbol in general.material(308): 'cubic_texture ..'. Use 'texture .. cubic' instead.
23:34:40: Warning: ScriptCompiler - deprecated symbol in general.material(376): 'cubic_texture ..'. Use 'texture .. cubic' instead.
23:34:40: Parsing script grass.material
23:34:40: Parsing script hangar.material
23:34:40: Warning: ScriptCompiler - deprecated symbol in managed_mats.material(13): texture_alias. Use 'texture $variable'
23:34:40: Warning: ScriptCompiler - deprecated symbol in hangar.material(5): set_texture_alias. Use 'set $variable value'
23:34:40: Warning: ScriptCompiler - deprecated symbol in managed_mats.material(83): cull_software. Only used by the BSP scene manager.
23:34:40: Warning: ScriptCompiler - deprecated symbol in managed_mats.material(86): texture_alias. Use 'texture $variable'
23:34:40: Warning: ScriptCompiler - deprecated symbol in hangar.material(9): set_texture_alias. Use 'set $variable value'
23:34:40: Warning: ScriptCompiler - deprecated symbol in managed_mats.material(13): texture_alias. Use 'texture $variable'
23:34:40: Warning: ScriptCompiler - deprecated symbol in hangar.material(14): set_texture_alias. Use 'set $variable value'
23:34:40: Parsing script largedocks.material
23:34:40: Warning: ScriptCompiler - deprecated symbol in managed_mats.material(13): texture_alias. Use 'texture $variable'
23:34:40: Warning: ScriptCompiler - deprecated symbol in largedocks.material(5): set_texture_alias. Use 'set $variable value'
23:34:40: Parsing script load-spawner.material
23:34:40: Warning: ScriptCompiler - deprecated symbol in managed_mats.material(13): texture_alias. Use 'texture $variable'
23:34:40: Parsing script marina.material
23:34:40: Warning: ScriptCompiler - deprecated symbol in managed_mats.material(13): texture_alias. Use 'texture $variable'
23:34:40: Warning: ScriptCompiler - deprecated symbol in marina.material(5): set_texture_alias. Use 'set $variable value'
23:34:40: Parsing script open-truck-spawner.material
23:34:40: Warning: ScriptCompiler - deprecated symbol in managed_mats.material(13): texture_alias. Use 'texture $variable'
23:34:40: Parsing script ror.material
23:34:40: Warning: ScriptCompiler - deprecated symbol in ror.material(40): cull_software. Only used by the BSP scene manager.
23:34:40: Warning: ScriptCompiler - deprecated symbol in ror.material(59): cull_software. Only used by the BSP scene manager.
23:34:40: Warning: ScriptCompiler - deprecated symbol in managed_mats.material(13): texture_alias. Use 'texture $variable'
23:34:40: Warning: ScriptCompiler - deprecated symbol in ror.material(72): set_texture_alias. Use 'set $variable value'
23:34:40: Warning: ScriptCompiler - deprecated symbol in ror.material(221): cull_software. Only used by the BSP scene manager.
23:34:40: Warning: ScriptCompiler - deprecated symbol in ror.material(226): 'cubic_texture ..'. Use 'texture .. cubic' instead.
23:34:40: Warning: ScriptCompiler - deprecated symbol in ror.material(242): 'cubic_texture ..'. Use 'texture .. cubic' instead.
23:34:40: Warning: ScriptCompiler - deprecated symbol in ror.material(259): 'cubic_texture ..'. Use 'texture .. cubic' instead.
23:34:40: Warning: ScriptCompiler - deprecated symbol in managed_mats.material(13): texture_alias. Use 'texture $variable'
23:34:40: Warning: ScriptCompiler - deprecated symbol in ror.material(1818): set_texture_alias. Use 'set $variable value'
23:34:40: Warning: ScriptCompiler - deprecated symbol in managed_mats.material(13): texture_alias. Use 'texture $variable'
23:34:40: Warning: ScriptCompiler - deprecated symbol in ror.material(1823): set_texture_alias. Use 'set $variable value'
23:34:40: Warning: ScriptCompiler - deprecated symbol in managed_mats.material(13): texture_alias. Use 'texture $variable'
23:34:40: Warning: ScriptCompiler - deprecated symbol in ror.material(1828): set_texture_alias. Use 'set $variable value'
23:34:40: Warning: ScriptCompiler - deprecated symbol in managed_mats.material(13): texture_alias. Use 'texture $variable'
23:34:40: Warning: ScriptCompiler - deprecated symbol in ror.material(1833): set_texture_alias. Use 'set $variable value'
23:34:40: Warning: ScriptCompiler - deprecated symbol in managed_mats.material(13): texture_alias. Use 'texture $variable'
23:34:40: Warning: ScriptCompiler - deprecated symbol in ror.material(1838): set_texture_alias. Use 'set $variable value'
23:34:40: Warning: ScriptCompiler - deprecated symbol in managed_mats.material(13): texture_alias. Use 'texture $variable'
23:34:40: Warning: ScriptCompiler - deprecated symbol in ror.material(1843): set_texture_alias. Use 'set $variable value'
23:34:40: Warning: ScriptCompiler - deprecated symbol in managed_mats.material(13): texture_alias. Use 'texture $variable'
23:34:40: Warning: ScriptCompiler - deprecated symbol in ror.material(1848): set_texture_alias. Use 'set $variable value'
23:34:40: Warning: ScriptCompiler - deprecated symbol in managed_mats.material(13): texture_alias. Use 'texture $variable'
23:34:40: Warning: ScriptCompiler - deprecated symbol in ror.material(1866): set_texture_alias. Use 'set $variable value'
23:34:40: Warning: ScriptCompiler - deprecated symbol in ror.material(1895): cull_software. Only used by the BSP scene manager.
23:34:40: Warning: ScriptCompiler - deprecated symbol in ror.material(1917): 'cubic_texture ..'. Use 'texture .. cubic' instead.
23:34:40: Warning: ScriptCompiler - deprecated symbol in ror.material(1936): 'cubic_texture ..'. Use 'texture .. cubic' instead.
23:34:40: Warning: ScriptCompiler - deprecated symbol in ror.material(1955): 'cubic_texture ..'. Use 'texture .. cubic' instead.
23:34:40: Warning: ScriptCompiler - deprecated symbol in ror.material(1974): 'cubic_texture ..'. Use 'texture .. cubic' instead.
23:34:40: Warning: ScriptCompiler - deprecated symbol in managed_mats.material(13): texture_alias. Use 'texture $variable'
23:34:40: Warning: ScriptCompiler - deprecated symbol in ror.material(2013): set_texture_alias. Use 'set $variable value'
23:34:40: Warning: ScriptCompiler - deprecated symbol in ror.material(2114): cull_software. Only used by the BSP scene manager.
23:34:40: Warning: ScriptCompiler - deprecated symbol in ror.material(2170): cull_software. Only used by the BSP scene manager.
23:34:40: Warning: ScriptCompiler - deprecated symbol in ror.material(2840): cull_software. Only used by the BSP scene manager.
23:34:40: Warning: ScriptCompiler - deprecated symbol in ror.material(2854): cull_software. Only used by the BSP scene manager.
23:34:40: Warning: ScriptCompiler - deprecated symbol in ror.material(2876): cull_software. Only used by the BSP scene manager.
23:34:40: Warning: ScriptCompiler - deprecated symbol in ror.material(2891): cull_software. Only used by the BSP scene manager.
23:34:40: Parsing script runway.material
23:34:40: Warning: ScriptCompiler - deprecated symbol in managed_mats.material(13): texture_alias. Use 'texture $variable'
23:34:40: Warning: ScriptCompiler - deprecated symbol in managed_mats.material(13): texture_alias. Use 'texture $variable'
23:34:40: Warning: ScriptCompiler - deprecated symbol in managed_mats.material(13): texture_alias. Use 'texture $variable'
23:34:40: Warning: ScriptCompiler - deprecated symbol in managed_mats.material(13): texture_alias. Use 'texture $variable'
23:34:40: Warning: ScriptCompiler - deprecated symbol in managed_mats.material(13): texture_alias. Use 'texture $variable'
23:34:40: Warning: ScriptCompiler - deprecated symbol in managed_mats.material(13): texture_alias. Use 'texture $variable'
23:34:40: Warning: ScriptCompiler - deprecated symbol in managed_mats.material(13): texture_alias. Use 'texture $variable'
23:34:40: Warning: ScriptCompiler - deprecated symbol in managed_mats.material(13): texture_alias. Use 'texture $variable'
23:34:40: Warning: ScriptCompiler - deprecated symbol in managed_mats.material(13): texture_alias. Use 'texture $variable'
23:34:40: Warning: ScriptCompiler - deprecated symbol in managed_mats.material(13): texture_alias. Use 'texture $variable'
23:34:40: Warning: ScriptCompiler - deprecated symbol in managed_mats.material(13): texture_alias. Use 'texture $variable'
23:34:40: Warning: ScriptCompiler - deprecated symbol in managed_mats.material(13): texture_alias. Use 'texture $variable'
23:34:40: Warning: ScriptCompiler - deprecated symbol in managed_mats.material(13): texture_alias. Use 'texture $variable'
23:34:40: Warning: ScriptCompiler - deprecated symbol in managed_mats.material(13): texture_alias. Use 'texture $variable'
23:34:40: Warning: ScriptCompiler - deprecated symbol in managed_mats.material(13): texture_alias. Use 'texture $variable'
23:34:40: Warning: ScriptCompiler - deprecated symbol in managed_mats.material(13): texture_alias. Use 'texture $variable'
23:34:40: Warning: ScriptCompiler - deprecated symbol in managed_mats.material(13): texture_alias. Use 'texture $variable'
23:34:40: Warning: ScriptCompiler - deprecated symbol in managed_mats.material(13): texture_alias. Use 'texture $variable'
23:34:40: Warning: ScriptCompiler - deprecated symbol in managed_mats.material(13): texture_alias. Use 'texture $variable'
23:34:40: Warning: ScriptCompiler - deprecated symbol in managed_mats.material(13): texture_alias. Use 'texture $variable'
23:34:40: Warning: ScriptCompiler - deprecated symbol in managed_mats.material(13): texture_alias. Use 'texture $variable'
23:34:40: Warning: ScriptCompiler - deprecated symbol in managed_mats.material(13): texture_alias. Use 'texture $variable'
23:34:40: Warning: ScriptCompiler - deprecated symbol in managed_mats.material(13): texture_alias. Use 'texture $variable'
23:34:40: Warning: ScriptCompiler - deprecated symbol in managed_mats.material(13): texture_alias. Use 'texture $variable'
23:34:40: Warning: ScriptCompiler - deprecated symbol in managed_mats.material(13): texture_alias. Use 'texture $variable'
23:34:40: Warning: ScriptCompiler - deprecated symbol in managed_mats.material(13): texture_alias. Use 'texture $variable'
23:34:40: Warning: ScriptCompiler - deprecated symbol in managed_mats.material(13): texture_alias. Use 'texture $variable'
23:34:40: Warning: ScriptCompiler - deprecated symbol in managed_mats.material(13): texture_alias. Use 'texture $variable'
23:34:40: Warning: ScriptCompiler - deprecated symbol in managed_mats.material(13): texture_alias. Use 'texture $variable'
23:34:40: Warning: ScriptCompiler - deprecated symbol in managed_mats.material(13): texture_alias. Use 'texture $variable'
23:34:40: Warning: ScriptCompiler - deprecated symbol in managed_mats.material(13): texture_alias. Use 'texture $variable'
23:34:40: Warning: ScriptCompiler - deprecated symbol in managed_mats.material(13): texture_alias. Use 'texture $variable'
23:34:40: Warning: ScriptCompiler - deprecated symbol in managed_mats.material(13): texture_alias. Use 'texture $variable'
23:34:40: Warning: ScriptCompiler - deprecated symbol in managed_mats.material(13): texture_alias. Use 'texture $variable'
23:34:40: Warning: ScriptCompiler - deprecated symbol in managed_mats.material(13): texture_alias. Use 'texture $variable'
23:34:40: Warning: ScriptCompiler - deprecated symbol in managed_mats.material(13): texture_alias. Use 'texture $variable'
23:34:40: Warning: ScriptCompiler - deprecated symbol in managed_mats.material(13): texture_alias. Use 'texture $variable'
23:34:40: Warning: ScriptCompiler - deprecated symbol in managed_mats.material(13): texture_alias. Use 'texture $variable'
23:34:40: Warning: ScriptCompiler - deprecated symbol in managed_mats.material(13): texture_alias. Use 'texture $variable'
23:34:40: Warning: ScriptCompiler - deprecated symbol in managed_mats.material(13): texture_alias. Use 'texture $variable'
23:34:40: Parsing script trafficlights.material
23:34:40: Warning: ScriptCompiler - deprecated symbol in managed_mats.material(13): texture_alias. Use 'texture $variable'
23:34:40: Warning: ScriptCompiler - deprecated symbol in managed_mats.material(13): texture_alias. Use 'texture $variable'
23:34:40: Warning: ScriptCompiler - deprecated symbol in managed_mats.material(13): texture_alias. Use 'texture $variable'
23:34:40: Parsing script train_platform.material
23:34:40: Warning: ScriptCompiler - deprecated symbol in managed_mats.material(13): texture_alias. Use 'texture $variable'
23:34:40: Warning: ScriptCompiler - deprecated symbol in managed_mats.material(13): texture_alias. Use 'texture $variable'
23:34:40: Parsing script train_rails.material
23:34:40: Warning: ScriptCompiler - deprecated symbol in managed_mats.material(13): texture_alias. Use 'texture $variable'
23:34:40: Warning: ScriptCompiler - deprecated symbol in train_rails.material(38): set_texture_alias. Use 'set $variable value'
23:34:40: Warning: ScriptCompiler - deprecated symbol in managed_mats.material(13): texture_alias. Use 'texture $variable'
23:34:40: Warning: ScriptCompiler - deprecated symbol in train_rails.material(44): set_texture_alias. Use 'set $variable value'
23:34:40: Warning: ScriptCompiler - deprecated symbol in managed_mats.material(13): texture_alias. Use 'texture $variable'
23:34:40: Warning: ScriptCompiler - deprecated symbol in train_rails.material(50): set_texture_alias. Use 'set $variable value'
23:34:40: Warning: ScriptCompiler - deprecated symbol in managed_mats.material(13): texture_alias. Use 'texture $variable'
23:34:40: Warning: ScriptCompiler - deprecated symbol in train_rails.material(56): set_texture_alias. Use 'set $variable value'
23:34:40: Warning: ScriptCompiler - deprecated symbol in managed_mats.material(13): texture_alias. Use 'texture $variable'
23:34:40: Warning: ScriptCompiler - deprecated symbol in train_rails.material(62): set_texture_alias. Use 'set $variable value'
23:34:40: Warning: ScriptCompiler - deprecated symbol in managed_mats.material(13): texture_alias. Use 'texture $variable'
23:34:40: Warning: ScriptCompiler - deprecated symbol in train_rails.material(68): set_texture_alias. Use 'set $variable value'
23:34:40: Parsing script truckshop.material
23:34:40: Warning: ScriptCompiler - deprecated symbol in managed_mats.material(13): texture_alias. Use 'texture $variable'
23:34:40: Warning: ScriptCompiler - deprecated symbol in truckshop.material(14): set_texture_alias. Use 'set $variable value'
23:34:40: Parsing script character.material
23:34:40: Finished parsing scripts for resource group {bundle BIN:/content/dafsemi.zip}
23:34:40: Creating resources for group {bundle BIN:/content/dafsemi.zip}
23:34:40: All done
23:34:40: [RoR] Parsing truckfile 'b6b0UID-semi.truck'
23:34:40:  == Validating vehicle: Daf Semi truck
23:34:40:  == Spawning vehicle: Daf Semi truck
23:34:40: [RoR|Dashboard] Creating new RTTLayer 'RttLayer_1'
23:34:40: [RoR|Dashboard] Created texture 'rendertex (b6b0UID-semi.truck [Instance ID 2026072805])' in RTTLayer 'RttLayer_1'
23:34:40: [RoR|DashBoard] Swapping placeholder 'dashtexture' for 'rendertex (b6b0UID-semi.truck [Instance ID 2026072805])'
23:34:40: Mesh: Loading beam.mesh.
23:34:40: Texture 'RustySteel.dds': Loading 1 faces(PF_DXT1,256x256x1) with 5 custom mipmaps from Image. Internal format is PF_DXT1,256x256x1.
23:34:40: Texture 'ttwinwheelface.dds': Loading 1 faces(PF_DXT1,256x256x1) with 5 custom mipmaps from Image. Internal format is PF_DXT1,256x256x1.
23:34:40: Texture 'wheelband1.dds': Loading 1 faces(PF_DXT1,32x32x1) with 5 custom mipmaps from Image. Internal format is PF_DXT1,32x32x1.
23:34:40: Texture 'wheelband2.dds': Loading 1 faces(PF_DXT1,32x64x1) with 5 custom mipmaps from Image. Internal format is PF_DXT1,32x64x1.
23:34:40: Texture 'blinkflare.dds': Loading 1 faces(PF_DXT5,128x128x1) with 5 custom mipmaps from Image. Internal format is PF_DXT5,128x128x1.
23:34:40: Texture 'brakeflare.dds': Loading 1 faces(PF_DXT5,128x128x1) with 5 custom mipmaps from Image. Internal format is PF_DXT5,128x128x1.
23:34:40: Mesh: Loading dirwheel.mesh.
23:34:40: Texture 'dirwheel.dds': Loading 1 faces(PF_DXT1,256x256x1) with 5 custom mipmaps from Image. Internal format is PF_DXT1,256x256x1.
23:34:40: Mesh: Loading dashboard.mesh.
23:34:40: Mesh: Loading leftmirror.mesh.
23:34:40: Texture 'mirror.dds': Loading 1 faces(PF_DXT1,32x32x1) with 5 custom mipmaps from Image. Internal format is PF_DXT1,32x32x1.
23:34:40: Texture 'mirrorlayer.dds': Loading 1 faces(PF_DXT5,128x256x1) with 5 custom mipmaps from Image. Internal format is PF_DXT5,128x256x1.
23:34:40: Mesh: Loading rightmirror.mesh.
23:34:40: Mesh: Loading seat.mesh.
23:34:40: Texture 'seat.dds': Loading 1 faces(PF_DXT1,256x256x1) with 5 custom mipmaps from Image. Internal format is PF_DXT1,256x256x1.
23:34:40: [RoR|Actor|Notice] Daf Semi truck (props): Found more than one 'seat[2]' special props. Only the first one will be the driver's seat.
23:34:40: Texture 'b6b0UID-semi.dds': Loading 1 faces(PF_DXT3,1024x512x1) with 5 custom mipmaps from Image. Internal format is PF_DXT3,1024x512x1.
23:34:40: Texture 'b6b0UID-ampliroll_emissive.dds': Loading 1 faces(PF_DXT1,256x128x1) with 5 custom mipmaps from Image. Internal format is PF_DXT1,256x128x1.
23:34:40: Creating resource group {bundle BIN:/resources/dashboards.zip}
23:34:40: Added resource location '/Applications/RoR.app/Contents/MacOS/resources/dashboards.zip' of type 'Zip' to resource group '{bundle BIN:/resources/dashboards.zip}'
23:34:40: Added resource location '/Applications/RoR.app/Contents/MacOS/resources/managed_materials/shadows/pssm/rtss' of type 'FileSystem' to resource group '{bundle BIN:/resources/dashboards.zip}'
23:34:40: Added resource location '/Applications/RoR.app/Contents/MacOS/resources/managed_materials/texture' of type 'FileSystem' to resource group '{bundle BIN:/resources/dashboards.zip}'
23:34:40: Added resource location '/Applications/RoR.app/Contents/MacOS/resources/managed_materials' of type 'FileSystem' to resource group '{bundle BIN:/resources/dashboards.zip}'
23:34:40: [RoR|ContentManager] Loading resource pack "textures" to group "{bundle BIN:/resources/dashboards.zip}" (ZIP archive)
23:34:40: Warning: Skipping 'shipsteer.dds' because it already exists in resource group '{bundle BIN:/resources/dashboards.zip}'
23:34:40: Added resource location '/Applications/RoR.app/Contents/MacOS/resources/textures.zip' of type 'Zip' to resource group '{bundle BIN:/resources/dashboards.zip}'
23:34:40: [RoR|ContentManager] Loading resource pack "materials" to group "{bundle BIN:/resources/dashboards.zip}" (ZIP archive)
23:34:40: Added resource location '/Applications/RoR.app/Contents/MacOS/resources/materials.zip' of type 'Zip' to resource group '{bundle BIN:/resources/dashboards.zip}'
23:34:40: [RoR|ContentManager] Loading resource pack "meshes" to group "{bundle BIN:/resources/dashboards.zip}" (ZIP archive)
23:34:40: Warning: Skipping 'character.material' because it already exists in resource group '{bundle BIN:/resources/dashboards.zip}'
23:34:40: Added resource location '/Applications/RoR.app/Contents/MacOS/resources/meshes.zip' of type 'Zip' to resource group '{bundle BIN:/resources/dashboards.zip}'
23:34:40: Initialising resource group {bundle BIN:/resources/dashboards.zip}
23:34:40: Parsing scripts for resource group {bundle BIN:/resources/dashboards.zip}
23:34:40: Parsing script nicemetal_mm.program
23:34:40: Parsing script general.program
23:34:40: Parsing script nicemetal.program
23:34:40: Parsing script shadows.material
23:34:40: Parsing script texture_manager.material
23:34:40: Parsing script managed_mats_vehicles_nicemetal.material
23:34:40: Warning: ScriptCompiler - deprecated symbol in managed_mats_vehicles_nicemetal.material(31): texture_alias. Use 'texture $variable'
23:34:40: Warning: ScriptCompiler - deprecated symbol in managed_mats_vehicles_nicemetal.material(51): texture_alias. Use 'texture $variable'
23:34:40: Warning: ScriptCompiler - deprecated symbol in managed_mats_vehicles_nicemetal.material(56): 'cubic_texture ..'. Use 'texture .. cubic' instead.
23:34:40: Warning: ScriptCompiler - deprecated symbol in managed_mats_vehicles_nicemetal.material(92): texture_alias. Use 'texture $variable'
23:34:40: Warning: ScriptCompiler - deprecated symbol in managed_mats_vehicles_nicemetal.material(118): texture_alias. Use 'texture $variable'
23:34:40: Warning: ScriptCompiler - deprecated symbol in managed_mats_vehicles_nicemetal.material(123): 'cubic_texture ..'. Use 'texture .. cubic' instead.
23:34:40: Warning: ScriptCompiler - deprecated symbol in managed_mats_vehicles_nicemetal.material(151): texture_alias. Use 'texture $variable'
23:34:40: Warning: ScriptCompiler - deprecated symbol in managed_mats_vehicles_nicemetal.material(157): texture_alias. Use 'texture $variable'
23:34:40: Warning: ScriptCompiler - deprecated symbol in managed_mats_vehicles_nicemetal.material(176): texture_alias. Use 'texture $variable'
23:34:40: Warning: ScriptCompiler - deprecated symbol in managed_mats_vehicles_nicemetal.material(181): 'cubic_texture ..'. Use 'texture .. cubic' instead.
23:34:40: Parsing script managed_submesh.material
23:34:40: Error: ScriptCompiler - unexpected token in managed_submesh.material(25): token "normalise_normals" is not recognized
23:34:40: Warning: ScriptCompiler - deprecated symbol in managed_submesh.material(33): texture_alias. Use 'texture $variable'
23:34:40: Warning: ScriptCompiler - deprecated symbol in managed_submesh.material(53): texture_alias. Use 'texture $variable'
23:34:40: Warning: ScriptCompiler - deprecated symbol in managed_mats.material(13): texture_alias. Use 'texture $variable'
23:34:40: Warning: ScriptCompiler - deprecated symbol in managed_submesh.material(70): texture_alias. Use 'texture $variable'
23:34:40: Warning: ScriptCompiler - deprecated symbol in managed_submesh.material(86): cull_software. Only used by the BSP scene manager.
23:34:40: Warning: ScriptCompiler - deprecated symbol in managed_submesh.material(90): texture_alias. Use 'texture $variable'
23:34:40: Warning: ScriptCompiler - deprecated symbol in managed_submesh.material(98): 'cubic_texture ..'. Use 'texture .. cubic' instead.
23:34:40: Error: ScriptCompiler - unexpected token in managed_submesh.material(131): token "normalise_normals" is not recognized
23:34:40: Warning: ScriptCompiler - deprecated symbol in managed_submesh.material(139): texture_alias. Use 'texture $variable'
23:34:40: Warning: ScriptCompiler - deprecated symbol in managed_submesh.material(159): texture_alias. Use 'texture $variable'
23:34:40: Warning: ScriptCompiler - deprecated symbol in managed_mats.material(13): texture_alias. Use 'texture $variable'
23:34:40: Warning: ScriptCompiler - deprecated symbol in managed_submesh.material(176): texture_alias. Use 'texture $variable'
23:34:40: Warning: ScriptCompiler - deprecated symbol in managed_submesh.material(194): texture_alias. Use 'texture $variable'
23:34:40: Warning: ScriptCompiler - deprecated symbol in managed_submesh.material(203): 'cubic_texture ..'. Use 'texture .. cubic' instead.
23:34:40: Error: ScriptCompiler - unexpected token in managed_submesh.material(237): token "normalise_normals" is not recognized
23:34:40: Warning: ScriptCompiler - deprecated symbol in managed_submesh.material(245): texture_alias. Use 'texture $variable'
23:34:40: Warning: ScriptCompiler - deprecated symbol in managed_mats.material(13): texture_alias. Use 'texture $variable'
23:34:40: Warning: ScriptCompiler - deprecated symbol in managed_submesh.material(270): texture_alias. Use 'texture $variable'
23:34:40: Warning: ScriptCompiler - deprecated symbol in managed_submesh.material(286): cull_software. Only used by the BSP scene manager.
23:34:40: Warning: ScriptCompiler - deprecated symbol in managed_submesh.material(290): texture_alias. Use 'texture $variable'
23:34:40: Warning: ScriptCompiler - deprecated symbol in managed_submesh.material(298): 'cubic_texture ..'. Use 'texture .. cubic' instead.
23:34:40: Error: ScriptCompiler - unexpected token in managed_submesh.material(342): token "normalise_normals" is not recognized
23:34:40: Warning: ScriptCompiler - deprecated symbol in managed_submesh.material(350): texture_alias. Use 'texture $variable'
23:34:40: Warning: ScriptCompiler - deprecated symbol in managed_mats.material(13): texture_alias. Use 'texture $variable'
23:34:40: Warning: ScriptCompiler - deprecated symbol in managed_submesh.material(375): texture_alias. Use 'texture $variable'
23:34:40: Warning: ScriptCompiler - deprecated symbol in managed_submesh.material(393): texture_alias. Use 'texture $variable'
23:34:40: Warning: ScriptCompiler - deprecated symbol in managed_submesh.material(402): 'cubic_texture ..'. Use 'texture .. cubic' instead.
23:34:40: Parsing script managed_mats_vehicles.material
23:34:40: Warning: ScriptCompiler - deprecated symbol in texture_manager.material(16): 'cubic_texture ..'. Use 'texture .. cubic' instead.
23:34:40: Warning: ScriptCompiler - deprecated symbol in texture_manager.material(16): 'cubic_texture ..'. Use 'texture .. cubic' instead.
23:34:40: Warning: ScriptCompiler - deprecated symbol in texture_manager.material(16): 'cubic_texture ..'. Use 'texture .. cubic' instead.
23:34:40: Parsing script managed_mats_vehicles_transparent_nicemetal.material
23:34:40: Warning: ScriptCompiler - deprecated symbol in managed_mats_vehicles_transparent_nicemetal.material(33): texture_alias. Use 'texture $variable'
23:34:40: Warning: ScriptCompiler - deprecated symbol in managed_mats_vehicles_transparent_nicemetal.material(54): texture_alias. Use 'texture $variable'
23:34:40: Warning: ScriptCompiler - deprecated symbol in managed_mats_vehicles_transparent_nicemetal.material(59): 'cubic_texture ..'. Use 'texture .. cubic' instead.
23:34:40: Warning: ScriptCompiler - deprecated symbol in managed_mats_vehicles_transparent_nicemetal.material(98): texture_alias. Use 'texture $variable'
23:34:40: Warning: ScriptCompiler - deprecated symbol in managed_mats_vehicles_transparent_nicemetal.material(125): texture_alias. Use 'texture $variable'
23:34:40: Error: ScriptCompiler - fewer parameters expected in managed_mats_vehicles_transparent_nicemetal.material(125): texture_alias must have at most 1 argument
23:34:40: Warning: ScriptCompiler - deprecated symbol in managed_mats_vehicles_transparent_nicemetal.material(130): 'cubic_texture ..'. Use 'texture .. cubic' instead.
23:34:40: Warning: ScriptCompiler - deprecated symbol in managed_mats_vehicles_transparent_nicemetal.material(166): texture_alias. Use 'texture $variable'
23:34:40: Warning: ScriptCompiler - deprecated symbol in managed_mats_vehicles_transparent_nicemetal.material(186): texture_alias. Use 'texture $variable'
23:34:40: Warning: ScriptCompiler - deprecated symbol in managed_mats_vehicles_transparent_nicemetal.material(191): 'cubic_texture ..'. Use 'texture .. cubic' instead.
23:34:40: Parsing script managed_mats.material
23:34:40: Parsing script managed_mats_vehicles_transparent.material
23:34:40: Warning: ScriptCompiler - deprecated symbol in texture_manager.material(16): 'cubic_texture ..'. Use 'texture .. cubic' instead.
23:34:40: Warning: ScriptCompiler - deprecated symbol in texture_manager.material(16): 'cubic_texture ..'. Use 'texture .. cubic' instead.
23:34:40: Warning: ScriptCompiler - deprecated symbol in texture_manager.material(16): 'cubic_texture ..'. Use 'texture .. cubic' instead.
23:34:40: Parsing script character.material
23:34:40: Warning: ScriptCompiler - deprecated symbol in managed_mats.material(13): texture_alias. Use 'texture $variable'
23:34:40: Parsing script eurosigns.material
23:34:40: Warning: ScriptCompiler - deprecated symbol in managed_mats.material(13): texture_alias. Use 'texture $variable'
23:34:40: Warning: ScriptCompiler - deprecated symbol in managed_mats.material(13): texture_alias. Use 'texture $variable'
23:34:40: Warning: ScriptCompiler - deprecated symbol in managed_mats.material(13): texture_alias. Use 'texture $variable'
23:34:40: Warning: ScriptCompiler - deprecated symbol in managed_mats.material(13): texture_alias. Use 'texture $variable'
23:34:40: Warning: ScriptCompiler - deprecated symbol in managed_mats.material(13): texture_alias. Use 'texture $variable'
23:34:40: Warning: ScriptCompiler - deprecated symbol in managed_mats.material(13): texture_alias. Use 'texture $variable'
23:34:40: Warning: ScriptCompiler - deprecated symbol in managed_mats.material(13): texture_alias. Use 'texture $variable'
23:34:40: Warning: ScriptCompiler - deprecated symbol in managed_mats.material(13): texture_alias. Use 'texture $variable'
23:34:40: Warning: ScriptCompiler - deprecated symbol in managed_mats.material(13): texture_alias. Use 'texture $variable'
23:34:40: Warning: ScriptCompiler - deprecated symbol in managed_mats.material(13): texture_alias. Use 'texture $variable'
23:34:40: Warning: ScriptCompiler - deprecated symbol in managed_mats.material(13): texture_alias. Use 'texture $variable'
23:34:40: Warning: ScriptCompiler - deprecated symbol in managed_mats.material(13): texture_alias. Use 'texture $variable'
23:34:40: Warning: ScriptCompiler - deprecated symbol in managed_mats.material(13): texture_alias. Use 'texture $variable'
23:34:40: Warning: ScriptCompiler - deprecated symbol in managed_mats.material(13): texture_alias. Use 'texture $variable'
23:34:40: Warning: ScriptCompiler - deprecated symbol in managed_mats.material(13): texture_alias. Use 'texture $variable'
23:34:40: Warning: ScriptCompiler - deprecated symbol in managed_mats.material(13): texture_alias. Use 'texture $variable'
23:34:40: Warning: ScriptCompiler - deprecated symbol in managed_mats.material(13): texture_alias. Use 'texture $variable'
23:34:40: Warning: ScriptCompiler - deprecated symbol in managed_mats.material(13): texture_alias. Use 'texture $variable'
23:34:40: Warning: ScriptCompiler - deprecated symbol in managed_mats.material(13): texture_alias. Use 'texture $variable'
23:34:40: Warning: ScriptCompiler - deprecated symbol in managed_mats.material(13): texture_alias. Use 'texture $variable'
23:34:40: Warning: ScriptCompiler - deprecated symbol in managed_mats.material(13): texture_alias. Use 'texture $variable'
23:34:40: Warning: ScriptCompiler - deprecated symbol in managed_mats.material(13): texture_alias. Use 'texture $variable'
23:34:40: Warning: ScriptCompiler - deprecated symbol in managed_mats.material(13): texture_alias. Use 'texture $variable'
23:34:40: Warning: ScriptCompiler - deprecated symbol in managed_mats.material(13): texture_alias. Use 'texture $variable'
23:34:40: Warning: ScriptCompiler - deprecated symbol in managed_mats.material(13): texture_alias. Use 'texture $variable'
23:34:40: Warning: ScriptCompiler - deprecated symbol in managed_mats.material(13): texture_alias. Use 'texture $variable'
23:34:40: Warning: ScriptCompiler - deprecated symbol in managed_mats.material(13): texture_alias. Use 'texture $variable'
23:34:40: Warning: ScriptCompiler - deprecated symbol in managed_mats.material(13): texture_alias. Use 'texture $variable'
23:34:40: Warning: ScriptCompiler - deprecated symbol in managed_mats.material(13): texture_alias. Use 'texture $variable'
23:34:40: Warning: ScriptCompiler - deprecated symbol in managed_mats.material(13): texture_alias. Use 'texture $variable'
23:34:40: Warning: ScriptCompiler - deprecated symbol in managed_mats.material(13): texture_alias. Use 'texture $variable'
23:34:40: Warning: ScriptCompiler - deprecated symbol in managed_mats.material(13): texture_alias. Use 'texture $variable'
23:34:40: Warning: ScriptCompiler - deprecated symbol in managed_mats.material(13): texture_alias. Use 'texture $variable'
23:34:40: Warning: ScriptCompiler - deprecated symbol in managed_mats.material(13): texture_alias. Use 'texture $variable'
23:34:40: Warning: ScriptCompiler - deprecated symbol in managed_mats.material(13): texture_alias. Use 'texture $variable'
23:34:40: Warning: ScriptCompiler - deprecated symbol in managed_mats.material(13): texture_alias. Use 'texture $variable'
23:34:40: Warning: ScriptCompiler - deprecated symbol in managed_mats.material(13): texture_alias. Use 'texture $variable'
23:34:40: Warning: ScriptCompiler - deprecated symbol in managed_mats.material(13): texture_alias. Use 'texture $variable'
23:34:40: Warning: ScriptCompiler - deprecated symbol in managed_mats.material(13): texture_alias. Use 'texture $variable'
23:34:40: Warning: ScriptCompiler - deprecated symbol in managed_mats.material(13): texture_alias. Use 'texture $variable'
23:34:40: Warning: ScriptCompiler - deprecated symbol in managed_mats.material(13): texture_alias. Use 'texture $variable'
23:34:40: Warning: ScriptCompiler - deprecated symbol in managed_mats.material(13): texture_alias. Use 'texture $variable'
23:34:40: Warning: ScriptCompiler - deprecated symbol in managed_mats.material(13): texture_alias. Use 'texture $variable'
23:34:40: Warning: ScriptCompiler - deprecated symbol in managed_mats.material(13): texture_alias. Use 'texture $variable'
23:34:40: Warning: ScriptCompiler - deprecated symbol in managed_mats.material(13): texture_alias. Use 'texture $variable'
23:34:40: Warning: ScriptCompiler - deprecated symbol in managed_mats.material(13): texture_alias. Use 'texture $variable'
23:34:40: Warning: ScriptCompiler - deprecated symbol in managed_mats.material(13): texture_alias. Use 'texture $variable'
23:34:40: Warning: ScriptCompiler - deprecated symbol in managed_mats.material(13): texture_alias. Use 'texture $variable'
23:34:40: Warning: ScriptCompiler - deprecated symbol in managed_mats.material(13): texture_alias. Use 'texture $variable'
23:34:40: Warning: ScriptCompiler - deprecated symbol in managed_mats.material(13): texture_alias. Use 'texture $variable'
23:34:40: Warning: ScriptCompiler - deprecated symbol in managed_mats.material(13): texture_alias. Use 'texture $variable'
23:34:40: Warning: ScriptCompiler - deprecated symbol in managed_mats.material(13): texture_alias. Use 'texture $variable'
23:34:40: Warning: ScriptCompiler - deprecated symbol in managed_mats.material(13): texture_alias. Use 'texture $variable'
23:34:40: Warning: ScriptCompiler - deprecated symbol in managed_mats.material(13): texture_alias. Use 'texture $variable'
23:34:40: Warning: ScriptCompiler - deprecated symbol in managed_mats.material(13): texture_alias. Use 'texture $variable'
23:34:40: Warning: ScriptCompiler - deprecated symbol in managed_mats.material(13): texture_alias. Use 'texture $variable'
23:34:40: Warning: ScriptCompiler - deprecated symbol in managed_mats.material(13): texture_alias. Use 'texture $variable'
23:34:40: Warning: ScriptCompiler - deprecated symbol in managed_mats.material(13): texture_alias. Use 'texture $variable'
23:34:40: Warning: ScriptCompiler - deprecated symbol in managed_mats.material(13): texture_alias. Use 'texture $variable'
23:34:40: Warning: ScriptCompiler - deprecated symbol in managed_mats.material(13): texture_alias. Use 'texture $variable'
23:34:40: Warning: ScriptCompiler - deprecated symbol in managed_mats.material(13): texture_alias. Use 'texture $variable'
23:34:40: Warning: ScriptCompiler - deprecated symbol in managed_mats.material(13): texture_alias. Use 'texture $variable'
23:34:40: Warning: ScriptCompiler - deprecated symbol in managed_mats.material(13): texture_alias. Use 'texture $variable'
23:34:40: Warning: ScriptCompiler - deprecated symbol in managed_mats.material(13): texture_alias. Use 'texture $variable'
23:34:40: Warning: ScriptCompiler - deprecated symbol in managed_mats.material(13): texture_alias. Use 'texture $variable'
23:34:40: Warning: ScriptCompiler - deprecated symbol in managed_mats.material(13): texture_alias. Use 'texture $variable'
23:34:40: Warning: ScriptCompiler - deprecated symbol in managed_mats.material(13): texture_alias. Use 'texture $variable'
23:34:40: Warning: ScriptCompiler - deprecated symbol in managed_mats.material(13): texture_alias. Use 'texture $variable'
23:34:40: Warning: ScriptCompiler - deprecated symbol in managed_mats.material(13): texture_alias. Use 'texture $variable'
23:34:40: Warning: ScriptCompiler - deprecated symbol in managed_mats.material(13): texture_alias. Use 'texture $variable'
23:34:40: Warning: ScriptCompiler - deprecated symbol in managed_mats.material(13): texture_alias. Use 'texture $variable'
23:34:40: Warning: ScriptCompiler - deprecated symbol in managed_mats.material(13): texture_alias. Use 'texture $variable'
23:34:40: Warning: ScriptCompiler - deprecated symbol in managed_mats.material(13): texture_alias. Use 'texture $variable'
23:34:40: Warning: ScriptCompiler - deprecated symbol in managed_mats.material(13): texture_alias. Use 'texture $variable'
23:34:40: Warning: ScriptCompiler - deprecated symbol in managed_mats.material(13): texture_alias. Use 'texture $variable'
23:34:40: Warning: ScriptCompiler - deprecated symbol in managed_mats.material(13): texture_alias. Use 'texture $variable'
23:34:40: Parsing script ferryslip.material
23:34:40: Parsing script floatingdocks.material
23:34:40: Parsing script fresnel.material
23:34:40: Warning: ScriptCompiler - deprecated symbol in fresnel.material(20): asm. Use syntax code.
23:34:40: Warning: ScriptCompiler - deprecated symbol in fresnel.material(37): cull_software. Only used by the BSP scene manager.
23:34:40: Warning: ScriptCompiler - deprecated symbol in fresnel.material(100): cull_software. Only used by the BSP scene manager.
23:34:40: Parsing script general.material
23:34:40: Warning: ScriptCompiler - deprecated symbol in general.material(308): 'cubic_texture ..'. Use 'texture .. cubic' instead.
23:34:40: Warning: ScriptCompiler - deprecated symbol in general.material(376): 'cubic_texture ..'. Use 'texture .. cubic' instead.
23:34:40: Parsing script grass.material
23:34:40: Parsing script hangar.material
23:34:40: Warning: ScriptCompiler - deprecated symbol in managed_mats.material(13): texture_alias. Use 'texture $variable'
23:34:40: Warning: ScriptCompiler - deprecated symbol in hangar.material(5): set_texture_alias. Use 'set $variable value'
23:34:40: Warning: ScriptCompiler - deprecated symbol in managed_mats.material(83): cull_software. Only used by the BSP scene manager.
23:34:40: Warning: ScriptCompiler - deprecated symbol in managed_mats.material(86): texture_alias. Use 'texture $variable'
23:34:40: Warning: ScriptCompiler - deprecated symbol in hangar.material(9): set_texture_alias. Use 'set $variable value'
23:34:40: Warning: ScriptCompiler - deprecated symbol in managed_mats.material(13): texture_alias. Use 'texture $variable'
23:34:40: Warning: ScriptCompiler - deprecated symbol in hangar.material(14): set_texture_alias. Use 'set $variable value'
23:34:40: Parsing script largedocks.material
23:34:40: Warning: ScriptCompiler - deprecated symbol in managed_mats.material(13): texture_alias. Use 'texture $variable'
23:34:40: Warning: ScriptCompiler - deprecated symbol in largedocks.material(5): set_texture_alias. Use 'set $variable value'
23:34:40: Parsing script load-spawner.material
23:34:40: Warning: ScriptCompiler - deprecated symbol in managed_mats.material(13): texture_alias. Use 'texture $variable'
23:34:40: Parsing script marina.material
23:34:40: Warning: ScriptCompiler - deprecated symbol in managed_mats.material(13): texture_alias. Use 'texture $variable'
23:34:40: Warning: ScriptCompiler - deprecated symbol in marina.material(5): set_texture_alias. Use 'set $variable value'
23:34:40: Parsing script open-truck-spawner.material
23:34:40: Warning: ScriptCompiler - deprecated symbol in managed_mats.material(13): texture_alias. Use 'texture $variable'
23:34:40: Parsing script ror.material
23:34:40: Warning: ScriptCompiler - deprecated symbol in ror.material(40): cull_software. Only used by the BSP scene manager.
23:34:40: Warning: ScriptCompiler - deprecated symbol in ror.material(59): cull_software. Only used by the BSP scene manager.
23:34:40: Warning: ScriptCompiler - deprecated symbol in managed_mats.material(13): texture_alias. Use 'texture $variable'
23:34:40: Warning: ScriptCompiler - deprecated symbol in ror.material(72): set_texture_alias. Use 'set $variable value'
23:34:40: Warning: ScriptCompiler - deprecated symbol in ror.material(221): cull_software. Only used by the BSP scene manager.
23:34:40: Warning: ScriptCompiler - deprecated symbol in ror.material(226): 'cubic_texture ..'. Use 'texture .. cubic' instead.
23:34:40: Warning: ScriptCompiler - deprecated symbol in ror.material(242): 'cubic_texture ..'. Use 'texture .. cubic' instead.
23:34:40: Warning: ScriptCompiler - deprecated symbol in ror.material(259): 'cubic_texture ..'. Use 'texture .. cubic' instead.
23:34:40: Warning: ScriptCompiler - deprecated symbol in managed_mats.material(13): texture_alias. Use 'texture $variable'
23:34:40: Warning: ScriptCompiler - deprecated symbol in ror.material(1818): set_texture_alias. Use 'set $variable value'
23:34:40: Warning: ScriptCompiler - deprecated symbol in managed_mats.material(13): texture_alias. Use 'texture $variable'
23:34:40: Warning: ScriptCompiler - deprecated symbol in ror.material(1823): set_texture_alias. Use 'set $variable value'
23:34:40: Warning: ScriptCompiler - deprecated symbol in managed_mats.material(13): texture_alias. Use 'texture $variable'
23:34:40: Warning: ScriptCompiler - deprecated symbol in ror.material(1828): set_texture_alias. Use 'set $variable value'
23:34:40: Warning: ScriptCompiler - deprecated symbol in managed_mats.material(13): texture_alias. Use 'texture $variable'
23:34:40: Warning: ScriptCompiler - deprecated symbol in ror.material(1833): set_texture_alias. Use 'set $variable value'
23:34:40: Warning: ScriptCompiler - deprecated symbol in managed_mats.material(13): texture_alias. Use 'texture $variable'
23:34:40: Warning: ScriptCompiler - deprecated symbol in ror.material(1838): set_texture_alias. Use 'set $variable value'
23:34:40: Warning: ScriptCompiler - deprecated symbol in managed_mats.material(13): texture_alias. Use 'texture $variable'
23:34:40: Warning: ScriptCompiler - deprecated symbol in ror.material(1843): set_texture_alias. Use 'set $variable value'
23:34:40: Warning: ScriptCompiler - deprecated symbol in managed_mats.material(13): texture_alias. Use 'texture $variable'
23:34:40: Warning: ScriptCompiler - deprecated symbol in ror.material(1848): set_texture_alias. Use 'set $variable value'
23:34:40: Warning: ScriptCompiler - deprecated symbol in managed_mats.material(13): texture_alias. Use 'texture $variable'
23:34:40: Warning: ScriptCompiler - deprecated symbol in ror.material(1866): set_texture_alias. Use 'set $variable value'
23:34:40: Warning: ScriptCompiler - deprecated symbol in ror.material(1895): cull_software. Only used by the BSP scene manager.
23:34:40: Warning: ScriptCompiler - deprecated symbol in ror.material(1917): 'cubic_texture ..'. Use 'texture .. cubic' instead.
23:34:40: Warning: ScriptCompiler - deprecated symbol in ror.material(1936): 'cubic_texture ..'. Use 'texture .. cubic' instead.
23:34:40: Warning: ScriptCompiler - deprecated symbol in ror.material(1955): 'cubic_texture ..'. Use 'texture .. cubic' instead.
23:34:40: Warning: ScriptCompiler - deprecated symbol in ror.material(1974): 'cubic_texture ..'. Use 'texture .. cubic' instead.
23:34:40: Warning: ScriptCompiler - deprecated symbol in managed_mats.material(13): texture_alias. Use 'texture $variable'
23:34:40: Warning: ScriptCompiler - deprecated symbol in ror.material(2013): set_texture_alias. Use 'set $variable value'
23:34:40: Warning: ScriptCompiler - deprecated symbol in ror.material(2114): cull_software. Only used by the BSP scene manager.
23:34:40: Warning: ScriptCompiler - deprecated symbol in ror.material(2170): cull_software. Only used by the BSP scene manager.
23:34:40: Warning: ScriptCompiler - deprecated symbol in ror.material(2840): cull_software. Only used by the BSP scene manager.
23:34:40: Warning: ScriptCompiler - deprecated symbol in ror.material(2854): cull_software. Only used by the BSP scene manager.
23:34:40: Warning: ScriptCompiler - deprecated symbol in ror.material(2876): cull_software. Only used by the BSP scene manager.
23:34:40: Warning: ScriptCompiler - deprecated symbol in ror.material(2891): cull_software. Only used by the BSP scene manager.
23:34:40: Parsing script runway.material
23:34:40: Warning: ScriptCompiler - deprecated symbol in managed_mats.material(13): texture_alias. Use 'texture $variable'
23:34:40: Warning: ScriptCompiler - deprecated symbol in managed_mats.material(13): texture_alias. Use 'texture $variable'
23:34:40: Warning: ScriptCompiler - deprecated symbol in managed_mats.material(13): texture_alias. Use 'texture $variable'
23:34:40: Warning: ScriptCompiler - deprecated symbol in managed_mats.material(13): texture_alias. Use 'texture $variable'
23:34:40: Warning: ScriptCompiler - deprecated symbol in managed_mats.material(13): texture_alias. Use 'texture $variable'
23:34:40: Warning: ScriptCompiler - deprecated symbol in managed_mats.material(13): texture_alias. Use 'texture $variable'
23:34:40: Warning: ScriptCompiler - deprecated symbol in managed_mats.material(13): texture_alias. Use 'texture $variable'
23:34:40: Warning: ScriptCompiler - deprecated symbol in managed_mats.material(13): texture_alias. Use 'texture $variable'
23:34:40: Warning: ScriptCompiler - deprecated symbol in managed_mats.material(13): texture_alias. Use 'texture $variable'
23:34:40: Warning: ScriptCompiler - deprecated symbol in managed_mats.material(13): texture_alias. Use 'texture $variable'
23:34:40: Warning: ScriptCompiler - deprecated symbol in managed_mats.material(13): texture_alias. Use 'texture $variable'
23:34:40: Warning: ScriptCompiler - deprecated symbol in managed_mats.material(13): texture_alias. Use 'texture $variable'
23:34:40: Warning: ScriptCompiler - deprecated symbol in managed_mats.material(13): texture_alias. Use 'texture $variable'
23:34:40: Warning: ScriptCompiler - deprecated symbol in managed_mats.material(13): texture_alias. Use 'texture $variable'
23:34:40: Warning: ScriptCompiler - deprecated symbol in managed_mats.material(13): texture_alias. Use 'texture $variable'
23:34:40: Warning: ScriptCompiler - deprecated symbol in managed_mats.material(13): texture_alias. Use 'texture $variable'
23:34:40: Warning: ScriptCompiler - deprecated symbol in managed_mats.material(13): texture_alias. Use 'texture $variable'
23:34:40: Warning: ScriptCompiler - deprecated symbol in managed_mats.material(13): texture_alias. Use 'texture $variable'
23:34:40: Warning: ScriptCompiler - deprecated symbol in managed_mats.material(13): texture_alias. Use 'texture $variable'
23:34:40: Warning: ScriptCompiler - deprecated symbol in managed_mats.material(13): texture_alias. Use 'texture $variable'
23:34:40: Warning: ScriptCompiler - deprecated symbol in managed_mats.material(13): texture_alias. Use 'texture $variable'
23:34:40: Warning: ScriptCompiler - deprecated symbol in managed_mats.material(13): texture_alias. Use 'texture $variable'
23:34:40: Warning: ScriptCompiler - deprecated symbol in managed_mats.material(13): texture_alias. Use 'texture $variable'
23:34:40: Warning: ScriptCompiler - deprecated symbol in managed_mats.material(13): texture_alias. Use 'texture $variable'
23:34:40: Warning: ScriptCompiler - deprecated symbol in managed_mats.material(13): texture_alias. Use 'texture $variable'
23:34:40: Warning: ScriptCompiler - deprecated symbol in managed_mats.material(13): texture_alias. Use 'texture $variable'
23:34:40: Warning: ScriptCompiler - deprecated symbol in managed_mats.material(13): texture_alias. Use 'texture $variable'
23:34:40: Warning: ScriptCompiler - deprecated symbol in managed_mats.material(13): texture_alias. Use 'texture $variable'
23:34:40: Warning: ScriptCompiler - deprecated symbol in managed_mats.material(13): texture_alias. Use 'texture $variable'
23:34:40: Warning: ScriptCompiler - deprecated symbol in managed_mats.material(13): texture_alias. Use 'texture $variable'
23:34:40: Warning: ScriptCompiler - deprecated symbol in managed_mats.material(13): texture_alias. Use 'texture $variable'
23:34:40: Warning: ScriptCompiler - deprecated symbol in managed_mats.material(13): texture_alias. Use 'texture $variable'
23:34:40: Warning: ScriptCompiler - deprecated symbol in managed_mats.material(13): texture_alias. Use 'texture $variable'
23:34:40: Warning: ScriptCompiler - deprecated symbol in managed_mats.material(13): texture_alias. Use 'texture $variable'
23:34:40: Warning: ScriptCompiler - deprecated symbol in managed_mats.material(13): texture_alias. Use 'texture $variable'
23:34:40: Warning: ScriptCompiler - deprecated symbol in managed_mats.material(13): texture_alias. Use 'texture $variable'
23:34:40: Warning: ScriptCompiler - deprecated symbol in managed_mats.material(13): texture_alias. Use 'texture $variable'
23:34:40: Warning: ScriptCompiler - deprecated symbol in managed_mats.material(13): texture_alias. Use 'texture $variable'
23:34:40: Warning: ScriptCompiler - deprecated symbol in managed_mats.material(13): texture_alias. Use 'texture $variable'
23:34:40: Warning: ScriptCompiler - deprecated symbol in managed_mats.material(13): texture_alias. Use 'texture $variable'
23:34:40: Parsing script trafficlights.material
23:34:40: Warning: ScriptCompiler - deprecated symbol in managed_mats.material(13): texture_alias. Use 'texture $variable'
23:34:40: Warning: ScriptCompiler - deprecated symbol in managed_mats.material(13): texture_alias. Use 'texture $variable'
23:34:40: Warning: ScriptCompiler - deprecated symbol in managed_mats.material(13): texture_alias. Use 'texture $variable'
23:34:40: Parsing script train_platform.material
23:34:40: Warning: ScriptCompiler - deprecated symbol in managed_mats.material(13): texture_alias. Use 'texture $variable'
23:34:40: Warning: ScriptCompiler - deprecated symbol in managed_mats.material(13): texture_alias. Use 'texture $variable'
23:34:40: Parsing script train_rails.material
23:34:40: Warning: ScriptCompiler - deprecated symbol in managed_mats.material(13): texture_alias. Use 'texture $variable'
23:34:40: Warning: ScriptCompiler - deprecated symbol in train_rails.material(38): set_texture_alias. Use 'set $variable value'
23:34:40: Warning: ScriptCompiler - deprecated symbol in managed_mats.material(13): texture_alias. Use 'texture $variable'
23:34:40: Warning: ScriptCompiler - deprecated symbol in train_rails.material(44): set_texture_alias. Use 'set $variable value'
23:34:40: Warning: ScriptCompiler - deprecated symbol in managed_mats.material(13): texture_alias. Use 'texture $variable'
23:34:40: Warning: ScriptCompiler - deprecated symbol in train_rails.material(50): set_texture_alias. Use 'set $variable value'
23:34:40: Warning: ScriptCompiler - deprecated symbol in managed_mats.material(13): texture_alias. Use 'texture $variable'
23:34:40: Warning: ScriptCompiler - deprecated symbol in train_rails.material(56): set_texture_alias. Use 'set $variable value'
23:34:40: Warning: ScriptCompiler - deprecated symbol in managed_mats.material(13): texture_alias. Use 'texture $variable'
23:34:40: Warning: ScriptCompiler - deprecated symbol in train_rails.material(62): set_texture_alias. Use 'set $variable value'
23:34:40: Warning: ScriptCompiler - deprecated symbol in managed_mats.material(13): texture_alias. Use 'texture $variable'
23:34:40: Warning: ScriptCompiler - deprecated symbol in train_rails.material(68): set_texture_alias. Use 'set $variable value'
23:34:40: Parsing script truckshop.material
23:34:40: Warning: ScriptCompiler - deprecated symbol in managed_mats.material(13): texture_alias. Use 'texture $variable'
23:34:40: Warning: ScriptCompiler - deprecated symbol in truckshop.material(14): set_texture_alias. Use 'set $variable value'
23:34:40: Parsing script character.material
23:34:40: Finished parsing scripts for resource group {bundle BIN:/resources/dashboards.zip}
23:34:40: Creating resources for group {bundle BIN:/resources/dashboards.zip}
23:34:40: All done
23:34:40: Texture 'autogears.png': Loading 1 faces(PF_A8R8G8B8,26x101x1) Internal format is PF_A8R8G8B8,26x101x1.
23:34:40: Texture 'tacho4000_digital_v2.png': Loading 1 faces(PF_A8R8G8B8,432x300x1) Internal format is PF_A8R8G8B8,432x300x1.
23:34:40: Texture 'pbrake_v2-off.png': Loading 1 faces(PF_A8R8G8B8,64x64x1) Internal format is PF_A8R8G8B8,64x64x1.
23:34:40: Texture 'turn_signal_left-off.png': Loading 1 faces(PF_A8R8G8B8,40x40x1) Internal format is PF_A8R8G8B8,40x40x1.
23:34:40: Texture 'turn_signal_right-off.png': Loading 1 faces(PF_A8R8G8B8,40x40x1) Internal format is PF_A8R8G8B8,40x40x1.
23:34:40: Texture 'tractioncontrol-0.png': Loading 1 faces(PF_A8R8G8B8,64x64x1) Internal format is PF_A8R8G8B8,64x64x1.
23:34:40: Texture 'antilockbrake_v2-0.png': Loading 1 faces(PF_A8R8G8B8,64x64x1) Internal format is PF_A8R8G8B8,64x64x1.
23:34:40: Texture 'sidelights-off.png': Loading 1 faces(PF_A8R8G8B8,35x35x1) Internal format is PF_A8R8G8B8,35x35x1.
23:34:40: Texture 'headlights-off.png': Loading 1 faces(PF_A8R8G8B8,35x35x1) Internal format is PF_A8R8G8B8,35x35x1.
23:34:40: Texture 'highbeams-off.png': Loading 1 faces(PF_A8R8G8B8,35x35x1) Internal format is PF_A8R8G8B8,35x35x1.
23:34:40: Texture 'foglights_front-off.png': Loading 1 faces(PF_A8R8G8B8,35x35x1) Internal format is PF_A8R8G8B8,35x35x1.
23:34:40: Texture 'cruisecontrol-off.png': Loading 1 faces(PF_A8R8G8B8,35x35x1) Internal format is PF_A8R8G8B8,35x35x1.
23:34:40: Texture 'secured_v2-off.png': Loading 1 faces(PF_A8R8G8B8,40x40x1) Internal format is PF_A8R8G8B8,40x40x1.
23:34:40: Texture 'locked_v2-0.png': Loading 1 faces(PF_A8R8G8B8,40x40x1) Internal format is PF_A8R8G8B8,40x40x1.
23:34:40: Texture 'clutch_v2-off.png': Loading 1 faces(PF_A8R8G8B8,40x40x1) Internal format is PF_A8R8G8B8,40x40x1.
23:34:40: Texture 'batt_v2-off.png': Loading 1 faces(PF_A8R8G8B8,40x40x1) Internal format is PF_A8R8G8B8,40x40x1.
23:34:40: Texture 'ign_v2-off.png': Loading 1 faces(PF_A8R8G8B8,40x40x1) Internal format is PF_A8R8G8B8,40x40x1.
23:34:40: Texture 'lopress_v2-off.png': Loading 1 faces(PF_A8R8G8B8,40x40x1) Internal format is PF_A8R8G8B8,40x40x1.
23:34:40: Texture 'redneedle_v2.png': Loading 1 faces(PF_A8R8G8B8,600x600x1) Internal format is PF_A8R8G8B8,600x600x1.
23:34:40: Texture 'needle_prt2.png': Loading 1 faces(PF_A8R8G8B8,72x72x1) Internal format is PF_A8R8G8B8,72x72x1.
23:34:40: Texture 'turbo_v2.png': Loading 1 faces(PF_A8R8G8B8,200x200x1) Internal format is PF_A8R8G8B8,200x200x1.
23:34:40: Dashboard (default_truck_digital_3500rpm_kph.layout/0x74cd1b580_cruiseControl): unknown Link: cruisecontrol_active
23:34:40: [RoR|DashBoard] 'tachoMaterial' not defined in 'guisettings'
23:34:40: [RoR|DashBoard] 'speedoMaterial' not defined in 'guisettings'
23:34:40: [RoR|Actor|Warning] Daf Semi truck: Selected dashboard has no 'kph' layouts, ignoring setting
23:34:40: Texture 'rdd_original.png': Loading 1 faces(PF_R8G8B8,2048x1024x1) Internal format is PF_R8G8B8,2048x1024x1.
23:34:40: Texture 'rdd_dash_bg.png': Loading 1 faces(PF_A8R8G8B8,1024x512x1) Internal format is PF_A8R8G8B8,1024x512x1.
23:34:40: Texture 'rdd_turbo_bg.png': Loading 1 faces(PF_A8R8G8B8,368x368x1) Internal format is PF_A8R8G8B8,368x368x1.
23:34:40: Texture 'rdd_tacho_3k.png': Loading 1 faces(PF_A8R8G8B8,368x368x1) Internal format is PF_A8R8G8B8,368x368x1.
23:34:40: Texture 'rdd_speedo_140kph.png': Loading 1 faces(PF_A8R8G8B8,368x368x1) Internal format is PF_A8R8G8B8,368x368x1.
23:34:40: Texture 'rdd_needle.png': Loading 1 faces(PF_A8R8G8B8,306x306x1) Internal format is PF_A8R8G8B8,306x306x1.
23:34:40: Texture 'rdd_needle_turbo.png': Loading 1 faces(PF_A8R8G8B8,254x254x1) Internal format is PF_A8R8G8B8,254x254x1.
23:34:40: Texture 'rdd_dash_glass.png': Loading 1 faces(PF_A8R8G8B8,1024x512x1) Internal format is PF_A8R8G8B8,1024x512x1.
23:34:40: [RoR|DashBoard] 'tachoMaterial' not defined in 'guisettings'
23:34:40: [RoR|DashBoard] 'speedoMaterial' not defined in 'guisettings'
23:34:40: TOTAL VEHICLE MASS: 11156 kg
23:34:40: Loading WAV file default_diesel_idle.wav
23:34:40: Loading WAV file default_diesel_low.wav
23:34:40: Loading WAV file default_diesel_medium.wav
23:34:40: Loading WAV file default_diesel_high.wav
23:34:40: SoundScriptInstance: instance created: defaults.soundscript-2026072805-0
23:34:40: Loading WAV file default_diesel_force.wav
23:34:40: SoundScriptInstance: instance created: defaults.soundscript-2026072805-1
23:34:40: Loading WAV file default_brakes.wav
23:34:40: SoundScriptInstance: instance created: defaults.soundscript-2026072805-2
23:34:40: Loading WAV file default_parking_brakes.wav
23:34:40: SoundScriptInstance: instance created: defaults.soundscript-2026072805-3
23:34:40: Loading WAV file default_reverse_beep.wav
23:34:40: SoundScriptInstance: instance created: defaults.soundscript-2026072805-4
23:34:40: Loading WAV file default_turbo.wav
23:34:40: SoundScriptInstance: instance created: defaults.soundscript-2026072805-5
23:34:40: Loading WAV file default_turbo_bov.wav
23:34:40: SoundScriptInstance: instance created: defaults.soundscript-2026072805-6
23:34:40: Loading WAV file default_wastegate_flutter.wav
23:34:40: SoundScriptInstance: instance created: defaults.soundscript-2026072805-7
23:34:40: Loading WAV file default_valve.wav
23:34:40: SoundScriptInstance: instance created: defaults.soundscript-2026072805-8
23:34:40: Loading WAV file default_starter_start.wav
23:34:40: Loading WAV file default_starter_stop.wav
23:34:40: Loading WAV file default_starter.wav
23:34:40: SoundScriptInstance: instance created: defaults.soundscript-2026072805-9
23:34:40: Loading WAV file default_turn_signal.wav
23:34:40: SoundScriptInstance: instance created: defaults.soundscript-2026072805-10
23:34:40: Loading WAV file default_horn_start.wav
23:34:40: Loading WAV file default_horn_stop.wav
23:34:40: Loading WAV file default_horn.wav
23:34:40: SoundScriptInstance: instance created: defaults.soundscript-2026072805-11
23:34:40: Loading WAV file default_shift.wav
23:34:40: SoundScriptInstance: instance created: defaults.soundscript-2026072805-12
23:34:40: Loading WAV file default_alb.wav
23:34:40: SoundScriptInstance: instance created: defaults.soundscript-2026072805-13
23:34:40: Loading WAV file default_tc.wav
23:34:40: SoundScriptInstance: instance created: defaults.soundscript-2026072805-14
23:34:40: Loading WAV file default_screetch.wav
23:34:40: SoundScriptInstance: instance created: defaults.soundscript-2026072805-15
23:34:40: Loading WAV file default_break.wav
23:34:40: SoundScriptInstance: instance created: defaults.soundscript-2026072805-16
23:34:40:  ===== DONE LOADING VEHICLE
23:34:40: [RoR|Script|Notice] [RoR|CW2|GatewayRuntime] ARMED actor=2026072805 heading=-3.1415
23:34:40: RTSS: using 2c3a67ed69eb2b45d0879220f1d3ba9f_VS for Pass 0 of 'rigsofrods/WallpaperMat'
23:34:40: RTSS: using 0edfb3f0978a2915ef74ad50734e28c8_FS for Pass 0 of 'rigsofrods/WallpaperMat'
23:34:40: RTSS: using 38ad20a1f713b29a6bcc41662564ade2_VS for Pass 0 of 'ImGui/material'
23:34:40: RTSS: using 6b36a72346746bc4b9077f1a2aadbc52_FS for Pass 0 of 'ImGui/material'
23:34:40: RTSS: using 839a275503c059b65963ee86b94f0958_VS for Pass 0 of 'Ogre/TextureShadowCaster'
23:34:40: RTSS: using 5258b254855726a5a8a973ff60ffa919_FS for Pass 0 of 'Ogre/TextureShadowCaster'
23:34:40: RTSS: using c9ff2b3f2688012263f29c3a3659c265_VS for Pass 0 of 'tracks/skyboxcol'
23:34:40: RTSS: using 9601bc2160e41d5bf181de60b986bcc9_FS for Pass 0 of 'tracks/skyboxcol'
23:34:40: RTSS: using 265b49164d1f9616ab86ae56d284c540_VS for Pass 0 of 'rorng_city_concrete'
23:34:40: RTSS: using a836649aa0d532011d4a17509de6f6dc_FS for Pass 0 of 'rorng_city_concrete'
23:34:40: RTSS: using 265b49164d1f9616ab86ae56d284c540_VS for Pass 0 of 'rorng_city_asphalt'
23:34:40: RTSS: using a836649aa0d532011d4a17509de6f6dc_FS for Pass 0 of 'rorng_city_asphalt'
23:34:40: RTSS: using 265b49164d1f9616ab86ae56d284c540_VS for Pass 0 of 'rorng_city_galvanized_steel'
23:34:40: RTSS: using a836649aa0d532011d4a17509de6f6dc_FS for Pass 0 of 'rorng_city_galvanized_steel'
23:34:40: RTSS: using 265b49164d1f9616ab86ae56d284c540_VS for Pass 0 of 'rorng_city_lane_white'
23:34:40: RTSS: using a836649aa0d532011d4a17509de6f6dc_FS for Pass 0 of 'rorng_city_lane_white'
23:34:40: RTSS: using 265b49164d1f9616ab86ae56d284c540_VS for Pass 0 of 'rorng_city_lane_yellow'
23:34:40: RTSS: using a836649aa0d532011d4a17509de6f6dc_FS for Pass 0 of 'rorng_city_lane_yellow'
23:34:40: RTSS: using 265b49164d1f9616ab86ae56d284c540_VS for Pass 0 of 'rorng_city_dark_steel'
23:34:40: RTSS: using a836649aa0d532011d4a17509de6f6dc_FS for Pass 0 of 'rorng_city_dark_steel'
23:34:40: RTSS: using 265b49164d1f9616ab86ae56d284c540_VS for Pass 0 of 'rorng_city_lamp_emissive'
23:34:40: RTSS: using a836649aa0d532011d4a17509de6f6dc_FS for Pass 0 of 'rorng_city_lamp_emissive'
23:34:40: RTSS: using 265b49164d1f9616ab86ae56d284c540_VS for Pass 0 of 'rorng_transition_concrete'
23:34:40: RTSS: using a836649aa0d532011d4a17509de6f6dc_FS for Pass 0 of 'rorng_transition_concrete'
23:34:40: RTSS: using 265b49164d1f9616ab86ae56d284c540_VS for Pass 0 of 'rorng_transition_asphalt'
23:34:40: RTSS: using a836649aa0d532011d4a17509de6f6dc_FS for Pass 0 of 'rorng_transition_asphalt'
23:34:40: RTSS: using 265b49164d1f9616ab86ae56d284c540_VS for Pass 0 of 'rorng_transition_dark_steel'
23:34:40: RTSS: using a836649aa0d532011d4a17509de6f6dc_FS for Pass 0 of 'rorng_transition_dark_steel'
23:34:40: RTSS: using 265b49164d1f9616ab86ae56d284c540_VS for Pass 0 of 'rorng_transition_lane_white'
23:34:40: RTSS: using a836649aa0d532011d4a17509de6f6dc_FS for Pass 0 of 'rorng_transition_lane_white'
23:34:40: RTSS: using 265b49164d1f9616ab86ae56d284c540_VS for Pass 0 of 'rorng_transition_lane_yellow'
23:34:40: RTSS: using a836649aa0d532011d4a17509de6f6dc_FS for Pass 0 of 'rorng_transition_lane_yellow'
23:34:40: RTSS: using 265b49164d1f9616ab86ae56d284c540_VS for Pass 0 of 'rorng_transition_galvanized_steel'
23:34:40: RTSS: using a836649aa0d532011d4a17509de6f6dc_FS for Pass 0 of 'rorng_transition_galvanized_steel'
23:34:40: RTSS: using 265b49164d1f9616ab86ae56d284c540_VS for Pass 0 of 'rorng_gateway_asphalt'
23:34:40: RTSS: using a836649aa0d532011d4a17509de6f6dc_FS for Pass 0 of 'rorng_gateway_asphalt'
23:34:40: RTSS: using 265b49164d1f9616ab86ae56d284c540_VS for Pass 0 of 'rorng_gateway_sidewalk'
23:34:40: RTSS: using a836649aa0d532011d4a17509de6f6dc_FS for Pass 0 of 'rorng_gateway_sidewalk'
23:34:40: RTSS: using 265b49164d1f9616ab86ae56d284c540_VS for Pass 0 of 'rorng_gateway_architectural_concrete'
23:34:40: RTSS: using a836649aa0d532011d4a17509de6f6dc_FS for Pass 0 of 'rorng_gateway_architectural_concrete'
23:34:40: RTSS: using 265b49164d1f9616ab86ae56d284c540_VS for Pass 0 of 'rorng_gateway_lane_white'
23:34:40: RTSS: using a836649aa0d532011d4a17509de6f6dc_FS for Pass 0 of 'rorng_gateway_lane_white'
23:34:40: RTSS: using 265b49164d1f9616ab86ae56d284c540_VS for Pass 0 of 'rorng_gateway_lane_yellow'
23:34:40: RTSS: using a836649aa0d532011d4a17509de6f6dc_FS for Pass 0 of 'rorng_gateway_lane_yellow'
23:34:40: RTSS: using 265b49164d1f9616ab86ae56d284c540_VS for Pass 0 of 'rorng_gateway_brick'
23:34:40: RTSS: using a836649aa0d532011d4a17509de6f6dc_FS for Pass 0 of 'rorng_gateway_brick'
23:34:40: RTSS: using 265b49164d1f9616ab86ae56d284c540_VS for Pass 0 of 'rorng_gateway_glass_blue'
23:34:40: RTSS: using a836649aa0d532011d4a17509de6f6dc_FS for Pass 0 of 'rorng_gateway_glass_blue'
23:34:40: RTSS: using 265b49164d1f9616ab86ae56d284c540_VS for Pass 0 of 'rorng_gateway_powdercoat_metal'
23:34:40: RTSS: using a836649aa0d532011d4a17509de6f6dc_FS for Pass 0 of 'rorng_gateway_powdercoat_metal'
23:34:40: RTSS: using 265b49164d1f9616ab86ae56d284c540_VS for Pass 0 of 'rorng_gateway_stone'
23:34:40: RTSS: using a836649aa0d532011d4a17509de6f6dc_FS for Pass 0 of 'rorng_gateway_stone'
23:34:40: RTSS: using 265b49164d1f9616ab86ae56d284c540_VS for Pass 0 of 'rorng_gateway_tree_bark'
23:34:40: RTSS: using a836649aa0d532011d4a17509de6f6dc_FS for Pass 0 of 'rorng_gateway_tree_bark'
23:34:40: RTSS: using 265b49164d1f9616ab86ae56d284c540_VS for Pass 0 of 'rorng_gateway_leaf_dark'
23:34:40: RTSS: using a836649aa0d532011d4a17509de6f6dc_FS for Pass 0 of 'rorng_gateway_leaf_dark'
23:34:40: RTSS: using 265b49164d1f9616ab86ae56d284c540_VS for Pass 0 of 'rorng_gateway_leaf_light'
23:34:40: RTSS: using a836649aa0d532011d4a17509de6f6dc_FS for Pass 0 of 'rorng_gateway_leaf_light'
23:34:40: RTSS: using 265b49164d1f9616ab86ae56d284c540_VS for Pass 0 of 'rorng_gateway_lamp_emissive'
23:34:40: RTSS: using a836649aa0d532011d4a17509de6f6dc_FS for Pass 0 of 'rorng_gateway_lamp_emissive'
23:34:40: RTSS: using 2c3a67ed69eb2b45d0879220f1d3ba9f_VS for Pass 0 of 'tracks/flare'
23:34:40: RTSS: using 5840dcf54f8abf0be0cdcfd96c1961ec_FS for Pass 0 of 'tracks/flare'
23:34:40: RTSS: using 290287c1713ce43295a45e0513aa9f3e_VS for Pass 0 of 'tracks/Character#0'
23:34:40: RTSS: using 19d78cd48aaec68032e7fa076ea8dbef_FS for Pass 0 of 'tracks/Character#0'
23:34:40: RTSS: using 290287c1713ce43295a45e0513aa9f3e_VS for Pass 1 of 'tracks/Character#0'
23:34:40: RTSS: using 1dd3e57c7b2eac4099f823807a811eee_FS for Pass 1 of 'tracks/Character#0'
23:34:40: RTSS: using 2c3a67ed69eb2b45d0879220f1d3ba9f_VS for Pass 0 of 'tracks/flare (b6b0UID-semi.truck [Instance ID 2026072805])'
23:34:40: RTSS: using 5840dcf54f8abf0be0cdcfd96c1961ec_FS for Pass 0 of 'tracks/flare (b6b0UID-semi.truck [Instance ID 2026072805])'
23:34:40: RTSS: using 2c3a67ed69eb2b45d0879220f1d3ba9f_VS for Pass 0 of 'tracks/blinkflare (b6b0UID-semi.truck [Instance ID 2026072805])'
23:34:40: RTSS: using 5840dcf54f8abf0be0cdcfd96c1961ec_FS for Pass 0 of 'tracks/blinkflare (b6b0UID-semi.truck [Instance ID 2026072805])'
23:34:40: [RoR|CVar]             sim_state:  "1" (was: "2")
23:34:40: RTSS: using 290287c1713ce43295a45e0513aa9f3e_VS for Pass 0 of 'b6b0UID-tracks/semi (b6b0UID-semi.truck [Instance ID 2026072805])'
23:34:40: RTSS: using 335494d0ad2be51e6c124e98e9cf7168_FS for Pass 0 of 'b6b0UID-tracks/semi (b6b0UID-semi.truck [Instance ID 2026072805])'
23:34:40: RTSS: using 290287c1713ce43295a45e0513aa9f3e_VS for Pass 0 of 'b6b0UID-tracks/semi-trans-0 (b6b0UID-semi.truck [Instance ID 2026072805])'
23:34:40: RTSS: using 335494d0ad2be51e6c124e98e9cf7168_FS for Pass 0 of 'b6b0UID-tracks/semi-trans-0 (b6b0UID-semi.truck [Instance ID 2026072805])'
23:34:40: RTSS: using 4b23046936a0d3b197116992a2aa3e0b_VS for Pass 0 of 'b6b0UID-tracks/semi-back-0 (b6b0UID-semi.truck [Instance ID 2026072805])'
23:34:40: RTSS: using 0b5e10263b6ee3b0559ae6c129f68bc0_FS for Pass 0 of 'b6b0UID-tracks/semi-back-0 (b6b0UID-semi.truck [Instance ID 2026072805])'
23:34:40: [RoR|Script|Notice] [RoR|CW2|GatewayRuntime] SAMPLE frame=100 x=511.365 y=0.746337 z=452.217 speed=0.957302
23:34:41: [RoR|Script|Notice] [RoR|CW2|GatewayRuntime] SAMPLE frame=200 x=511.313 y=0.758768 z=454.326 speed=3.0378
23:34:41: [RoR|Script|Notice] [RoR|CW2|GatewayRuntime] SAMPLE frame=300 x=511.224 y=0.758711 z=457.948 speed=3.99289
23:34:41: [RoR|Script|Notice] [RoR|CW2|GatewayRuntime] SAMPLE frame=400 x=511.102 y=0.759356 z=462.834 speed=5.68106
23:34:41: [RoR|Script|Notice] [RoR|CW2|GatewayRuntime] SAMPLE frame=500 x=510.937 y=0.759488 z=469.18 speed=7.04303
23:34:42: [RoR|Script|Notice] [RoR|CW2|GatewayRuntime] SAMPLE frame=600 x=510.731 y=0.760083 z=476.843 speed=8.14531
23:34:42: [RoR|Script|Notice] [RoR|CW2|GatewayRuntime] ENTER x=510.676 z=482.023
23:34:42: [RoR|Script|Notice] [RoR|CW2|GatewayRuntime] SAMPLE frame=700 x=510.947 y=0.867233 z=485.593 speed=8.91517
23:34:42: [RoR|Script|Notice] [RoR|CW2|GatewayRuntime] SAMPLE frame=800 x=513.096 y=0.83963 z=495.382 speed=10.9884
23:34:42: [RoR|Script|Notice] [RoR|CW2|GatewayRuntime] SEAM index=0 x=515.332 z=501.88
23:34:42: [RoR|Script|Notice] [RoR|CW2|GatewayRuntime] SAMPLE frame=900 x=516.999 y=0.839949 z=506.119 speed=11.8226
23:34:42: [RoR|Script|Notice] [RoR|CW2|GatewayRuntime] SAMPLE frame=1000 x=521.824 y=0.839893 z=517.312 speed=12.3949
23:34:42: [RoR|Script|Notice] [RoR|CW2|GatewayRuntime] SEAM index=1 x=523.171 z=520.218
23:34:42: [RoR|Script|Notice] [RoR|CW2|GatewayRuntime] SAMPLE frame=1100 x=527.53 y=0.840474 z=528.635 speed=13.318
23:34:43: RTSS: using 4b23046936a0d3b197116992a2aa3e0b_VS for Pass 0 of 'dashboard (b6b0UID-semi.truck [Instance ID 2026072805])'
23:34:43: RTSS: using 1d8067cd67aa571ca7495975cc29d7ac_FS for Pass 0 of 'dashboard (b6b0UID-semi.truck [Instance ID 2026072805])'
23:34:43: RTSS: using 290287c1713ce43295a45e0513aa9f3e_VS for Pass 0 of 'renderdash (b6b0UID-semi.truck [Instance ID 2026072805])'
23:34:43: RTSS: using 19d78cd48aaec68032e7fa076ea8dbef_FS for Pass 0 of 'renderdash (b6b0UID-semi.truck [Instance ID 2026072805])'
23:34:43: RTSS: using 44bdcf0d83d5089c09e974c7702ac312_VS for Pass 0 of 'RenderMaterial#0 (b6b0UID-semi.truck [Instance ID 2026072805])'
23:34:43: RTSS: using b181ac0a6f307a629d3e5ba81dce957e_FS for Pass 0 of 'RenderMaterial#0 (b6b0UID-semi.truck [Instance ID 2026072805])'
23:34:43: RTSS: using 290287c1713ce43295a45e0513aa9f3e_VS for Pass 1 of 'RenderMaterial#0 (b6b0UID-semi.truck [Instance ID 2026072805])'
23:34:43: RTSS: using 19d78cd48aaec68032e7fa076ea8dbef_FS for Pass 1 of 'RenderMaterial#0 (b6b0UID-semi.truck [Instance ID 2026072805])'
23:34:43: RTSS: using 44bdcf0d83d5089c09e974c7702ac312_VS for Pass 0 of 'RenderMaterial#1 (b6b0UID-semi.truck [Instance ID 2026072805])'
23:34:43: RTSS: using b181ac0a6f307a629d3e5ba81dce957e_FS for Pass 0 of 'RenderMaterial#1 (b6b0UID-semi.truck [Instance ID 2026072805])'
23:34:43: RTSS: using 290287c1713ce43295a45e0513aa9f3e_VS for Pass 1 of 'RenderMaterial#1 (b6b0UID-semi.truck [Instance ID 2026072805])'
23:34:43: RTSS: using 19d78cd48aaec68032e7fa076ea8dbef_FS for Pass 1 of 'RenderMaterial#1 (b6b0UID-semi.truck [Instance ID 2026072805])'
23:34:43: RTSS: using 4b23046936a0d3b197116992a2aa3e0b_VS for Pass 0 of 'dirwheel (b6b0UID-semi.truck [Instance ID 2026072805])'
23:34:43: RTSS: using 1d8067cd67aa571ca7495975cc29d7ac_FS for Pass 0 of 'dirwheel (b6b0UID-semi.truck [Instance ID 2026072805])'
23:34:43: RTSS: using 290287c1713ce43295a45e0513aa9f3e_VS for Pass 0 of 'driversseat (b6b0UID-semi.truck [Instance ID 2026072805])'
23:34:43: RTSS: using 1576bd00e17befc096512be716cd4a68_FS for Pass 0 of 'driversseat (b6b0UID-semi.truck [Instance ID 2026072805])'
23:34:43: RTSS: using 290287c1713ce43295a45e0513aa9f3e_VS for Pass 0 of 'seat (b6b0UID-semi.truck [Instance ID 2026072805])'
23:34:43: RTSS: using 19d78cd48aaec68032e7fa076ea8dbef_FS for Pass 0 of 'seat (b6b0UID-semi.truck [Instance ID 2026072805])'
23:34:43: RTSS: using 290287c1713ce43295a45e0513aa9f3e_VS for Pass 0 of 'tracks/ttwinwheelface (b6b0UID-semi.truck [Instance ID 2026072805])'
23:34:43: RTSS: using 19d78cd48aaec68032e7fa076ea8dbef_FS for Pass 0 of 'tracks/ttwinwheelface (b6b0UID-semi.truck [Instance ID 2026072805])'
23:34:43: RTSS: using 290287c1713ce43295a45e0513aa9f3e_VS for Pass 0 of 'tracks/wheelband1 (b6b0UID-semi.truck [Instance ID 2026072805])'
23:34:43: RTSS: using 19d78cd48aaec68032e7fa076ea8dbef_FS for Pass 0 of 'tracks/wheelband1 (b6b0UID-semi.truck [Instance ID 2026072805])'
23:34:43: RTSS: using 4b23046936a0d3b197116992a2aa3e0b_VS for Pass 0 of 'tracks/beam'
23:34:43: RTSS: using 1d8067cd67aa571ca7495975cc29d7ac_FS for Pass 0 of 'tracks/beam'
23:34:43: RTSS: using f916a3988d63026b2d5b359acfba0596_VS for Pass 0 of 'tracks/Chrome'
23:34:43: RTSS: using c124b77c76fbc39abff6392c325a0bf8_FS for Pass 0 of 'tracks/Chrome'
23:34:43: [RoR|Script|Notice] [RoR|CW2|GatewayRuntime] SEAM index=2 x=533.116 z=537.462
23:34:43: RTSS: using 290287c1713ce43295a45e0513aa9f3e_VS for Pass 0 of 'tracks/wheelband2 (b6b0UID-semi.truck [Instance ID 2026072805])'
23:34:43: RTSS: using 19d78cd48aaec68032e7fa076ea8dbef_FS for Pass 0 of 'tracks/wheelband2 (b6b0UID-semi.truck [Instance ID 2026072805])'
23:34:43: [RoR|Script|Notice] [RoR|CW2|GatewayRuntime] SAMPLE frame=1200 x=534.857 y=0.84063 z=540.136 speed=13.9236
23:34:43: [RoR|Script|Notice] [RoR|CW2|GatewayRuntime] SEAM index=3 x=540.678 z=546.728
23:34:43: [RoR|Script|Notice] [RoR|CW2|GatewayRuntime] SAMPLE frame=1300 x=543.138 y=0.84195 z=549.095 speed=12.7989
23:34:43: [RoR|Script|Notice] [RoR|CW2|GatewayRuntime] CAPTURE x=546.623 z=552.221
23:34:43: [RoR|General|Notice] Screenshot: 2026-07-28_23-34-43_1.png
23:34:43: [RoR|Script|Notice] [RoR|CW2|GatewayRuntime] SAMPLE frame=1400 x=553.222 y=0.840043 z=557.676 speed=13.5604
23:34:43: [RoR|Script|Notice] [RoR|CW2|GatewayRuntime] SAMPLE frame=1500 x=563.952 y=0.840356 z=566.41 speed=14.0779
23:34:43: [RoR|Script|Notice] [RoR|CW2|GatewayRuntime] EXIT x=565.228 z=567.523
23:34:44: [RoR|Script|Notice] [RoR|CW2|GatewayRuntime] PERF samples=1410 mean_ms=2.1747 p95_ms=3.63417 max_ms=20.9345
23:34:44: [RoR|CVar]  sim_deterministic_fixed_steps_per_frame:  "0" (was: "20")
23:34:44: [RoR|CVar]           ui_hide_gui:  "No" (was: "Yes")
23:34:44: [RoR|Script|Notice] [RoR|CW2|GatewayRuntime] PASS modules=5 seams=4 turn_degrees=45 distance_m=137.569 min_y=0.807714 max_y=0.867233 path_error=1.43999 exit_x=567.437 exit_z=569.519 speed=14.2319 physics_steps=30580
23:34:44: [RoR|General|Notice] Press CTRL+G to spawn a vehicle
23:34:44: Texture 'lightbulb.png': Loading 1 faces(PF_A8R8G8B8,16x16x1) with 4 hardware generated mipmaps from Image. Internal format is PF_A8R8G8B8,16x16x1.
23:34:44: Texture 'script.png': Loading 1 faces(PF_A8R8G8B8,16x16x1) with 4 hardware generated mipmaps from Image. Internal format is PF_A8R8G8B8,16x16x1.
23:34:44: Texture 'information.png': Loading 1 faces(PF_A8R8G8B8,16x16x1) with 4 hardware generated mipmaps from Image. Internal format is PF_A8R8G8B8,16x16x1.
23:34:44: [RoR|Dashboard] Destroyed texture 'rendertex (b6b0UID-semi.truck [Instance ID 2026072805])' in RTTLayer 'RttLayer_1'
23:34:44: [RoR|Dashboard] Recycling RTTLayer 'RttLayer_1'
23:34:44: [RoR|CVar]             sim_state:  "0" (was: "1")
23:34:44: [RoR|CVar]             app_state:  "1" (was: "2")
23:34:44: [RoR|CVar]      sim_terrain_name:  "" (was: "cityworld_gateway_runtime.terrn2")
23:34:44: [RoR|CVar]  sim_terrain_gui_name:  "" (was: "CityWorld Next Gateway Runtime Gate")
23:34:44: Warning: Skipping 'RoR.cfg' because it already exists in resource group 'Config'
23:34:44: [RoR|CVar]             app_state:  "3" (was: "1")
23:34:44: RTSS: using 2c3a67ed69eb2b45d0879220f1d3ba9f_VS for Pass 0 of 'rigsofrods/WallpaperMat'
23:34:44: RTSS: using 0edfb3f0978a2915ef74ad50734e28c8_FS for Pass 0 of 'rigsofrods/WallpaperMat'
23:34:44: RTSS: using e73c7192a801d65a4bc4b8996fe43f7a_VS for Pass 0 of 'ImGui/material'
23:34:44: RTSS: using 837f3874c816f8f40226deb62182ebb1_FS for Pass 0 of 'ImGui/material'
23:34:44: RTSS: using 839a275503c059b65963ee86b94f0958_VS for Pass 0 of 'Ogre/TextureShadowCaster'
23:34:44: RTSS: using 5258b254855726a5a8a973ff60ffa919_FS for Pass 0 of 'Ogre/TextureShadowCaster'
23:34:44: RTSS: using 8340a5709a0a468830c9eca28daa7d10_VS for Pass 0 of 'tracks/skyboxcol'
23:34:44: RTSS: using b8e0864820f7d44e58234ec701b0db12_FS for Pass 0 of 'tracks/skyboxcol'
23:34:44: RTSS: using 839a275503c059b65963ee86b94f0958_VS for Pass 0 of 'rorng_city_concrete'
23:34:44: RTSS: using 6bfabf92afd1fbd1e033968f87024751_FS for Pass 0 of 'rorng_city_concrete'
23:34:44: RTSS: using 839a275503c059b65963ee86b94f0958_VS for Pass 0 of 'rorng_city_asphalt'
23:34:44: RTSS: using 6bfabf92afd1fbd1e033968f87024751_FS for Pass 0 of 'rorng_city_asphalt'
23:34:44: RTSS: using 839a275503c059b65963ee86b94f0958_VS for Pass 0 of 'rorng_city_galvanized_steel'
23:34:44: RTSS: using 6bfabf92afd1fbd1e033968f87024751_FS for Pass 0 of 'rorng_city_galvanized_steel'
23:34:44: RTSS: using 839a275503c059b65963ee86b94f0958_VS for Pass 0 of 'rorng_city_lane_white'
23:34:44: RTSS: using 6bfabf92afd1fbd1e033968f87024751_FS for Pass 0 of 'rorng_city_lane_white'
23:34:44: RTSS: using 839a275503c059b65963ee86b94f0958_VS for Pass 0 of 'rorng_city_lane_yellow'
23:34:44: RTSS: using 6bfabf92afd1fbd1e033968f87024751_FS for Pass 0 of 'rorng_city_lane_yellow'
23:34:44: RTSS: using 839a275503c059b65963ee86b94f0958_VS for Pass 0 of 'rorng_city_dark_steel'
23:34:44: RTSS: using 6bfabf92afd1fbd1e033968f87024751_FS for Pass 0 of 'rorng_city_dark_steel'
23:34:44: RTSS: using 839a275503c059b65963ee86b94f0958_VS for Pass 0 of 'rorng_city_lamp_emissive'
23:34:44: RTSS: using 6bfabf92afd1fbd1e033968f87024751_FS for Pass 0 of 'rorng_city_lamp_emissive'
23:34:44: RTSS: using 839a275503c059b65963ee86b94f0958_VS for Pass 0 of 'rorng_transition_concrete'
23:34:44: RTSS: using 6bfabf92afd1fbd1e033968f87024751_FS for Pass 0 of 'rorng_transition_concrete'
23:34:44: RTSS: using 839a275503c059b65963ee86b94f0958_VS for Pass 0 of 'rorng_transition_asphalt'
23:34:44: RTSS: using 6bfabf92afd1fbd1e033968f87024751_FS for Pass 0 of 'rorng_transition_asphalt'
23:34:44: RTSS: using 839a275503c059b65963ee86b94f0958_VS for Pass 0 of 'rorng_transition_dark_steel'
23:34:44: RTSS: using 6bfabf92afd1fbd1e033968f87024751_FS for Pass 0 of 'rorng_transition_dark_steel'
23:34:44: RTSS: using 839a275503c059b65963ee86b94f0958_VS for Pass 0 of 'rorng_transition_lane_white'
23:34:44: RTSS: using 6bfabf92afd1fbd1e033968f87024751_FS for Pass 0 of 'rorng_transition_lane_white'
23:34:44: RTSS: using 839a275503c059b65963ee86b94f0958_VS for Pass 0 of 'rorng_transition_lane_yellow'
23:34:44: RTSS: using 6bfabf92afd1fbd1e033968f87024751_FS for Pass 0 of 'rorng_transition_lane_yellow'
23:34:44: RTSS: using 839a275503c059b65963ee86b94f0958_VS for Pass 0 of 'rorng_transition_galvanized_steel'
23:34:44: RTSS: using 6bfabf92afd1fbd1e033968f87024751_FS for Pass 0 of 'rorng_transition_galvanized_steel'
23:34:44: RTSS: using 839a275503c059b65963ee86b94f0958_VS for Pass 0 of 'rorng_gateway_asphalt'
23:34:44: RTSS: using 6bfabf92afd1fbd1e033968f87024751_FS for Pass 0 of 'rorng_gateway_asphalt'
23:34:44: RTSS: using 839a275503c059b65963ee86b94f0958_VS for Pass 0 of 'rorng_gateway_sidewalk'
23:34:44: RTSS: using 6bfabf92afd1fbd1e033968f87024751_FS for Pass 0 of 'rorng_gateway_sidewalk'
23:34:44: RTSS: using 839a275503c059b65963ee86b94f0958_VS for Pass 0 of 'rorng_gateway_architectural_concrete'
23:34:44: RTSS: using 6bfabf92afd1fbd1e033968f87024751_FS for Pass 0 of 'rorng_gateway_architectural_concrete'
23:34:44: RTSS: using 839a275503c059b65963ee86b94f0958_VS for Pass 0 of 'rorng_gateway_lane_white'
23:34:44: RTSS: using 6bfabf92afd1fbd1e033968f87024751_FS for Pass 0 of 'rorng_gateway_lane_white'
23:34:44: RTSS: using 839a275503c059b65963ee86b94f0958_VS for Pass 0 of 'rorng_gateway_lane_yellow'
23:34:44: RTSS: using 6bfabf92afd1fbd1e033968f87024751_FS for Pass 0 of 'rorng_gateway_lane_yellow'
23:34:44: RTSS: using 839a275503c059b65963ee86b94f0958_VS for Pass 0 of 'rorng_gateway_brick'
23:34:44: RTSS: using 6bfabf92afd1fbd1e033968f87024751_FS for Pass 0 of 'rorng_gateway_brick'
23:34:44: RTSS: using 839a275503c059b65963ee86b94f0958_VS for Pass 0 of 'rorng_gateway_glass_blue'
23:34:44: RTSS: using 6bfabf92afd1fbd1e033968f87024751_FS for Pass 0 of 'rorng_gateway_glass_blue'
23:34:44: RTSS: using 839a275503c059b65963ee86b94f0958_VS for Pass 0 of 'rorng_gateway_powdercoat_metal'
23:34:44: RTSS: using 6bfabf92afd1fbd1e033968f87024751_FS for Pass 0 of 'rorng_gateway_powdercoat_metal'
23:34:44: RTSS: using 839a275503c059b65963ee86b94f0958_VS for Pass 0 of 'rorng_gateway_stone'
23:34:44: RTSS: using 6bfabf92afd1fbd1e033968f87024751_FS for Pass 0 of 'rorng_gateway_stone'
23:34:44: RTSS: using 839a275503c059b65963ee86b94f0958_VS for Pass 0 of 'rorng_gateway_tree_bark'
23:34:44: RTSS: using 6bfabf92afd1fbd1e033968f87024751_FS for Pass 0 of 'rorng_gateway_tree_bark'
23:34:44: RTSS: using 839a275503c059b65963ee86b94f0958_VS for Pass 0 of 'rorng_gateway_leaf_dark'
23:34:44: RTSS: using 6bfabf92afd1fbd1e033968f87024751_FS for Pass 0 of 'rorng_gateway_leaf_dark'
23:34:44: RTSS: using 839a275503c059b65963ee86b94f0958_VS for Pass 0 of 'rorng_gateway_leaf_light'
23:34:44: RTSS: using 6bfabf92afd1fbd1e033968f87024751_FS for Pass 0 of 'rorng_gateway_leaf_light'
23:34:44: RTSS: using 839a275503c059b65963ee86b94f0958_VS for Pass 0 of 'rorng_gateway_lamp_emissive'
23:34:44: RTSS: using 6bfabf92afd1fbd1e033968f87024751_FS for Pass 0 of 'rorng_gateway_lamp_emissive'
23:34:44: RTSS: using 2c3a67ed69eb2b45d0879220f1d3ba9f_VS for Pass 0 of 'tracks/flare'
23:34:44: RTSS: using 5840dcf54f8abf0be0cdcfd96c1961ec_FS for Pass 0 of 'tracks/flare'
23:34:44: RTSS: using 4b23046936a0d3b197116992a2aa3e0b_VS for Pass 0 of 'tracks/Character#0'
23:34:44: RTSS: using 1d8067cd67aa571ca7495975cc29d7ac_FS for Pass 0 of 'tracks/Character#0'
23:34:44: RTSS: using 4b23046936a0d3b197116992a2aa3e0b_VS for Pass 1 of 'tracks/Character#0'
23:34:44: RTSS: using 21dbde2f8652f7b39d0125e76fa3a662_FS for Pass 1 of 'tracks/Character#0'
23:34:44: RTSS: using 2c3a67ed69eb2b45d0879220f1d3ba9f_VS for Pass 0 of 'tracks/flare (b6b0UID-semi.truck [Instance ID 2026072805])'
23:34:44: RTSS: using 5840dcf54f8abf0be0cdcfd96c1961ec_FS for Pass 0 of 'tracks/flare (b6b0UID-semi.truck [Instance ID 2026072805])'
23:34:44: RTSS: using 2c3a67ed69eb2b45d0879220f1d3ba9f_VS for Pass 0 of 'tracks/blinkflare (b6b0UID-semi.truck [Instance ID 2026072805])'
23:34:44: RTSS: using 5840dcf54f8abf0be0cdcfd96c1961ec_FS for Pass 0 of 'tracks/blinkflare (b6b0UID-semi.truck [Instance ID 2026072805])'
23:34:44: RTSS: using 4b23046936a0d3b197116992a2aa3e0b_VS for Pass 0 of 'b6b0UID-tracks/semi (b6b0UID-semi.truck [Instance ID 2026072805])'
23:34:44: RTSS: using 6997abd68d51d46fab45e1ecda374d78_FS for Pass 0 of 'b6b0UID-tracks/semi (b6b0UID-semi.truck [Instance ID 2026072805])'
23:34:44: RTSS: using 4b23046936a0d3b197116992a2aa3e0b_VS for Pass 0 of 'b6b0UID-tracks/semi-trans-0 (b6b0UID-semi.truck [Instance ID 2026072805])'
23:34:44: RTSS: using 6997abd68d51d46fab45e1ecda374d78_FS for Pass 0 of 'b6b0UID-tracks/semi-trans-0 (b6b0UID-semi.truck [Instance ID 2026072805])'
23:34:44: RTSS: using 4b23046936a0d3b197116992a2aa3e0b_VS for Pass 0 of 'b6b0UID-tracks/semi-back-0 (b6b0UID-semi.truck [Instance ID 2026072805])'
23:34:44: RTSS: using 0b5e10263b6ee3b0559ae6c129f68bc0_FS for Pass 0 of 'b6b0UID-tracks/semi-back-0 (b6b0UID-semi.truck [Instance ID 2026072805])'
23:34:44: RTSS: using 4b23046936a0d3b197116992a2aa3e0b_VS for Pass 0 of 'dashboard (b6b0UID-semi.truck [Instance ID 2026072805])'
23:34:44: RTSS: using 1d8067cd67aa571ca7495975cc29d7ac_FS for Pass 0 of 'dashboard (b6b0UID-semi.truck [Instance ID 2026072805])'
23:34:44: RTSS: using 4b23046936a0d3b197116992a2aa3e0b_VS for Pass 0 of 'renderdash (b6b0UID-semi.truck [Instance ID 2026072805])'
23:34:44: RTSS: using 1d8067cd67aa571ca7495975cc29d7ac_FS for Pass 0 of 'renderdash (b6b0UID-semi.truck [Instance ID 2026072805])'
23:34:44: RTSS: using 2c3a67ed69eb2b45d0879220f1d3ba9f_VS for Pass 0 of 'RenderMaterial#0 (b6b0UID-semi.truck [Instance ID 2026072805])'
23:34:44: RTSS: using 0edfb3f0978a2915ef74ad50734e28c8_FS for Pass 0 of 'RenderMaterial#0 (b6b0UID-semi.truck [Instance ID 2026072805])'
23:34:44: RTSS: using 4b23046936a0d3b197116992a2aa3e0b_VS for Pass 1 of 'RenderMaterial#0 (b6b0UID-semi.truck [Instance ID 2026072805])'
23:34:44: RTSS: using 1d8067cd67aa571ca7495975cc29d7ac_FS for Pass 1 of 'RenderMaterial#0 (b6b0UID-semi.truck [Instance ID 2026072805])'
23:34:44: RTSS: using 2c3a67ed69eb2b45d0879220f1d3ba9f_VS for Pass 0 of 'RenderMaterial#1 (b6b0UID-semi.truck [Instance ID 2026072805])'
23:34:44: RTSS: using 0edfb3f0978a2915ef74ad50734e28c8_FS for Pass 0 of 'RenderMaterial#1 (b6b0UID-semi.truck [Instance ID 2026072805])'
23:34:44: RTSS: using 4b23046936a0d3b197116992a2aa3e0b_VS for Pass 1 of 'RenderMaterial#1 (b6b0UID-semi.truck [Instance ID 2026072805])'
23:34:44: RTSS: using 1d8067cd67aa571ca7495975cc29d7ac_FS for Pass 1 of 'RenderMaterial#1 (b6b0UID-semi.truck [Instance ID 2026072805])'
23:34:44: RTSS: using 4b23046936a0d3b197116992a2aa3e0b_VS for Pass 0 of 'dirwheel (b6b0UID-semi.truck [Instance ID 2026072805])'
23:34:44: RTSS: using 1d8067cd67aa571ca7495975cc29d7ac_FS for Pass 0 of 'dirwheel (b6b0UID-semi.truck [Instance ID 2026072805])'
23:34:44: RTSS: using 4b23046936a0d3b197116992a2aa3e0b_VS for Pass 0 of 'driversseat (b6b0UID-semi.truck [Instance ID 2026072805])'
23:34:44: RTSS: using ebf6c7c85a665fbcf136b11b2e3ad683_FS for Pass 0 of 'driversseat (b6b0UID-semi.truck [Instance ID 2026072805])'
23:34:44: RTSS: using 4b23046936a0d3b197116992a2aa3e0b_VS for Pass 0 of 'seat (b6b0UID-semi.truck [Instance ID 2026072805])'
23:34:44: RTSS: using 1d8067cd67aa571ca7495975cc29d7ac_FS for Pass 0 of 'seat (b6b0UID-semi.truck [Instance ID 2026072805])'
23:34:44: RTSS: using 4b23046936a0d3b197116992a2aa3e0b_VS for Pass 0 of 'tracks/ttwinwheelface (b6b0UID-semi.truck [Instance ID 2026072805])'
23:34:44: RTSS: using 1d8067cd67aa571ca7495975cc29d7ac_FS for Pass 0 of 'tracks/ttwinwheelface (b6b0UID-semi.truck [Instance ID 2026072805])'
23:34:44: RTSS: using 4b23046936a0d3b197116992a2aa3e0b_VS for Pass 0 of 'tracks/wheelband1 (b6b0UID-semi.truck [Instance ID 2026072805])'
23:34:44: RTSS: using 1d8067cd67aa571ca7495975cc29d7ac_FS for Pass 0 of 'tracks/wheelband1 (b6b0UID-semi.truck [Instance ID 2026072805])'
23:34:44: RTSS: using 4b23046936a0d3b197116992a2aa3e0b_VS for Pass 0 of 'tracks/beam'
23:34:44: RTSS: using 1d8067cd67aa571ca7495975cc29d7ac_FS for Pass 0 of 'tracks/beam'
23:34:44: RTSS: using a6bd1f627dce75cd8bf57c7b93af850d_VS for Pass 0 of 'tracks/Chrome'
23:34:44: RTSS: using 855c0d7983c7a9a857bea7740c9275ae_FS for Pass 0 of 'tracks/Chrome'
23:34:44: RTSS: using 4b23046936a0d3b197116992a2aa3e0b_VS for Pass 0 of 'tracks/wheelband2 (b6b0UID-semi.truck [Instance ID 2026072805])'
23:34:44: RTSS: using 1d8067cd67aa571ca7495975cc29d7ac_FS for Pass 0 of 'tracks/wheelband2 (b6b0UID-semi.truck [Instance ID 2026072805])'
23:34:44: DefaultWorkQueue('Root') shutting down on thread 0x1f22718c0.
23:34:44: DefaultWorkQueue('Root')::WorkerFunc - thread 0x16ff3f000 stopped.
23:34:44: DefaultWorkQueue('Root')::WorkerFunc - thread 0x16feb3000 stopped.
23:34:44: DefaultWorkQueue('Root')::WorkerFunc - thread 0x16feb3000 stopped.
23:34:44: *-*-* OGRE Shutdown
23:34:44: Unregistering ResourceManager for type Compositor
23:34:44: Unregistering ResourceManager for type Material
23:34:44: Unregistering ResourceManager for type GpuProgram
23:34:44: Uninstalling plugin: Octree Scene Manager
23:34:44: Plugin successfully uninstalled
23:34:44: Unloading library /Applications/RoR.app/Contents/MacOS/../PlugIns/Plugin_OctreeSceneManager
23:34:44: Uninstalling plugin: ParticleFX
23:34:44: Plugin successfully uninstalled
23:34:44: Unloading library /Applications/RoR.app/Contents/MacOS/../PlugIns/Plugin_ParticleFX
23:34:44: Uninstalling plugin: GL 3+ RenderSystem
23:34:44: Unregistering ResourceManager for type Texture
23:34:44: ********************************************
***  Stopping Mac OS X OpenGL Subsystem  ***
********************************************
23:34:44: Plugin successfully uninstalled
23:34:44: Unloading library /Applications/RoR.app/Contents/MacOS/../PlugIns/RenderSystem_GL3Plus
23:34:44: Unloading library /Applications/RoR.app/Contents/MacOS/../PlugIns/Codec_FreeImage
23:34:44: Unregistering ResourceManager for type Skeleton
23:34:44: Unregistering ResourceManager for type Mesh
