06:19:34: [RoR] Rigs of Rods (www.rigsofrods.org) version 2026.07-dev-16e2b2ef8-dirty
06:19:34: [RoR] Current date: 2026-07-29
06:19:34: [RoR|CVar]        sys_config_dir:  "/Users/beshoyhanna/Development/rigs-of-rods/build-macos-ogre14-roadmap/cw2-legacy-material.R04F0X/home/RigsOfRods/config" (was: "")
06:19:34: [RoR|CVar]     sys_savegames_dir:  "/Users/beshoyhanna/Development/rigs-of-rods/build-macos-ogre14-roadmap/cw2-legacy-material.R04F0X/home/RigsOfRods/savegames" (was: "")
06:19:34: [RoR|CVar]    sys_screenshot_dir:  "/Users/beshoyhanna/Development/rigs-of-rods/build-macos-ogre14-roadmap/cw2-legacy-material.R04F0X/home/RigsOfRods/screenshots" (was: "")
06:19:34: [RoR|CVar]       sys_scripts_dir:  "/Users/beshoyhanna/Development/rigs-of-rods/build-macos-ogre14-roadmap/cw2-legacy-material.R04F0X/home/RigsOfRods/scripts" (was: "")
06:19:34: [RoR|CVar]      sys_projects_dir:  "/Users/beshoyhanna/Development/rigs-of-rods/build-macos-ogre14-roadmap/cw2-legacy-material.R04F0X/home/RigsOfRods/projects" (was: "")
06:19:34: [RoR|CVar]  sys_repo_attachments_dir:  "/Users/beshoyhanna/Development/rigs-of-rods/build-macos-ogre14-roadmap/cw2-legacy-material.R04F0X/home/RigsOfRods/repo_attachments" (was: "")
06:19:34: [RoR|Startup|Paths] process='/Users/beshoyhanna/Development/rigs-of-rods/build-macos-ogre14-roadmap/bin', user='/Users/beshoyhanna/Development/rigs-of-rods/build-macos-ogre14-roadmap/cw2-legacy-material.R04F0X/home/RigsOfRods', config='/Users/beshoyhanna/Development/rigs-of-rods/build-macos-ogre14-roadmap/cw2-legacy-material.R04F0X/home/RigsOfRods/config', cache='/Users/beshoyhanna/Development/rigs-of-rods/build-macos-ogre14-roadmap/cw2-legacy-material.R04F0X/home/RigsOfRods/cache', thumbnails='/Users/beshoyhanna/Development/rigs-of-rods/build-macos-ogre14-roadmap/cw2-legacy-material.R04F0X/home/RigsOfRods/thumbnails', logs='/Users/beshoyhanna/Development/rigs-of-rods/build-macos-ogre14-roadmap/cw2-legacy-material.R04F0X/home/RigsOfRods/logs'
06:19:34: [RoR|CVar]  app_config_long_names:  "No" (was: "Yes")
06:19:34: [RoR|CVar]  app_disable_online_api:  "Yes" (was: "No")
06:19:34: [RoR|CVar]  app_force_cache_update:  "Yes" (was: "No")
06:19:34: [RoR|CVar]       app_num_workers:  "1" (was: "0")
06:19:34: [RoR|CVar]   audio_master_volume:  "0.000000" (was: "1.000000")
06:19:34: [RoR|CVar]       gfx_shadow_type:  "0" (was: "1")
06:19:34: [RoR|CVar]        gfx_water_mode:  "1" (was: "3")
06:19:34: [RoR|CVar]    cli_preset_terrain:  "CityWorldNextLocalOverlay" (was: "")
06:19:34: [RoR|CVar]    cli_custom_scripts:  "cityworld_legacy_material_smoke.as" (was: "")
06:19:34: [RoR|CVar]     sys_resources_dir:  "/Users/beshoyhanna/Development/rigs-of-rods/build-macos-ogre14-roadmap/bin/resources" (was: "")
06:19:34: [RoR|Startup|Rendering] Creating OGRE renderer Root object, config='/Users/beshoyhanna/Development/rigs-of-rods/build-macos-ogre14-roadmap/cw2-legacy-material.R04F0X/home/RigsOfRods/config/ogre.cfg'
06:19:34: Creating resource group General
06:19:34: Creating resource group OgreInternal
06:19:34: Creating resource group OgreAutodetect
06:19:34: SceneManagerFactory for type 'DefaultSceneManager' registered.
06:19:34: Registering ResourceManager for type Material
06:19:34: Registering ResourceManager for type Mesh
06:19:34: Registering ResourceManager for type Skeleton
06:19:34: MovableObjectFactory for type 'ParticleSystem' registered.
06:19:34: ArchiveFactory for type 'FileSystem' registered
06:19:34: ArchiveFactory for type 'Zip' registered
06:19:34: ArchiveFactory for type 'EmbeddedZip' registered
06:19:34: DDS codec registering
06:19:34: ETC codec registering
06:19:34: ASTC codec registering
06:19:34: Registering ResourceManager for type GpuProgram
06:19:34: Registering ResourceManager for type Compositor
06:19:34: MovableObjectFactory for type 'Entity' registered.
06:19:34: MovableObjectFactory for type 'Light' registered.
06:19:34: MovableObjectFactory for type 'BillboardSet' registered.
06:19:34: MovableObjectFactory for type 'ManualObject' registered.
06:19:34: MovableObjectFactory for type 'BillboardChain' registered.
06:19:34: MovableObjectFactory for type 'RibbonTrail' registered.
06:19:34: MovableObjectFactory for type 'StaticGeometry' registered.
06:19:34: MovableObjectFactory for type 'Rectangle2D' registered.
06:19:34: *-*-* OGRE Initialising
06:19:34: *-*-* Version 14.5.2 (Tsathoggua)
06:19:34: [RoR|Startup|Rendering] Loading OGRE renderer plugins config '/Users/beshoyhanna/Development/rigs-of-rods/build-macos-ogre14-roadmap/bin/plugins.cfg'.
06:19:34: Loading library /Users/beshoyhanna/.conan2/p/b/ogre3b2e515bf3f232/p/lib/OGRE/Codec_FreeImage.dylib
06:19:34: FreeImage version: 3.18.0
06:19:34: This program uses FreeImage, a free, open source image library supporting all common bitmap formats. See http://freeimage.sourceforge.net for details
06:19:34: Supported formats: bmp,ico,jpg,jif,jpeg,jpe,jng,koa,iff,lbm,mng,pbm,pbm,pcd,pcx,pgm,pgm,png,ppm,ppm,ras,tga,targa,tif,tiff,wap,wbmp,wbm,psd,psb,cut,xbm,xpm,gif,hdr,sgi,rgb,rgba,bw,exr,j2k,j2c,jp2,pfm,pct,pict,pic,3fr,arw,bay,bmq,cap,cine,cr2,crw,cs1,dc2,dcr,drf,dsc,dng,erf,fff,ia,iiq,k25,kc2,kdc,mdc,mef,mos,mrw,nef,nrw,orf,pef,ptx,pxn,qtk,raf,raw,rdc,rw2,rwl,rwz,sr2,srf,srw,sti,x3f,webp,jxr,wdp,hdp
06:19:34: Loading library /Users/beshoyhanna/.conan2/p/b/ogre3b2e515bf3f232/p/lib/OGRE/RenderSystem_GL3Plus.dylib
06:19:34: Installing plugin: GL 3+ RenderSystem
06:19:34: OpenGL 3+ Rendering Subsystem created.
06:19:34: Plugin successfully installed
06:19:34: Loading library /Users/beshoyhanna/.conan2/p/b/ogre3b2e515bf3f232/p/lib/OGRE/Plugin_ParticleFX.dylib
06:19:34: Installing plugin: ParticleFX
06:19:34: Particle Emitter Type 'Point' registered
06:19:34: Particle Emitter Type 'Box' registered
06:19:34: Particle Emitter Type 'Ellipsoid' registered
06:19:34: Particle Emitter Type 'Cylinder' registered
06:19:34: Particle Emitter Type 'Ring' registered
06:19:34: Particle Emitter Type 'HollowEllipsoid' registered
06:19:34: Particle Affector Type 'LinearForce' registered
06:19:34: Particle Affector Type 'ColourFader' registered
06:19:34: Particle Affector Type 'ColourFader2' registered
06:19:34: Particle Affector Type 'ColourImage' registered
06:19:34: Particle Affector Type 'ColourInterpolator' registered
06:19:34: Particle Affector Type 'Scaler' registered
06:19:34: Particle Affector Type 'Rotator' registered
06:19:34: Particle Affector Type 'DirectionRandomiser' registered
06:19:34: Particle Affector Type 'DeflectorPlane' registered
06:19:34: Particle Affector Type 'TextureAnimator' registered
06:19:34: Plugin successfully installed
06:19:34: Loading library /Users/beshoyhanna/.conan2/p/b/ogre3b2e515bf3f232/p/lib/OGRE/Plugin_OctreeSceneManager.dylib
06:19:34: Installing plugin: Octree Scene Manager
06:19:34: Plugin successfully installed
06:19:34: [RoR|Startup|Rendering] Starting renderer 'OpenGL 3+ Rendering Subsystem' (without auto-creating render window)
06:19:34: CPU Identifier & Features
06:19:34: -------------------------
06:19:34:  *   CPU ID: 
06:19:34:  *          VFP: no
06:19:34:  *         NEON: yes
06:19:34: -------------------------
06:19:34: ********************************************
***  Starting Mac OS X OpenGL Subsystem  ***
********************************************
06:19:34: [RoR|Startup|Rendering] Renderer options as reported by OGRE:
  Colour Depth = 32 (16, 32, )
  Content Scaling Factor = 1 (1.0, 2.0, )
  Debug Layer = Off (Off, On, )
  Display Frequency = N/A (N/A, )
  FSAA =  0 ( 0,  2,  4,  6,  8, )
  Full Screen = No (No, Yes, )
  Reversed Z-Buffer = No (No, Yes, )
  Separate Shader Objects = Yes (No, Yes, )
  VSync = No (No, Yes, )
  VSync Interval = 1 (1, 2, 3, 4, )
  Video Mode = 1280 x 720 (1920 x 1200, 2048 x 1280, 2048 x 1332, 2560 x 1600, 2560 x 1664, )
  sRGB Gamma Conversion = No (No, Yes, )

06:19:34: [RoR|Startup|Rendering] Creating render window with settings:
  FSAA =  0
  border = fixed
  contentScalingFactor = 1
  gamma = No
  vsync = No

06:19:34: [RoR|Startup|Rendering] Creating SDL host at 1280x720 logical points for 1280x720 backing pixels (scale 1.0)
06:19:34: RenderSystem::_createRenderWindow "Rigs of Rods version 2026.07-dev-16e2b2ef8-dirty", 1280x720 windowed  miscParams: FSAA= 0 border=fixed contentScalingFactor=1 externalWindowHandle=35682749568 gamma=No vsync=No 
06:19:34: Creating a Cocoa Compatible Render System
06:19:34: Mac Cocoa Window: Rendering on an external NSWindow with nested NSView
06:19:34: Cocoa: Window created 1280 x 720 with backing store size 1280 x 720 using content scaling factor 1.0
06:19:34: GL_VERSION = 4.1.0.0
06:19:34: GL_VENDOR = Apple
06:19:34: GL_RENDERER = Apple M5
06:19:34: GL_EXTENSIONS = GL_ARB_blend_func_extended GL_ARB_draw_buffers_blend GL_ARB_draw_indirect GL_ARB_ES2_compatibility GL_ARB_explicit_attrib_location GL_ARB_gpu_shader_fp64 GL_ARB_gpu_shader5 GL_ARB_instanced_arrays GL_ARB_internalformat_query GL_ARB_occlusion_query2 GL_ARB_sample_shading GL_ARB_sampler_objects GL_ARB_separate_shader_objects GL_ARB_shader_bit_encoding GL_ARB_shader_subroutine GL_ARB_shading_language_include GL_ARB_tessellation_shader GL_ARB_texture_buffer_object_rgb32 GL_ARB_texture_cube_map_array GL_ARB_texture_gather GL_ARB_texture_query_lod GL_ARB_texture_rgb10_a2ui GL_ARB_texture_storage GL_ARB_texture_swizzle GL_ARB_timer_query GL_ARB_transform_feedback2 GL_ARB_transform_feedback3 GL_ARB_vertex_attrib_64bit GL_ARB_vertex_type_2_10_10_10_rev GL_ARB_viewport_array GL_EXT_debug_label GL_EXT_debug_marker GL_EXT_framebuffer_multisample_blit_scaled GL_EXT_texture_compression_s3tc GL_EXT_texture_filter_anisotropic GL_EXT_texture_sRGB_decode GL_APPLE_client_storage GL_APPLE_container_object_shareable GL_APPLE_flush_render GL_APPLE_rgb_422 GL_APPLE_row_bytes GL_APPLE_texture_range GL_NV_texture_barrier 
06:19:34: **************************************
06:19:34: ***   OpenGL 3+ Renderer Started   ***
06:19:34: **************************************
06:19:34: FBO PF_UNKNOWN depth/stencil support: D0S1 D0S4 D0S8 D0S16 D16S0 D16S1 D16S4 D16S8 D16S16 D24S0 D24S1 D24S4 D24S8 D24S16 D32S0 D32S1 D32S4 D32S8 D32S16 D32S0 D32S1 D32S4 D32S8 D32S16 Packed-D24S8 Packed-D32S8 
06:19:34: FBO PF_L8 depth/stencil support: D0S0 D0S1 D0S4 D0S8 D0S16 D16S0 D16S1 D16S4 D16S8 D16S16 D24S0 D24S1 D24S4 D24S8 D24S16 D32S0 D32S1 D32S4 D32S8 D32S16 D32S0 D32S1 D32S4 D32S8 D32S16 Packed-D24S8 Packed-D32S8 
06:19:34: FBO PF_L16 depth/stencil support: D0S0 D0S1 D0S4 D0S8 D0S16 D16S0 D16S1 D16S4 D16S8 D16S16 D24S0 D24S1 D24S4 D24S8 D24S16 D32S0 D32S1 D32S4 D32S8 D32S16 D32S0 D32S1 D32S4 D32S8 D32S16 Packed-D24S8 Packed-D32S8 
06:19:34: FBO PF_A8 depth/stencil support: D0S0 D0S1 D0S4 D0S8 D0S16 D16S0 D16S1 D16S4 D16S8 D16S16 D24S0 D24S1 D24S4 D24S8 D24S16 D32S0 D32S1 D32S4 D32S8 D32S16 D32S0 D32S1 D32S4 D32S8 D32S16 Packed-D24S8 Packed-D32S8 
06:19:34: FBO PF_BYTE_LA depth/stencil support: D0S0 D0S1 D0S4 D0S8 D0S16 D16S0 D16S1 D16S4 D16S8 D16S16 D24S0 D24S1 D24S4 D24S8 D24S16 D32S0 D32S1 D32S4 D32S8 D32S16 D32S0 D32S1 D32S4 D32S8 D32S16 Packed-D24S8 Packed-D32S8 
06:19:34: FBO PF_R5G6B5 depth/stencil support: D0S0 D0S1 D0S4 D0S8 D0S16 D16S0 D16S1 D16S4 D16S8 D16S16 D24S0 D24S1 D24S4 D24S8 D24S16 D32S0 D32S1 D32S4 D32S8 D32S16 D32S0 D32S1 D32S4 D32S8 D32S16 Packed-D24S8 Packed-D32S8 
06:19:34: FBO PF_A4R4G4B4 depth/stencil support: D0S0 D0S1 D0S4 D0S8 D0S16 D16S0 D16S1 D16S4 D16S8 D16S16 D24S0 D24S1 D24S4 D24S8 D24S16 D32S0 D32S1 D32S4 D32S8 D32S16 D32S0 D32S1 D32S4 D32S8 D32S16 Packed-D24S8 Packed-D32S8 
06:19:34: FBO PF_A1R5G5B5 depth/stencil support: D0S0 D0S1 D0S4 D0S8 D0S16 D16S0 D16S1 D16S4 D16S8 D16S16 D24S0 D24S1 D24S4 D24S8 D24S16 D32S0 D32S1 D32S4 D32S8 D32S16 D32S0 D32S1 D32S4 D32S8 D32S16 Packed-D24S8 Packed-D32S8 
06:19:34: FBO PF_R8G8B8 depth/stencil support: D0S0 D0S1 D0S4 D0S8 D0S16 D16S0 D16S1 D16S4 D16S8 D16S16 D24S0 D24S1 D24S4 D24S8 D24S16 D32S0 D32S1 D32S4 D32S8 D32S16 D32S0 D32S1 D32S4 D32S8 D32S16 Packed-D24S8 Packed-D32S8 
06:19:34: FBO PF_B8G8R8 depth/stencil support: D0S0 D0S1 D0S4 D0S8 D0S16 D16S0 D16S1 D16S4 D16S8 D16S16 D24S0 D24S1 D24S4 D24S8 D24S16 D32S0 D32S1 D32S4 D32S8 D32S16 D32S0 D32S1 D32S4 D32S8 D32S16 Packed-D24S8 Packed-D32S8 
06:19:34: FBO PF_A8R8G8B8 depth/stencil support: D0S0 D0S1 D0S4 D0S8 D0S16 D16S0 D16S1 D16S4 D16S8 D16S16 D24S0 D24S1 D24S4 D24S8 D24S16 D32S0 D32S1 D32S4 D32S8 D32S16 D32S0 D32S1 D32S4 D32S8 D32S16 Packed-D24S8 Packed-D32S8 
06:19:34: FBO PF_A8B8G8R8 depth/stencil support: D0S0 D0S1 D0S4 D0S8 D0S16 D16S0 D16S1 D16S4 D16S8 D16S16 D24S0 D24S1 D24S4 D24S8 D24S16 D32S0 D32S1 D32S4 D32S8 D32S16 D32S0 D32S1 D32S4 D32S8 D32S16 Packed-D24S8 Packed-D32S8 
06:19:34: FBO PF_B8G8R8A8 depth/stencil support: D0S0 D0S1 D0S4 D0S8 D0S16 D16S0 D16S1 D16S4 D16S8 D16S16 D24S0 D24S1 D24S4 D24S8 D24S16 D32S0 D32S1 D32S4 D32S8 D32S16 D32S0 D32S1 D32S4 D32S8 D32S16 Packed-D24S8 Packed-D32S8 
06:19:34: FBO PF_A2R10G10B10 depth/stencil support: D0S0 D0S1 D0S4 D0S8 D0S16 D16S0 D16S1 D16S4 D16S8 D16S16 D24S0 D24S1 D24S4 D24S8 D24S16 D32S0 D32S1 D32S4 D32S8 D32S16 D32S0 D32S1 D32S4 D32S8 D32S16 Packed-D24S8 Packed-D32S8 
06:19:34: FBO PF_A2B10G10R10 depth/stencil support: D0S0 D0S1 D0S4 D0S8 D0S16 D16S0 D16S1 D16S4 D16S8 D16S16 D24S0 D24S1 D24S4 D24S8 D24S16 D32S0 D32S1 D32S4 D32S8 D32S16 D32S0 D32S1 D32S4 D32S8 D32S16 Packed-D24S8 Packed-D32S8 
06:19:34: FBO PF_FLOAT16_RGB depth/stencil support: D0S0 D0S1 D0S4 D0S8 D0S16 D16S0 D16S1 D16S4 D16S8 D16S16 D24S0 D24S1 D24S4 D24S8 D24S16 D32S0 D32S1 D32S4 D32S8 D32S16 D32S0 D32S1 D32S4 D32S8 D32S16 Packed-D24S8 Packed-D32S8 
06:19:34: FBO PF_FLOAT16_RGBA depth/stencil support: D0S0 D0S1 D0S4 D0S8 D0S16 D16S0 D16S1 D16S4 D16S8 D16S16 D24S0 D24S1 D24S4 D24S8 D24S16 D32S0 D32S1 D32S4 D32S8 D32S16 D32S0 D32S1 D32S4 D32S8 D32S16 Packed-D24S8 Packed-D32S8 
06:19:34: FBO PF_FLOAT32_RGB depth/stencil support: D0S0 D0S1 D0S4 D0S8 D0S16 D16S0 D16S1 D16S4 D16S8 D16S16 D24S0 D24S1 D24S4 D24S8 D24S16 D32S0 D32S1 D32S4 D32S8 D32S16 D32S0 D32S1 D32S4 D32S8 D32S16 Packed-D24S8 Packed-D32S8 
06:19:34: FBO PF_FLOAT32_RGBA depth/stencil support: D0S0 D0S1 D0S4 D0S8 D0S16 D16S0 D16S1 D16S4 D16S8 D16S16 D24S0 D24S1 D24S4 D24S8 D24S16 D32S0 D32S1 D32S4 D32S8 D32S16 D32S0 D32S1 D32S4 D32S8 D32S16 Packed-D24S8 Packed-D32S8 
06:19:34: FBO PF_X8R8G8B8 depth/stencil support: D0S0 D0S1 D0S4 D0S8 D0S16 D16S0 D16S1 D16S4 D16S8 D16S16 D24S0 D24S1 D24S4 D24S8 D24S16 D32S0 D32S1 D32S4 D32S8 D32S16 D32S0 D32S1 D32S4 D32S8 D32S16 Packed-D24S8 Packed-D32S8 
06:19:34: FBO PF_X8B8G8R8 depth/stencil support: D0S0 D0S1 D0S4 D0S8 D0S16 D16S0 D16S1 D16S4 D16S8 D16S16 D24S0 D24S1 D24S4 D24S8 D24S16 D32S0 D32S1 D32S4 D32S8 D32S16 D32S0 D32S1 D32S4 D32S8 D32S16 Packed-D24S8 Packed-D32S8 
06:19:34: FBO PF_R8G8B8A8 depth/stencil support: D0S0 D0S1 D0S4 D0S8 D0S16 D16S0 D16S1 D16S4 D16S8 D16S16 D24S0 D24S1 D24S4 D24S8 D24S16 D32S0 D32S1 D32S4 D32S8 D32S16 D32S0 D32S1 D32S4 D32S8 D32S16 Packed-D24S8 Packed-D32S8 
06:19:34: FBO PF_DEPTH16 depth/stencil support: D0S0 D0S1 D0S4 D0S8 D0S16 D16S0 D16S1 D16S4 D16S8 D16S16 D24S0 D24S1 D24S4 D24S8 D24S16 D32S0 D32S1 D32S4 D32S8 D32S16 D32S0 D32S1 D32S4 D32S8 D32S16 Packed-D24S8 Packed-D32S8 
06:19:34: FBO PF_SHORT_RGBA depth/stencil support: D0S0 D0S1 D0S4 D0S8 D0S16 D16S0 D16S1 D16S4 D16S8 D16S16 D24S0 D24S1 D24S4 D24S8 D24S16 D32S0 D32S1 D32S4 D32S8 D32S16 D32S0 D32S1 D32S4 D32S8 D32S16 Packed-D24S8 Packed-D32S8 
06:19:34: FBO PF_R3G3B2 depth/stencil support: D0S0 D0S1 D0S4 D0S8 D0S16 D16S0 D16S1 D16S4 D16S8 D16S16 D24S0 D24S1 D24S4 D24S8 D24S16 D32S0 D32S1 D32S4 D32S8 D32S16 D32S0 D32S1 D32S4 D32S8 D32S16 Packed-D24S8 Packed-D32S8 
06:19:34: FBO PF_FLOAT16_R depth/stencil support: D0S0 D0S1 D0S4 D0S8 D0S16 D16S0 D16S1 D16S4 D16S8 D16S16 D24S0 D24S1 D24S4 D24S8 D24S16 D32S0 D32S1 D32S4 D32S8 D32S16 D32S0 D32S1 D32S4 D32S8 D32S16 Packed-D24S8 Packed-D32S8 
06:19:34: FBO PF_FLOAT32_R depth/stencil support: D0S0 D0S1 D0S4 D0S8 D0S16 D16S0 D16S1 D16S4 D16S8 D16S16 D24S0 D24S1 D24S4 D24S8 D24S16 D32S0 D32S1 D32S4 D32S8 D32S16 D32S0 D32S1 D32S4 D32S8 D32S16 Packed-D24S8 Packed-D32S8 
06:19:34: FBO PF_SHORT_GR depth/stencil support: D0S0 D0S1 D0S4 D0S8 D0S16 D16S0 D16S1 D16S4 D16S8 D16S16 D24S0 D24S1 D24S4 D24S8 D24S16 D32S0 D32S1 D32S4 D32S8 D32S16 D32S0 D32S1 D32S4 D32S8 D32S16 Packed-D24S8 Packed-D32S8 
06:19:34: FBO PF_FLOAT16_GR depth/stencil support: D0S0 D0S1 D0S4 D0S8 D0S16 D16S0 D16S1 D16S4 D16S8 D16S16 D24S0 D24S1 D24S4 D24S8 D24S16 D32S0 D32S1 D32S4 D32S8 D32S16 D32S0 D32S1 D32S4 D32S8 D32S16 Packed-D24S8 Packed-D32S8 
06:19:34: FBO PF_FLOAT32_GR depth/stencil support: D0S0 D0S1 D0S4 D0S8 D0S16 D16S0 D16S1 D16S4 D16S8 D16S16 D24S0 D24S1 D24S4 D24S8 D24S16 D32S0 D32S1 D32S4 D32S8 D32S16 D32S0 D32S1 D32S4 D32S8 D32S16 Packed-D24S8 Packed-D32S8 
06:19:34: FBO PF_SHORT_RGB depth/stencil support: D0S0 D0S1 D0S4 D0S8 D0S16 D16S0 D16S1 D16S4 D16S8 D16S16 D24S0 D24S1 D24S4 D24S8 D24S16 D32S0 D32S1 D32S4 D32S8 D32S16 D32S0 D32S1 D32S4 D32S8 D32S16 Packed-D24S8 Packed-D32S8 
06:19:34: FBO PF_R11G11B10_FLOAT depth/stencil support: D0S0 D0S1 D0S4 D0S8 D0S16 D16S0 D16S1 D16S4 D16S8 D16S16 D24S0 D24S1 D24S4 D24S8 D24S16 D32S0 D32S1 D32S4 D32S8 D32S16 D32S0 D32S1 D32S4 D32S8 D32S16 Packed-D24S8 Packed-D32S8 
06:19:34: FBO PF_R8_UINT depth/stencil support: D0S0 D0S1 D0S4 D0S8 D0S16 D16S0 D16S1 D16S4 D16S8 D16S16 D24S0 D24S1 D24S4 D24S8 D24S16 D32S0 D32S1 D32S4 D32S8 D32S16 D32S0 D32S1 D32S4 D32S8 D32S16 Packed-D24S8 Packed-D32S8 
06:19:34: FBO PF_R8G8_UINT depth/stencil support: D0S0 D0S1 D0S4 D0S8 D0S16 D16S0 D16S1 D16S4 D16S8 D16S16 D24S0 D24S1 D24S4 D24S8 D24S16 D32S0 D32S1 D32S4 D32S8 D32S16 D32S0 D32S1 D32S4 D32S8 D32S16 Packed-D24S8 Packed-D32S8 
06:19:34: FBO PF_R8G8B8_UINT depth/stencil support: D0S0 D0S1 D0S4 D0S8 D0S16 D16S0 D16S1 D16S4 D16S8 D16S16 D24S0 D24S1 D24S4 D24S8 D24S16 D32S0 D32S1 D32S4 D32S8 D32S16 D32S0 D32S1 D32S4 D32S8 D32S16 Packed-D24S8 Packed-D32S8 
06:19:34: FBO PF_R8G8B8A8_UINT depth/stencil support: D0S0 D0S1 D0S4 D0S8 D0S16 D16S0 D16S1 D16S4 D16S8 D16S16 D24S0 D24S1 D24S4 D24S8 D24S16 D32S0 D32S1 D32S4 D32S8 D32S16 D32S0 D32S1 D32S4 D32S8 D32S16 Packed-D24S8 Packed-D32S8 
06:19:34: FBO PF_R16_UINT depth/stencil support: D0S0 D0S1 D0S4 D0S8 D0S16 D16S0 D16S1 D16S4 D16S8 D16S16 D24S0 D24S1 D24S4 D24S8 D24S16 D32S0 D32S1 D32S4 D32S8 D32S16 D32S0 D32S1 D32S4 D32S8 D32S16 Packed-D24S8 Packed-D32S8 
06:19:34: FBO PF_R16G16_UINT depth/stencil support: D0S0 D0S1 D0S4 D0S8 D0S16 D16S0 D16S1 D16S4 D16S8 D16S16 D24S0 D24S1 D24S4 D24S8 D24S16 D32S0 D32S1 D32S4 D32S8 D32S16 D32S0 D32S1 D32S4 D32S8 D32S16 Packed-D24S8 Packed-D32S8 
06:19:34: FBO PF_R16G16B16_UINT depth/stencil support: D0S0 D0S1 D0S4 D0S8 D0S16 D16S0 D16S1 D16S4 D16S8 D16S16 D24S0 D24S1 D24S4 D24S8 D24S16 D32S0 D32S1 D32S4 D32S8 D32S16 D32S0 D32S1 D32S4 D32S8 D32S16 Packed-D24S8 Packed-D32S8 
06:19:34: FBO PF_R16G16B16A16_UINT depth/stencil support: D0S0 D0S1 D0S4 D0S8 D0S16 D16S0 D16S1 D16S4 D16S8 D16S16 D24S0 D24S1 D24S4 D24S8 D24S16 D32S0 D32S1 D32S4 D32S8 D32S16 D32S0 D32S1 D32S4 D32S8 D32S16 Packed-D24S8 Packed-D32S8 
06:19:34: FBO PF_R32_UINT depth/stencil support: D0S0 D0S1 D0S4 D0S8 D0S16 D16S0 D16S1 D16S4 D16S8 D16S16 D24S0 D24S1 D24S4 D24S8 D24S16 D32S0 D32S1 D32S4 D32S8 D32S16 D32S0 D32S1 D32S4 D32S8 D32S16 Packed-D24S8 Packed-D32S8 
06:19:34: FBO PF_R32G32_UINT depth/stencil support: D0S0 D0S1 D0S4 D0S8 D0S16 D16S0 D16S1 D16S4 D16S8 D16S16 D24S0 D24S1 D24S4 D24S8 D24S16 D32S0 D32S1 D32S4 D32S8 D32S16 D32S0 D32S1 D32S4 D32S8 D32S16 Packed-D24S8 Packed-D32S8 
06:19:34: FBO PF_R32G32B32_UINT depth/stencil support: D0S0 D0S1 D0S4 D0S8 D0S16 D16S0 D16S1 D16S4 D16S8 D16S16 D24S0 D24S1 D24S4 D24S8 D24S16 D32S0 D32S1 D32S4 D32S8 D32S16 D32S0 D32S1 D32S4 D32S8 D32S16 Packed-D24S8 Packed-D32S8 
06:19:34: FBO PF_R32G32B32A32_UINT depth/stencil support: D0S0 D0S1 D0S4 D0S8 D0S16 D16S0 D16S1 D16S4 D16S8 D16S16 D24S0 D24S1 D24S4 D24S8 D24S16 D32S0 D32S1 D32S4 D32S8 D32S16 D32S0 D32S1 D32S4 D32S8 D32S16 Packed-D24S8 Packed-D32S8 
06:19:34: FBO PF_R8_SINT depth/stencil support: D0S0 D0S1 D0S4 D0S8 D0S16 D16S0 D16S1 D16S4 D16S8 D16S16 D24S0 D24S1 D24S4 D24S8 D24S16 D32S0 D32S1 D32S4 D32S8 D32S16 D32S0 D32S1 D32S4 D32S8 D32S16 Packed-D24S8 Packed-D32S8 
06:19:34: FBO PF_R8G8_SINT depth/stencil support: D0S0 D0S1 D0S4 D0S8 D0S16 D16S0 D16S1 D16S4 D16S8 D16S16 D24S0 D24S1 D24S4 D24S8 D24S16 D32S0 D32S1 D32S4 D32S8 D32S16 D32S0 D32S1 D32S4 D32S8 D32S16 Packed-D24S8 Packed-D32S8 
06:19:34: FBO PF_R8G8B8_SINT depth/stencil support: D0S0 D0S1 D0S4 D0S8 D0S16 D16S0 D16S1 D16S4 D16S8 D16S16 D24S0 D24S1 D24S4 D24S8 D24S16 D32S0 D32S1 D32S4 D32S8 D32S16 D32S0 D32S1 D32S4 D32S8 D32S16 Packed-D24S8 Packed-D32S8 
06:19:34: FBO PF_R8G8B8A8_SINT depth/stencil support: D0S0 D0S1 D0S4 D0S8 D0S16 D16S0 D16S1 D16S4 D16S8 D16S16 D24S0 D24S1 D24S4 D24S8 D24S16 D32S0 D32S1 D32S4 D32S8 D32S16 D32S0 D32S1 D32S4 D32S8 D32S16 Packed-D24S8 Packed-D32S8 
06:19:34: FBO PF_R16_SINT depth/stencil support: D0S0 D0S1 D0S4 D0S8 D0S16 D16S0 D16S1 D16S4 D16S8 D16S16 D24S0 D24S1 D24S4 D24S8 D24S16 D32S0 D32S1 D32S4 D32S8 D32S16 D32S0 D32S1 D32S4 D32S8 D32S16 Packed-D24S8 Packed-D32S8 
06:19:34: FBO PF_R16G16_SINT depth/stencil support: D0S0 D0S1 D0S4 D0S8 D0S16 D16S0 D16S1 D16S4 D16S8 D16S16 D24S0 D24S1 D24S4 D24S8 D24S16 D32S0 D32S1 D32S4 D32S8 D32S16 D32S0 D32S1 D32S4 D32S8 D32S16 Packed-D24S8 Packed-D32S8 
06:19:34: FBO PF_R16G16B16_SINT depth/stencil support: D0S0 D0S1 D0S4 D0S8 D0S16 D16S0 D16S1 D16S4 D16S8 D16S16 D24S0 D24S1 D24S4 D24S8 D24S16 D32S0 D32S1 D32S4 D32S8 D32S16 D32S0 D32S1 D32S4 D32S8 D32S16 Packed-D24S8 Packed-D32S8 
06:19:34: FBO PF_R16G16B16A16_SINT depth/stencil support: D0S0 D0S1 D0S4 D0S8 D0S16 D16S0 D16S1 D16S4 D16S8 D16S16 D24S0 D24S1 D24S4 D24S8 D24S16 D32S0 D32S1 D32S4 D32S8 D32S16 D32S0 D32S1 D32S4 D32S8 D32S16 Packed-D24S8 Packed-D32S8 
06:19:34: FBO PF_R32_SINT depth/stencil support: D0S0 D0S1 D0S4 D0S8 D0S16 D16S0 D16S1 D16S4 D16S8 D16S16 D24S0 D24S1 D24S4 D24S8 D24S16 D32S0 D32S1 D32S4 D32S8 D32S16 D32S0 D32S1 D32S4 D32S8 D32S16 Packed-D24S8 Packed-D32S8 
06:19:34: FBO PF_R32G32_SINT depth/stencil support: D0S0 D0S1 D0S4 D0S8 D0S16 D16S0 D16S1 D16S4 D16S8 D16S16 D24S0 D24S1 D24S4 D24S8 D24S16 D32S0 D32S1 D32S4 D32S8 D32S16 D32S0 D32S1 D32S4 D32S8 D32S16 Packed-D24S8 Packed-D32S8 
06:19:34: FBO PF_R32G32B32_SINT depth/stencil support: D0S0 D0S1 D0S4 D0S8 D0S16 D16S0 D16S1 D16S4 D16S8 D16S16 D24S0 D24S1 D24S4 D24S8 D24S16 D32S0 D32S1 D32S4 D32S8 D32S16 D32S0 D32S1 D32S4 D32S8 D32S16 Packed-D24S8 Packed-D32S8 
06:19:34: FBO PF_R32G32B32A32_SINT depth/stencil support: D0S0 D0S1 D0S4 D0S8 D0S16 D16S0 D16S1 D16S4 D16S8 D16S16 D24S0 D24S1 D24S4 D24S8 D24S16 D32S0 D32S1 D32S4 D32S8 D32S16 D32S0 D32S1 D32S4 D32S8 D32S16 Packed-D24S8 Packed-D32S8 
06:19:34: FBO PF_R8 depth/stencil support: D0S0 D0S1 D0S4 D0S8 D0S16 D16S0 D16S1 D16S4 D16S8 D16S16 D24S0 D24S1 D24S4 D24S8 D24S16 D32S0 D32S1 D32S4 D32S8 D32S16 D32S0 D32S1 D32S4 D32S8 D32S16 Packed-D24S8 Packed-D32S8 
06:19:34: FBO PF_R8G8 depth/stencil support: D0S0 D0S1 D0S4 D0S8 D0S16 D16S0 D16S1 D16S4 D16S8 D16S16 D24S0 D24S1 D24S4 D24S8 D24S16 D32S0 D32S1 D32S4 D32S8 D32S16 D32S0 D32S1 D32S4 D32S8 D32S16 Packed-D24S8 Packed-D32S8 
06:19:34: FBO PF_R8_SNORM depth/stencil support: D0S0 D0S1 D0S4 D0S8 D0S16 D16S0 D16S1 D16S4 D16S8 D16S16 D24S0 D24S1 D24S4 D24S8 D24S16 D32S0 D32S1 D32S4 D32S8 D32S16 D32S0 D32S1 D32S4 D32S8 D32S16 Packed-D24S8 Packed-D32S8 
06:19:34: FBO PF_R8G8_SNORM depth/stencil support: D0S0 D0S1 D0S4 D0S8 D0S16 D16S0 D16S1 D16S4 D16S8 D16S16 D24S0 D24S1 D24S4 D24S8 D24S16 D32S0 D32S1 D32S4 D32S8 D32S16 D32S0 D32S1 D32S4 D32S8 D32S16 Packed-D24S8 Packed-D32S8 
06:19:34: FBO PF_R8G8B8_SNORM depth/stencil support: D0S0 D0S1 D0S4 D0S8 D0S16 D16S0 D16S1 D16S4 D16S8 D16S16 D24S0 D24S1 D24S4 D24S8 D24S16 D32S0 D32S1 D32S4 D32S8 D32S16 D32S0 D32S1 D32S4 D32S8 D32S16 Packed-D24S8 Packed-D32S8 
06:19:34: FBO PF_R8G8B8A8_SNORM depth/stencil support: D0S0 D0S1 D0S4 D0S8 D0S16 D16S0 D16S1 D16S4 D16S8 D16S16 D24S0 D24S1 D24S4 D24S8 D24S16 D32S0 D32S1 D32S4 D32S8 D32S16 D32S0 D32S1 D32S4 D32S8 D32S16 Packed-D24S8 Packed-D32S8 
06:19:34: FBO PF_R16_SNORM depth/stencil support: D0S0 D0S1 D0S4 D0S8 D0S16 D16S0 D16S1 D16S4 D16S8 D16S16 D24S0 D24S1 D24S4 D24S8 D24S16 D32S0 D32S1 D32S4 D32S8 D32S16 D32S0 D32S1 D32S4 D32S8 D32S16 Packed-D24S8 Packed-D32S8 
06:19:34: FBO PF_R16G16_SNORM depth/stencil support: D0S0 D0S1 D0S4 D0S8 D0S16 D16S0 D16S1 D16S4 D16S8 D16S16 D24S0 D24S1 D24S4 D24S8 D24S16 D32S0 D32S1 D32S4 D32S8 D32S16 D32S0 D32S1 D32S4 D32S8 D32S16 Packed-D24S8 Packed-D32S8 
06:19:34: FBO PF_R16G16B16_SNORM depth/stencil support: D0S0 D0S1 D0S4 D0S8 D0S16 D16S0 D16S1 D16S4 D16S8 D16S16 D24S0 D24S1 D24S4 D24S8 D24S16 D32S0 D32S1 D32S4 D32S8 D32S16 D32S0 D32S1 D32S4 D32S8 D32S16 Packed-D24S8 Packed-D32S8 
06:19:34: FBO PF_R16G16B16A16_SNORM depth/stencil support: D0S0 D0S1 D0S4 D0S8 D0S16 D16S0 D16S1 D16S4 D16S8 D16S16 D24S0 D24S1 D24S4 D24S8 D24S16 D32S0 D32S1 D32S4 D32S8 D32S16 D32S0 D32S1 D32S4 D32S8 D32S16 Packed-D24S8 Packed-D32S8 
06:19:34: FBO PF_DEPTH32 depth/stencil support: D0S0 D0S1 D0S4 D0S8 D0S16 D16S0 D16S1 D16S4 D16S8 D16S16 D24S0 D24S1 D24S4 D24S8 D24S16 D32S0 D32S1 D32S4 D32S8 D32S16 D32S0 D32S1 D32S4 D32S8 D32S16 Packed-D24S8 Packed-D32S8 
06:19:34: FBO PF_DEPTH32F depth/stencil support: D0S0 D0S1 D0S4 D0S8 D0S16 D16S0 D16S1 D16S4 D16S8 D16S16 D24S0 D24S1 D24S4 D24S8 D24S16 D32S0 D32S1 D32S4 D32S8 D32S16 D32S0 D32S1 D32S4 D32S8 D32S16 Packed-D24S8 Packed-D32S8 
06:19:34: FBO PF_DEPTH24_STENCIL8 depth/stencil support: D0S0 D0S1 D0S4 D0S8 D0S16 D16S0 D16S1 D16S4 D16S8 D16S16 D24S0 D24S1 D24S4 D24S8 D24S16 D32S0 D32S1 D32S4 D32S8 D32S16 D32S0 D32S1 D32S4 D32S8 D32S16 Packed-D24S8 Packed-D32S8 
06:19:34: [GL] : Valid FBO targets PF_UNKNOWN PF_L8 PF_L16 PF_A8 PF_BYTE_LA PF_R5G6B5 PF_A4R4G4B4 PF_A1R5G5B5 PF_R8G8B8 PF_B8G8R8 PF_A8R8G8B8 PF_A8B8G8R8 PF_B8G8R8A8 PF_A2R10G10B10 PF_A2B10G10R10 PF_FLOAT16_RGB PF_FLOAT16_RGBA PF_FLOAT32_RGB PF_FLOAT32_RGBA PF_X8R8G8B8 PF_X8B8G8R8 PF_R8G8B8A8 PF_DEPTH16 PF_SHORT_RGBA PF_R3G3B2 PF_FLOAT16_R PF_FLOAT32_R PF_SHORT_GR PF_FLOAT16_GR PF_FLOAT32_GR PF_SHORT_RGB PF_R11G11B10_FLOAT PF_R8_UINT PF_R8G8_UINT PF_R8G8B8_UINT PF_R8G8B8A8_UINT PF_R16_UINT PF_R16G16_UINT PF_R16G16B16_UINT PF_R16G16B16A16_UINT PF_R32_UINT PF_R32G32_UINT PF_R32G32B32_UINT PF_R32G32B32A32_UINT PF_R8_SINT PF_R8G8_SINT PF_R8G8B8_SINT PF_R8G8B8A8_SINT PF_R16_SINT PF_R16G16_SINT PF_R16G16B16_SINT PF_R16G16B16A16_SINT PF_R32_SINT PF_R32G32_SINT PF_R32G32B32_SINT PF_R32G32B32A32_SINT PF_R8 PF_R8G8 PF_R8_SNORM PF_R8G8_SNORM PF_R8G8B8_SNORM PF_R8G8B8A8_SNORM PF_R16_SNORM PF_R16G16_SNORM PF_R16G16B16_SNORM PF_R16G16B16A16_SNORM PF_DEPTH32 PF_DEPTH32F PF_DEPTH24_STENCIL8 
06:19:34: Registering ResourceManager for type Texture
06:19:34: RenderSystem capabilities
06:19:34: -------------------------
06:19:34: RenderSystem Name: OpenGL 3+ Rendering Subsystem
06:19:34: GPU Vendor: apple
06:19:34: Device Name: Apple M5
06:19:34: Driver Version: 4.1.0.0
06:19:34:  * Fixed function pipeline: no
06:19:34:  * 32-bit index buffers: yes
06:19:34:  * Hardware stencil buffer: yes
06:19:34:    - Two sided stencil support: yes
06:19:34:    - Wrap stencil values: yes
06:19:34:  * Gpu programs: yes
06:19:34:    - Vertex constant 4-vectors: 1024
06:19:34:    - Fragment constant 4-vectors: 1024
06:19:34:  * Geometry programs: yes
06:19:34:    - Number of constant 4-vectors: 1024
06:19:34:  * Tessellation programs: yes
06:19:34:    - Hull program constant 4-vectors: 1024
06:19:34:    - Domain program constant 4-vectors: 1024
06:19:34:  * Mesh programs: no
06:19:34:  * Compute programs: no
06:19:34:  * VP/RT index from any shader: no
06:19:34:  * Supported Shader Profiles: glsl glsl150 glsl330 glsl400 glsl410
06:19:34:  * Read-back compiled shader: no
06:19:34:  * Number of vertex attributes: 16
06:19:34:  * Textures
06:19:34:    - Number of texture units: 16
06:19:34:    - Number of vertex textures: 16
06:19:34:    - Floating point: yes
06:19:34:    - Non-power-of-two: yes
06:19:34:    - 1D textures: yes
06:19:34:    - 2D array textures: yes
06:19:34:    - 3D textures: yes
06:19:34:    - Anisotropic filtering: yes
06:19:34:  * Texture Compression: yes
06:19:34:    - DXT: yes
06:19:34:    - VTC: no
06:19:34:    - PVRTC: no
06:19:34:    - ATC: no
06:19:34:    - ETC1: no
06:19:34:    - ETC2: no
06:19:34:    - BC4/BC5: yes
06:19:34:    - BC6H/BC7: no
06:19:34:    - ASTC: no
06:19:34:    - Automatic mipmap generation: yes
06:19:34:  * Vertex Buffers
06:19:34:    - Render to Vertex Buffer: yes
06:19:34:    - Instance Data: yes
06:19:34:    - Primitive Restart: no
06:19:34:    - INT_10_10_10_2_NORM element type: yes
06:19:34:    - 16x3 element types: yes
06:19:34:  * Read/Write Buffers: no
06:19:34:  * Hardware Occlusion Query: yes
06:19:34:  * User clip planes: yes
06:19:34:  * Depth clamping: yes
06:19:34:  * Hardware render-to-texture: yes
06:19:34:    - Multiple Render Targets: 8
06:19:34:  * Point Sprites: yes
06:19:34:    - Max Size: 64
06:19:34:  * Wide Lines: no
06:19:34:  * Hardware Gamma: yes
06:19:34:  * PBuffer support: no
06:19:34:  * Vertex Array Objects: yes
06:19:34:  * Separate shader objects: no
06:19:34:    - redeclare GLSL interface block: no
06:19:34:  * Debugging/ profiling events: no
06:19:34:  * Map buffer storage: yes
06:19:34: DefaultWorkQueue('Root') initialising on thread 0x1f22718c0.
06:19:34: DefaultWorkQueue('Root')::WorkerFunc - thread 0x16d1c7000 starting.
06:19:34: Particle Renderer Type 'billboard' registered
06:19:34: DefaultWorkQueue('Root')::WorkerFunc - thread 0x16d253000 starting.
06:19:34: Particle Renderer Type 'billboard' registered
06:19:34: Particle Renderer Type 'billboard' registered
06:19:34: DefaultWorkQueue('Root')::WorkerFunc - thread 0x16d253000 starting.
06:19:34: SceneManagerFactory for type 'OctreeSceneManager' registered.
06:19:34: SceneManagerFactory for type 'OctreeSceneManager' registered.
06:19:34: [RoR|DisplayMetrics] backend=macos logical=1280x720 backing=1280x720 scale=1.000x1.000 viewport=1280x720 valid=1
06:19:34: Added resource location '/Users/beshoyhanna/Development/rigs-of-rods/build-macos-ogre14-roadmap/bin/resources/ogre14/Main' of type 'FileSystem' to resource group 'OgreInternal'
06:19:34: Added resource location '/Users/beshoyhanna/Development/rigs-of-rods/build-macos-ogre14-roadmap/bin/resources/ogre14/RTShaderLib' of type 'FileSystem' to resource group 'OgreInternal'
06:19:34: Added resource location '/Users/beshoyhanna/Development/rigs-of-rods/build-macos-ogre14-roadmap/bin/resources/ogre14/Terrain' of type 'FileSystem' to resource group 'OgreInternal'
06:19:34: [RoR|Startup|Rendering] OGRE RTShader System initialized; cache='/Users/beshoyhanna/Development/rigs-of-rods/build-macos-ogre14-roadmap/cw2-legacy-material.R04F0X/home/RigsOfRods/cache/rtshader'
06:19:34: Creating resource group SrcRG
06:19:34: Warning: Skipping 'empty' because it already exists in resource group 'SrcRG'
06:19:34: Warning: Skipping 'empty' because it already exists in resource group 'SrcRG'
06:19:34: Warning: Skipping 'empty' because it already exists in resource group 'SrcRG'
06:19:34: Warning: Skipping 'empty' because it already exists in resource group 'SrcRG'
06:19:34: Warning: Skipping 'empty' because it already exists in resource group 'SrcRG'
06:19:34: Warning: Skipping 'empty' because it already exists in resource group 'SrcRG'
06:19:34: Added resource location '/Users/beshoyhanna/Development/rigs-of-rods/build-macos-ogre14-roadmap/bin/resources/skeleton.zip' of type 'Zip' to resource group 'SrcRG'
06:19:34: Creating resource group DstRG
06:19:34: Added resource location '/Users/beshoyhanna/Development/rigs-of-rods/build-macos-ogre14-roadmap/cw2-legacy-material.R04F0X/home/RigsOfRods/' of type 'FileSystem' to resource group 'DstRG'
06:19:34: Destroying resource group SrcRG
06:19:34: Unloading resource group SrcRG
06:19:34: Finished unloading resource group SrcRG
06:19:34: Destroying resource group DstRG
06:19:34: Unloading resource group DstRG
06:19:34: Finished unloading resource group DstRG
06:19:34: OverlayElementFactory for type Panel registered.
06:19:34: OverlayElementFactory for type BorderPanel registered.
06:19:34: OverlayElementFactory for type TextArea registered.
06:19:34: Registering ResourceManager for type Font
06:19:34: Texture 'Warning': Loading 1 faces(PF_R5G6B5,8x8x1) with 3 hardware generated mipmaps from Image. Internal format is PF_R5G6B5,8x8x1.
06:19:34: [RoR|ContentManager] Loading resource pack "flags" to group "FlagsRG" (ZIP archive)
06:19:34: Creating resource group FlagsRG
06:19:34: Added resource location '/Users/beshoyhanna/Development/rigs-of-rods/build-macos-ogre14-roadmap/bin/resources/flags.zip' of type 'Zip' to resource group 'FlagsRG'
06:19:34: Initialising resource group FlagsRG
06:19:34: Parsing scripts for resource group FlagsRG
06:19:34: Finished parsing scripts for resource group FlagsRG
06:19:34: Creating resources for group FlagsRG
06:19:34: All done
06:19:34: [RoR|ContentManager] Loading resource pack "fonts" to group "FontsRG" (ZIP archive)
06:19:34: Creating resource group FontsRG
06:19:34: Added resource location '/Users/beshoyhanna/Development/rigs-of-rods/build-macos-ogre14-roadmap/bin/resources/fonts.zip' of type 'Zip' to resource group 'FontsRG'
06:19:34: Initialising resource group FontsRG
06:19:34: Parsing scripts for resource group FontsRG
06:19:34: Parsing script Roboto-Medium.fontdef
06:19:34: Parsing script SdkTraysRedirect.fontdef
06:19:34: Finished parsing scripts for resource group FontsRG
06:19:34: Creating resources for group FontsRG
06:19:34: All done
06:19:34: [RoR|ContentManager] Loading resource pack "icons" to group "IconsRG" (ZIP archive)
06:19:34: Creating resource group IconsRG
06:19:34: Added resource location '/Users/beshoyhanna/Development/rigs-of-rods/build-macos-ogre14-roadmap/bin/resources/icons.zip' of type 'Zip' to resource group 'IconsRG'
06:19:34: Initialising resource group IconsRG
06:19:34: Parsing scripts for resource group IconsRG
06:19:34: Finished parsing scripts for resource group IconsRG
06:19:34: Creating resources for group IconsRG
06:19:34: All done
06:19:34: [RoR|ContentManager] Loading resource pack "OgreCore" to group "OgreCoreRG" (ZIP archive)
06:19:34: Creating resource group OgreCoreRG
06:19:34: Added resource location '/Users/beshoyhanna/Development/rigs-of-rods/build-macos-ogre14-roadmap/bin/resources/OgreCore.zip' of type 'Zip' to resource group 'OgreCoreRG'
06:19:34: Initialising resource group OgreCoreRG
06:19:34: Parsing scripts for resource group OgreCoreRG
06:19:34: Parsing script StdQuad_vp.program
06:19:34: Parsing script OgreCore.material
06:19:34: Parsing script OgreProfiler.material
06:19:34: Parsing script Vera.fontdef
06:19:34: Error: ScriptCompiler - unexpected token in Vera.fontdef(1): 'VeraMono'. If this is a legacy script you must prepend the type (e.g. font, overlay).
06:19:34: Error: ScriptCompiler - unexpected token in Vera.fontdef(10): 'VeraMonoBold'. If this is a legacy script you must prepend the type (e.g. font, overlay).
06:19:34: Parsing script cent.fontdef
06:19:34: Error: ScriptCompiler - unexpected token in cent.fontdef(1): 'cent'. If this is a legacy script you must prepend the type (e.g. font, overlay).
06:19:34: Error: ScriptCompiler - unexpected token in cent.fontdef(202): 'glyph'. If this is a legacy script you must prepend the type (e.g. font, overlay).
06:19:34: Error: ScriptCompiler - invalid parameters in cent.fontdef(204): missing property value
06:19:34: Error: ScriptCompiler - invalid parameters in cent.fontdef(137)
06:19:34: Error: ScriptCompiler - invalid parameters in cent.fontdef(204): 0.835938
06:19:34: Parsing script cyberbit.fontdef
06:19:34: Error: ScriptCompiler - unexpected token in cyberbit.fontdef(1): 'CyberbitEnglish'. If this is a legacy script you must prepend the type (e.g. font, overlay).
06:19:34: Parsing script highcontrast.fontdef
06:19:34: Error: ScriptCompiler - unexpected token in highcontrast.fontdef(1): 'highcontrast_black'. If this is a legacy script you must prepend the type (e.g. font, overlay).
06:19:34: Error: ScriptCompiler - unexpected token in highcontrast.fontdef(202): 'glyph'. If this is a legacy script you must prepend the type (e.g. font, overlay).
06:19:34: Error: ScriptCompiler - invalid parameters in highcontrast.fontdef(204): missing property value
06:19:34: Error: ScriptCompiler - unexpected token in highcontrast.fontdef(209): 'highcontrast_green'. If this is a legacy script you must prepend the type (e.g. font, overlay).
06:19:34: Error: ScriptCompiler - unexpected token in highcontrast.fontdef(410): 'glyph'. If this is a legacy script you must prepend the type (e.g. font, overlay).
06:19:34: Error: ScriptCompiler - invalid parameters in highcontrast.fontdef(412): missing property value
06:19:34: Error: ScriptCompiler - invalid parameters in highcontrast.fontdef(137)
06:19:34: Error: ScriptCompiler - invalid parameters in highcontrast.fontdef(204): 0.832031
06:19:34: Error: ScriptCompiler - invalid parameters in highcontrast.fontdef(345)
06:19:34: Error: ScriptCompiler - invalid parameters in highcontrast.fontdef(412): 0.832031
06:19:34: Finished parsing scripts for resource group OgreCoreRG
06:19:34: Creating resources for group OgreCoreRG
06:19:34: All done
06:19:34: [RoR|ContentManager] Loading resource pack "wallpapers" to group "Wallpapers" (ZIP archive)
06:19:34: Creating resource group Wallpapers
06:19:34: Added resource location '/Users/beshoyhanna/Development/rigs-of-rods/build-macos-ogre14-roadmap/bin/resources/wallpapers.zip' of type 'Zip' to resource group 'Wallpapers'
06:19:34: Initialising resource group Wallpapers
06:19:34: Parsing scripts for resource group Wallpapers
06:19:34: Finished parsing scripts for resource group Wallpapers
06:19:34: Creating resources for group Wallpapers
06:19:34: All done
06:19:34: [RoR|ContentManager] Loading resource pack "scripts" to group "ScriptsRG" (ZIP archive)
06:19:34: Creating resource group ScriptsRG
06:19:34: Added resource location '/Users/beshoyhanna/Development/rigs-of-rods/build-macos-ogre14-roadmap/bin/resources/scripts.zip' of type 'Zip' to resource group 'ScriptsRG'
06:19:34: Initialising resource group ScriptsRG
06:19:34: Parsing scripts for resource group ScriptsRG
06:19:34: Finished parsing scripts for resource group ScriptsRG
06:19:34: Creating resources for group ScriptsRG
06:19:34: All done
06:19:34: Creating resource group LngRG
06:19:34: Added resource location '/Users/beshoyhanna/Development/rigs-of-rods/build-macos-ogre14-roadmap/bin/languages' of type 'FileSystem' to resource group 'LngRG'
06:19:34: Destroying resource group LngRG
06:19:34: Unloading resource group LngRG
06:19:34: Finished unloading resource group LngRG
06:19:34: [RoR|App] Error loading language file: '/Users/beshoyhanna/Development/rigs-of-rods/build-macos-ogre14-roadmap/bin/languages/en/ror.mo'
06:19:34: Creating resource group Config
06:19:34: Added resource location '/Users/beshoyhanna/Development/rigs-of-rods/build-macos-ogre14-roadmap/cw2-legacy-material.R04F0X/home/RigsOfRods/config' of type 'FileSystem' to resource group 'Config'
06:19:34: Creating resource group Savegames
06:19:34: Added resource location '/Users/beshoyhanna/Development/rigs-of-rods/build-macos-ogre14-roadmap/cw2-legacy-material.R04F0X/home/RigsOfRods/savegames' of type 'FileSystem' to resource group 'Savegames'
06:19:34: Creating resource group Scripts
06:19:34: Added resource location '/Users/beshoyhanna/Development/rigs-of-rods/build-macos-ogre14-roadmap/cw2-legacy-material.R04F0X/home/RigsOfRods/scripts' of type 'FileSystem' to resource group 'Scripts'
06:19:34: Creating resource group Logs
06:19:34: Added resource location '/Users/beshoyhanna/Development/rigs-of-rods/build-macos-ogre14-roadmap/cw2-legacy-material.R04F0X/home/RigsOfRods/logs' of type 'FileSystem' to resource group 'Logs'
06:19:34: Creating resource group ManagedMaterials
06:19:34: Added resource location '/Users/beshoyhanna/Development/rigs-of-rods/build-macos-ogre14-roadmap/bin/resources/managed_materials/shadows/pssm/off' of type 'FileSystem' to resource group 'ManagedMaterials'
06:19:34: Added resource location '/Users/beshoyhanna/Development/rigs-of-rods/build-macos-ogre14-roadmap/bin/resources/managed_materials/texture' of type 'FileSystem' to resource group 'ManagedMaterials'
06:19:34: Added resource location '/Users/beshoyhanna/Development/rigs-of-rods/build-macos-ogre14-roadmap/bin/resources/managed_materials' of type 'FileSystem' to resource group 'ManagedMaterials'
06:19:34: Initialising resource group ManagedMaterials
06:19:34: Parsing scripts for resource group ManagedMaterials
06:19:34: Parsing script nicemetal_mm.program
06:19:34: Parsing script shadows.material
06:19:34: Parsing script texture_manager.material
06:19:34: Parsing script managed_mats_vehicles_nicemetal.material
06:19:34: Warning: ScriptCompiler - deprecated symbol in managed_mats_vehicles_nicemetal.material(31): texture_alias. Use 'texture $variable'
06:19:34: Warning: ScriptCompiler - deprecated symbol in managed_mats_vehicles_nicemetal.material(51): texture_alias. Use 'texture $variable'
06:19:34: Warning: ScriptCompiler - deprecated symbol in managed_mats_vehicles_nicemetal.material(56): 'cubic_texture ..'. Use 'texture .. cubic' instead.
06:19:34: Warning: ScriptCompiler - deprecated symbol in managed_mats_vehicles_nicemetal.material(92): texture_alias. Use 'texture $variable'
06:19:34: Warning: ScriptCompiler - deprecated symbol in managed_mats_vehicles_nicemetal.material(118): texture_alias. Use 'texture $variable'
06:19:34: Warning: ScriptCompiler - deprecated symbol in managed_mats_vehicles_nicemetal.material(123): 'cubic_texture ..'. Use 'texture .. cubic' instead.
06:19:34: Warning: ScriptCompiler - deprecated symbol in managed_mats_vehicles_nicemetal.material(151): texture_alias. Use 'texture $variable'
06:19:34: Warning: ScriptCompiler - deprecated symbol in managed_mats_vehicles_nicemetal.material(157): texture_alias. Use 'texture $variable'
06:19:34: Warning: ScriptCompiler - deprecated symbol in managed_mats_vehicles_nicemetal.material(176): texture_alias. Use 'texture $variable'
06:19:34: Warning: ScriptCompiler - deprecated symbol in managed_mats_vehicles_nicemetal.material(181): 'cubic_texture ..'. Use 'texture .. cubic' instead.
06:19:34: Parsing script managed_submesh.material
06:19:34: Error: ScriptCompiler - unexpected token in managed_submesh.material(25): token "normalise_normals" is not recognized
06:19:34: Warning: ScriptCompiler - deprecated symbol in managed_submesh.material(33): texture_alias. Use 'texture $variable'
06:19:34: Warning: ScriptCompiler - deprecated symbol in managed_submesh.material(53): texture_alias. Use 'texture $variable'
06:19:34: Warning: ScriptCompiler - deprecated symbol in managed_mats.material(13): texture_alias. Use 'texture $variable'
06:19:34: Warning: ScriptCompiler - deprecated symbol in managed_submesh.material(70): texture_alias. Use 'texture $variable'
06:19:34: Warning: ScriptCompiler - deprecated symbol in managed_submesh.material(86): cull_software. Only used by the BSP scene manager.
06:19:34: Warning: ScriptCompiler - deprecated symbol in managed_submesh.material(90): texture_alias. Use 'texture $variable'
06:19:34: Warning: ScriptCompiler - deprecated symbol in managed_submesh.material(98): 'cubic_texture ..'. Use 'texture .. cubic' instead.
06:19:34: Error: ScriptCompiler - unexpected token in managed_submesh.material(131): token "normalise_normals" is not recognized
06:19:34: Warning: ScriptCompiler - deprecated symbol in managed_submesh.material(139): texture_alias. Use 'texture $variable'
06:19:34: Warning: ScriptCompiler - deprecated symbol in managed_submesh.material(159): texture_alias. Use 'texture $variable'
06:19:34: Warning: ScriptCompiler - deprecated symbol in managed_mats.material(13): texture_alias. Use 'texture $variable'
06:19:34: Warning: ScriptCompiler - deprecated symbol in managed_submesh.material(176): texture_alias. Use 'texture $variable'
06:19:34: Warning: ScriptCompiler - deprecated symbol in managed_submesh.material(194): texture_alias. Use 'texture $variable'
06:19:34: Warning: ScriptCompiler - deprecated symbol in managed_submesh.material(203): 'cubic_texture ..'. Use 'texture .. cubic' instead.
06:19:34: Error: ScriptCompiler - unexpected token in managed_submesh.material(237): token "normalise_normals" is not recognized
06:19:34: Warning: ScriptCompiler - deprecated symbol in managed_submesh.material(245): texture_alias. Use 'texture $variable'
06:19:34: Warning: ScriptCompiler - deprecated symbol in managed_mats.material(13): texture_alias. Use 'texture $variable'
06:19:34: Warning: ScriptCompiler - deprecated symbol in managed_submesh.material(270): texture_alias. Use 'texture $variable'
06:19:34: Warning: ScriptCompiler - deprecated symbol in managed_submesh.material(286): cull_software. Only used by the BSP scene manager.
06:19:34: Warning: ScriptCompiler - deprecated symbol in managed_submesh.material(290): texture_alias. Use 'texture $variable'
06:19:34: Warning: ScriptCompiler - deprecated symbol in managed_submesh.material(298): 'cubic_texture ..'. Use 'texture .. cubic' instead.
06:19:34: Error: ScriptCompiler - unexpected token in managed_submesh.material(342): token "normalise_normals" is not recognized
06:19:34: Warning: ScriptCompiler - deprecated symbol in managed_submesh.material(350): texture_alias. Use 'texture $variable'
06:19:34: Warning: ScriptCompiler - deprecated symbol in managed_mats.material(13): texture_alias. Use 'texture $variable'
06:19:34: Warning: ScriptCompiler - deprecated symbol in managed_submesh.material(375): texture_alias. Use 'texture $variable'
06:19:34: Warning: ScriptCompiler - deprecated symbol in managed_submesh.material(393): texture_alias. Use 'texture $variable'
06:19:34: Warning: ScriptCompiler - deprecated symbol in managed_submesh.material(402): 'cubic_texture ..'. Use 'texture .. cubic' instead.
06:19:34: Parsing script managed_mats_vehicles.material
06:19:34: Warning: ScriptCompiler - deprecated symbol in texture_manager.material(16): 'cubic_texture ..'. Use 'texture .. cubic' instead.
06:19:34: Warning: ScriptCompiler - deprecated symbol in texture_manager.material(16): 'cubic_texture ..'. Use 'texture .. cubic' instead.
06:19:34: Warning: ScriptCompiler - deprecated symbol in texture_manager.material(16): 'cubic_texture ..'. Use 'texture .. cubic' instead.
06:19:34: Parsing script managed_mats_vehicles_transparent_nicemetal.material
06:19:34: Warning: ScriptCompiler - deprecated symbol in managed_mats_vehicles_transparent_nicemetal.material(33): texture_alias. Use 'texture $variable'
06:19:34: Warning: ScriptCompiler - deprecated symbol in managed_mats_vehicles_transparent_nicemetal.material(54): texture_alias. Use 'texture $variable'
06:19:34: Warning: ScriptCompiler - deprecated symbol in managed_mats_vehicles_transparent_nicemetal.material(59): 'cubic_texture ..'. Use 'texture .. cubic' instead.
06:19:34: Warning: ScriptCompiler - deprecated symbol in managed_mats_vehicles_transparent_nicemetal.material(98): texture_alias. Use 'texture $variable'
06:19:34: Warning: ScriptCompiler - deprecated symbol in managed_mats_vehicles_transparent_nicemetal.material(125): texture_alias. Use 'texture $variable'
06:19:34: Error: ScriptCompiler - fewer parameters expected in managed_mats_vehicles_transparent_nicemetal.material(125): texture_alias must have at most 1 argument
06:19:34: Warning: ScriptCompiler - deprecated symbol in managed_mats_vehicles_transparent_nicemetal.material(130): 'cubic_texture ..'. Use 'texture .. cubic' instead.
06:19:34: Warning: ScriptCompiler - deprecated symbol in managed_mats_vehicles_transparent_nicemetal.material(166): texture_alias. Use 'texture $variable'
06:19:34: Warning: ScriptCompiler - deprecated symbol in managed_mats_vehicles_transparent_nicemetal.material(186): texture_alias. Use 'texture $variable'
06:19:34: Warning: ScriptCompiler - deprecated symbol in managed_mats_vehicles_transparent_nicemetal.material(191): 'cubic_texture ..'. Use 'texture .. cubic' instead.
06:19:34: Parsing script managed_mats.material
06:19:34: Parsing script managed_mats_vehicles_transparent.material
06:19:34: Warning: ScriptCompiler - deprecated symbol in texture_manager.material(16): 'cubic_texture ..'. Use 'texture .. cubic' instead.
06:19:34: Warning: ScriptCompiler - deprecated symbol in texture_manager.material(16): 'cubic_texture ..'. Use 'texture .. cubic' instead.
06:19:34: Warning: ScriptCompiler - deprecated symbol in texture_manager.material(16): 'cubic_texture ..'. Use 'texture .. cubic' instead.
06:19:34: Finished parsing scripts for resource group ManagedMaterials
06:19:34: Creating resources for group ManagedMaterials
06:19:34: All done
06:19:34: [RoR|ContentManager] Loading resource pack "mygui" to group "MyGuiRG" (ZIP archive)
06:19:34: Creating resource group MyGuiRG
06:19:34: Added resource location '/Users/beshoyhanna/Development/rigs-of-rods/build-macos-ogre14-roadmap/bin/resources/mygui.zip' of type 'Zip' to resource group 'MyGuiRG'
06:19:34: Initialising resource group MyGuiRG
06:19:34: Parsing scripts for resource group MyGuiRG
06:19:34: Finished parsing scripts for resource group MyGuiRG
06:19:34: Creating resources for group MyGuiRG
06:19:34: All done
06:19:34: [RoR|ContentManager] Loading resource pack "dashboards" to group "DashboardsRG" (ZIP archive)
06:19:34: Creating resource group DashboardsRG
06:19:34: Added resource location '/Users/beshoyhanna/Development/rigs-of-rods/build-macos-ogre14-roadmap/bin/resources/dashboards.zip' of type 'Zip' to resource group 'DashboardsRG'
06:19:34: Initialising resource group DashboardsRG
06:19:34: Parsing scripts for resource group DashboardsRG
06:19:34: Finished parsing scripts for resource group DashboardsRG
06:19:34: Creating resources for group DashboardsRG
06:19:34: All done
06:19:34: Particle Affector Type 'FireExtinguisher' registered
06:19:34: Particle Affector Type 'ExtinguishableFire' registered
06:19:34: RoR|ContentManager: Creating Sound Manager
06:19:34: [RoR|Audio] No audio device configured, opening default.
06:19:34: SoundManager: OpenAL vendor is: OpenAL Community
06:19:34: SoundManager: OpenAL version is: 1.1 ALSOFT 1.24.3
06:19:34: SoundManager: OpenAL renderer is: OpenAL Soft
06:19:34: SoundManager: OpenAL extensions are: AL_EXT_ALAW AL_EXT_BFORMAT AL_EXT_debug AL_EXT_direct_context AL_EXT_DOUBLE AL_EXT_EXPONENT_DISTANCE AL_EXT_FLOAT32 AL_EXT_IMA4 AL_EXT_LINEAR_DISTANCE AL_EXT_MCFORMATS AL_EXT_MULAW AL_EXT_MULAW_BFORMAT AL_EXT_MULAW_MCFORMATS AL_EXT_OFFSET AL_EXT_source_distance_model AL_EXT_SOURCE_RADIUS AL_EXT_STATIC_BUFFER AL_EXT_STEREO_ANGLES AL_LOKI_quadriphonic AL_SOFT_bformat_ex AL_SOFT_bformat_hoa AL_SOFT_block_alignment AL_SOFT_buffer_length_query AL_SOFT_callback_buffer AL_SOFTX_convolution_effect AL_SOFT_deferred_updates AL_SOFT_direct_channels AL_SOFT_direct_channels_remix AL_SOFT_effect_target AL_SOFT_events AL_SOFT_gain_clamp_ex AL_SOFTX_hold_on_disconnect AL_SOFT_loop_points AL_SOFTX_map_buffer AL_SOFT_MSADPCM AL_SOFT_source_latency AL_SOFT_source_length AL_SOFTX_source_panning AL_SOFT_source_resampler AL_SOFT_source_spatialize AL_SOFT_source_start_delay AL_SOFT_UHJ AL_SOFT_UHJ_ex
06:19:34: SoundManager: OpenAL device is: OpenAL Soft
06:19:34: SoundManager: OpenAL ALC extensions are: ALC_ENUMERATE_ALL_EXT ALC_ENUMERATION_EXT ALC_EXT_CAPTURE ALC_EXT_debug ALC_EXT_DEDICATED ALC_EXT_direct_context ALC_EXT_disconnect ALC_EXT_EFX ALC_EXT_thread_local_context ALC_SOFT_device_clock ALC_SOFT_HRTF ALC_SOFT_loopback ALC_SOFT_loopback_bformat ALC_SOFT_output_limiter ALC_SOFT_output_mode ALC_SOFT_pause_device ALC_SOFT_reopen_device ALC_SOFT_system_events
06:19:34: SoundManager: Found OpenAL EFX extension
06:19:34: SoundManager: OpenAL driver supports AL_EFFECT_EAXREVERB, using it
06:19:34: SoundScriptManager: Sound Manager started with 32 sources
06:19:34: [RoR|ContentManager] Loading resource pack "sounds" to group "SoundsRG" (ZIP archive)
06:19:34: Creating resource group SoundsRG
06:19:34: Added resource location '/Users/beshoyhanna/Development/rigs-of-rods/build-macos-ogre14-roadmap/bin/resources/sounds.zip' of type 'Zip' to resource group 'SoundsRG'
06:19:34: Initialising resource group SoundsRG
06:19:34: Parsing scripts for resource group SoundsRG
06:19:34: Parsing script defaults.soundscript
06:19:34: SoundScriptManager: Parsing script defaults.soundscript
06:19:34: SoundScriptManager: creating template tracks/main_menu_tune
06:19:34: SoundScriptManager: creating template tracks/default_diesel
06:19:34: SoundScriptManager: creating template tracks/default_force
06:19:34: SoundScriptManager: creating template tracks/default_car
06:19:34: SoundScriptManager: creating template tracks/default_starter
06:19:34: SoundScriptManager: creating template tracks/default_turbo
06:19:34: SoundScriptManager: creating template tracks/default_turbo_small
06:19:34: SoundScriptManager: creating template tracks/default_turbo_mid
06:19:34: SoundScriptManager: creating template tracks/default_turbo_big
06:19:34: SoundScriptManager: creating template tracks/default_turbo_bov
06:19:34: SoundScriptManager: creating template tracks/default_wastegate_flutter
06:19:34: SoundScriptManager: creating template tracks/default_turbo_backfire
06:19:34: SoundScriptManager: creating template tracks/default_air_purge
06:19:34: SoundScriptManager: creating template tracks/default_horn
06:19:34: SoundScriptManager: creating template tracks/default_pump
06:19:34: SoundScriptManager: creating template tracks/default_police
06:19:34: SoundScriptManager: creating template tracks/default_screetch
06:19:34: SoundScriptManager: creating template tracks/default_brakes
06:19:34: SoundScriptManager: creating template tracks/default_parkbrakes
06:19:34: SoundScriptManager: creating template tracks/default_air
06:19:34: SoundScriptManager: creating template tracks/default_shift
06:19:34: SoundScriptManager: creating template tracks/default_break
06:19:34: SoundScriptManager: creating template tracks/default_creak
06:19:34: Bad SoundScript attribute line: 'trigger_source	creak' in defaults.soundscript
06:19:34: SoundScriptManager: creating template tracks/default_gear_slide
06:19:34: SoundScriptManager: creating template tracks/default_marine_large
06:19:34: SoundScriptManager: creating template tracks/default_marine_small
06:19:34: SoundScriptManager: creating template tracks/default_turboprop_start1
06:19:34: SoundScriptManager: creating template tracks/default_turboprop_lopower1
06:19:34: SoundScriptManager: creating template tracks/default_turboprop_hipower1
06:19:34: SoundScriptManager: creating template tracks/default_turboprop_start2
06:19:34: SoundScriptManager: creating template tracks/default_turboprop_lopower2
06:19:34: SoundScriptManager: creating template tracks/default_turboprop_hipower2
06:19:34: SoundScriptManager: creating template tracks/default_turboprop_start3
06:19:34: SoundScriptManager: creating template tracks/default_turboprop_lopower3
06:19:34: SoundScriptManager: creating template tracks/default_turboprop_hipower3
06:19:34: SoundScriptManager: creating template tracks/default_turboprop_start4
06:19:34: SoundScriptManager: creating template tracks/default_turboprop_lopower4
06:19:34: SoundScriptManager: creating template tracks/default_turboprop_hipower4
06:19:34: SoundScriptManager: creating template tracks/default_turboprop_start5
06:19:34: SoundScriptManager: creating template tracks/default_turboprop_lopower5
06:19:34: SoundScriptManager: creating template tracks/default_turboprop_hipower5
06:19:34: SoundScriptManager: creating template tracks/default_turboprop_start6
06:19:34: SoundScriptManager: creating template tracks/default_turboprop_lopower6
06:19:34: SoundScriptManager: creating template tracks/default_turboprop_hipower6
06:19:34: SoundScriptManager: creating template tracks/default_turboprop_start7
06:19:34: SoundScriptManager: creating template tracks/default_turboprop_lopower7
06:19:34: SoundScriptManager: creating template tracks/default_turboprop_hipower7
06:19:34: SoundScriptManager: creating template tracks/default_turboprop_start8
06:19:34: SoundScriptManager: creating template tracks/default_turboprop_lopower8
06:19:34: SoundScriptManager: creating template tracks/default_turboprop_hipower8
06:19:34: SoundScriptManager: creating template tracks/default_pistonprop_start1
06:19:34: SoundScriptManager: creating template tracks/default_pistonprop_lopower1
06:19:34: SoundScriptManager: creating template tracks/default_pistonprop_hipower1
06:19:34: SoundScriptManager: creating template tracks/default_pistonprop_start2
06:19:34: SoundScriptManager: creating template tracks/default_pistonprop_lopower2
06:19:34: SoundScriptManager: creating template tracks/default_pistonprop_hipower2
06:19:34: SoundScriptManager: creating template tracks/default_pistonprop_start3
06:19:34: SoundScriptManager: creating template tracks/default_pistonprop_lopower3
06:19:34: SoundScriptManager: creating template tracks/default_pistonprop_hipower3
06:19:34: SoundScriptManager: creating template tracks/default_pistonprop_start4
06:19:34: SoundScriptManager: creating template tracks/default_pistonprop_lopower4
06:19:34: SoundScriptManager: creating template tracks/default_pistonprop_hipower4
06:19:34: SoundScriptManager: creating template tracks/default_pistonprop_lopower5
06:19:34: SoundScriptManager: creating template tracks/default_pistonprop_hipower5
06:19:34: SoundScriptManager: creating template tracks/default_pistonprop_lopower6
06:19:34: SoundScriptManager: creating template tracks/default_pistonprop_hipower6
06:19:34: SoundScriptManager: creating template tracks/default_pistonprop_lopower7
06:19:34: SoundScriptManager: creating template tracks/default_pistonprop_hipower7
06:19:34: SoundScriptManager: creating template tracks/default_pistonprop_lopower8
06:19:34: SoundScriptManager: creating template tracks/default_pistonprop_hipower8
06:19:34: SoundScriptManager: creating template tracks/default_turbojet_start1
06:19:34: SoundScriptManager: creating template tracks/default_turbojet_lopower1
06:19:34: SoundScriptManager: creating template tracks/default_turbojet_hipower1
06:19:34: SoundScriptManager: creating template tracks/default_turbojet_afterburner1
06:19:34: SoundScriptManager: creating template tracks/default_turbojet_start2
06:19:34: SoundScriptManager: creating template tracks/default_turbojet_lopower2
06:19:34: SoundScriptManager: creating template tracks/default_turbojet_hipower2
06:19:34: SoundScriptManager: creating template tracks/default_turbojet_afterburner2
06:19:34: SoundScriptManager: creating template tracks/default_turbojet_start3
06:19:34: SoundScriptManager: creating template tracks/default_turbojet_lopower3
06:19:34: SoundScriptManager: creating template tracks/default_turbojet_hipower3
06:19:34: SoundScriptManager: creating template tracks/default_turbojet_afterburner3
06:19:34: SoundScriptManager: creating template tracks/default_turbojet_start4
06:19:34: SoundScriptManager: creating template tracks/default_turbojet_lopower4
06:19:34: SoundScriptManager: creating template tracks/default_turbojet_hipower4
06:19:34: SoundScriptManager: creating template tracks/default_turbojet_afterburner4
06:19:34: SoundScriptManager: creating template tracks/default_turbojet_start5
06:19:34: SoundScriptManager: creating template tracks/default_turbojet_lopower5
06:19:34: SoundScriptManager: creating template tracks/default_turbojet_hipower5
06:19:34: SoundScriptManager: creating template tracks/default_turbojet_afterburner5
06:19:34: SoundScriptManager: creating template tracks/default_turbojet_start6
06:19:34: SoundScriptManager: creating template tracks/default_turbojet_lopower6
06:19:34: SoundScriptManager: creating template tracks/default_turbojet_hipower6
06:19:34: SoundScriptManager: creating template tracks/default_turbojet_afterburner6
06:19:34: SoundScriptManager: creating template tracks/default_turbojet_start7
06:19:34: SoundScriptManager: creating template tracks/default_turbojet_lopower7
06:19:34: SoundScriptManager: creating template tracks/default_turbojet_hipower7
06:19:34: SoundScriptManager: creating template tracks/default_turbojet_afterburner7
06:19:34: SoundScriptManager: creating template tracks/default_turbojet_start8
06:19:34: SoundScriptManager: creating template tracks/default_turbojet_lopower8
06:19:34: SoundScriptManager: creating template tracks/default_turbojet_hipower8
06:19:34: SoundScriptManager: creating template tracks/default_turbojet_afterburner8
06:19:34: SoundScriptManager: creating template tracks/default_reverse_beep
06:19:34: SoundScriptManager: creating template tracks/default_turn_signal
06:19:34: SoundScriptManager: creating template tracks/default_antilock
06:19:34: SoundScriptManager: creating template tracks/default_tractioncontrol
06:19:34: SoundScriptManager: creating template tracks/default_gpws_10
06:19:34: SoundScriptManager: creating template tracks/default_gpws_20
06:19:34: SoundScriptManager: creating template tracks/default_gpws_30
06:19:34: SoundScriptManager: creating template tracks/default_gpws_40
06:19:34: SoundScriptManager: creating template tracks/default_gpws_50
06:19:34: SoundScriptManager: creating template tracks/default_gpws_100
06:19:34: SoundScriptManager: creating template tracks/default_gpws_pullup
06:19:34: SoundScriptManager: creating template tracks/default_gpws_minimums
06:19:34: SoundScriptManager: creating template tracks/default_gpws_apdisconnect
06:19:34: SoundScriptManager: creating template tracks/default_aoa_warning
06:19:34: SoundScriptManager: creating template tracks/default_aivionic_chat01
06:19:34: SoundScriptManager: creating template tracks/default_aivionic_chat02
06:19:34: SoundScriptManager: creating template tracks/default_aivionic_chat03
06:19:34: SoundScriptManager: creating template tracks/default_aivionic_chat04
06:19:34: SoundScriptManager: creating template tracks/default_aivionic_chat05
06:19:34: SoundScriptManager: creating template tracks/default_aivionic_chat06
06:19:34: SoundScriptManager: creating template tracks/default_aivionic_chat07
06:19:34: SoundScriptManager: creating template tracks/default_aivionic_chat08
06:19:34: SoundScriptManager: creating template tracks/default_aivionic_chat09
06:19:34: SoundScriptManager: creating template tracks/default_aivionic_chat10
06:19:34: SoundScriptManager: creating template tracks/default_aivionic_chat11
06:19:34: SoundScriptManager: creating template tracks/default_aivionic_chat12
06:19:34: SoundScriptManager: creating template tracks/default_aivionic_chat13
06:19:34: Finished parsing scripts for resource group SoundsRG
06:19:34: Creating resources for group SoundsRG
06:19:34: All done
06:19:34: RoR|ContentManager: Loading filesystems
06:19:34: RoR|ContentManager: Registering colored text overlay factory
06:19:34: OverlayElementFactory for type ColoredTextArea registered.
06:19:34: RoR|ContentManager: Calling initialiseAllResourceGroups()
06:19:34: Parsing scripts for resource group Config
06:19:34: Finished parsing scripts for resource group Config
06:19:34: Creating resources for group Config
06:19:34: All done
06:19:34: Parsing scripts for resource group General
06:19:34: Finished parsing scripts for resource group General
06:19:34: Creating resources for group General
06:19:34: All done
06:19:34: Parsing scripts for resource group Logs
06:19:34: Finished parsing scripts for resource group Logs
06:19:34: Creating resources for group Logs
06:19:34: All done
06:19:34: Parsing scripts for resource group OgreAutodetect
06:19:34: Finished parsing scripts for resource group OgreAutodetect
06:19:34: Creating resources for group OgreAutodetect
06:19:34: All done
06:19:34: Parsing scripts for resource group OgreInternal
06:19:34: Parsing script ShadowVolumeExtude.program
06:19:34: Parsing script Shadow.material
06:19:34: Parsing script RTSSamplers.material
06:19:34: Finished parsing scripts for resource group OgreInternal
06:19:34: Creating resources for group OgreInternal
06:19:34: All done
06:19:34: Parsing scripts for resource group Savegames
06:19:34: Finished parsing scripts for resource group Savegames
06:19:34: Creating resources for group Savegames
06:19:34: All done
06:19:34: Parsing scripts for resource group Scripts
06:19:34: Finished parsing scripts for resource group Scripts
06:19:34: Creating resources for group Scripts
06:19:34: All done
06:19:34: [RoR] Loading skidmarks.cfg...
06:19:34: [RoR] skidmarks.cfg loaded OK
06:19:34: Texture 'ror.png': Loading 1 faces(PF_A8R8G8B8,96x96x1) with 5 hardware generated mipmaps from Image. Internal format is PF_A8R8G8B8,96x96x1.
06:19:34: Texture 'MyGUI_BlueWhiteSkins.png': Loading 1 faces(PF_A8R8G8B8,512x256x1) Internal format is PF_A8R8G8B8,512x256x1.
06:19:34: Texture 'RoR_Pointers.png': Loading 1 faces(PF_A8R8G8B8,256x128x1) Internal format is PF_A8R8G8B8,256x128x1.
06:19:35: *** Loading OIS ***
06:19:35: *** Initializing OIS ***
06:19:35: OIS Version: 1.5.1
06:19:35: + Release Name: 1.5.0
06:19:35: + Manager: Mac OS X Cocoa Input Manager
06:19:35: + Total Keyboards: 1
06:19:35: + Total Mice: 1
06:19:35: + Total JoySticks: 0
06:19:35: * Device: Keyboard Vendor: Mac OS X Cocoa Input Manager
06:19:35: * Device: Mouse Vendor: Mac OS X Cocoa Input Manager
06:19:35: + macOS keyboard: SDL buffered keys/text + OIS device facade
06:19:35: + macOS joysticks: SDL event backend
06:19:35: + macOS SDL joystick force feedback is unavailable; continuing without FFB
06:19:35:  * Loading input mapping input.map
06:19:35: unknown event (ignored): COMMON_TOGGLE_RENDER_MODE
06:19:35:  * Input map successfully loaded: 251 entries
06:19:35: Texture 'loading_13.jpg': Loading 1 faces(PF_R8G8B8,1920x1080x1) with 5 hardware generated mipmaps from Image. Internal format is PF_R8G8B8,1920x1080x1.
06:19:35: Warning: force-disabling 'lighting' and 'depth_check' of Material rigsofrods/WallpaperMat for use with OverlayElement rigsofrods/WallpaperPanel
06:19:35: [RoR|ThreadPool] Found 10 logical CPU cores, creating 1 worker threads
06:19:35: Loading startup script 'cityworld_legacy_material_smoke.as' (from command line)
06:19:35: [RoR|CVar]             app_state:  "1" (was: "0")
06:19:35: RTSS: using 2c3a67ed69eb2b45d0879220f1d3ba9f_VS for Pass 0 of 'rigsofrods/WallpaperMat'
06:19:35: RTSS: using 0edfb3f0978a2915ef74ad50734e28c8_FS for Pass 0 of 'rigsofrods/WallpaperMat'
06:19:35: RTSS: using e73c7192a801d65a4bc4b8996fe43f7a_VS for Pass 0 of 'ImGui/material'
06:19:35: RTSS: using 837f3874c816f8f40226deb62182ebb1_FS for Pass 0 of 'ImGui/material'
06:19:35: [RoR|PleaseWaitUI] <100%> Hack
06:19:35: [RoR|ModCache] Cache update requested
06:19:35: Creating resource group Cache
06:19:35: Added resource location '/Users/beshoyhanna/Development/rigs-of-rods/build-macos-ogre14-roadmap/cw2-legacy-material.R04F0X/home/RigsOfRods/cache' of type 'FileSystem' to resource group 'Cache'
06:19:35: Creating resource group Thumbnails
06:19:35: Added resource location '/Users/beshoyhanna/Development/rigs-of-rods/build-macos-ogre14-roadmap/cw2-legacy-material.R04F0X/home/RigsOfRods/thumbnails' of type 'FileSystem' to resource group 'Thumbnails'
06:19:35: Creating resource group RepoAttachments
06:19:35: Added resource location '/Users/beshoyhanna/Development/rigs-of-rods/build-macos-ogre14-roadmap/cw2-legacy-material.R04F0X/home/RigsOfRods/repo_attachments' of type 'FileSystem' to resource group 'RepoAttachments'
06:19:35: Creating resource group Content
06:19:35: Added resource location '/Users/beshoyhanna/Development/rigs-of-rods/build-macos-ogre14-roadmap/cw2-legacy-material.R04F0X/home/RigsOfRods/mods' of type 'FileSystem' to resource group 'Content'
06:19:35: Added resource location '/Users/beshoyhanna/Development/rigs-of-rods/build-macos-ogre14-roadmap/cw2-legacy-material.R04F0X/home/RigsOfRods/packs' of type 'FileSystem' to resource group 'Content'
06:19:35: Added resource location '/Users/beshoyhanna/Development/rigs-of-rods/build-macos-ogre14-roadmap/cw2-legacy-material.R04F0X/home/RigsOfRods/terrains' of type 'FileSystem' to resource group 'Content'
06:19:35: Added resource location '/Users/beshoyhanna/Development/rigs-of-rods/build-macos-ogre14-roadmap/cw2-legacy-material.R04F0X/home/RigsOfRods/vehicles' of type 'FileSystem' to resource group 'Content'
06:19:35: Added resource location '/Users/beshoyhanna/Development/rigs-of-rods/build-macos-ogre14-roadmap/cw2-legacy-material.R04F0X/home/RigsOfRods/projects' of type 'FileSystem' to resource group 'Content'
06:19:35: Added resource location '/Users/beshoyhanna/Development/rigs-of-rods/build-macos-ogre14-roadmap/bin/content' of type 'FileSystem' to resource group 'Content'
06:19:35: Added resource location '/Users/beshoyhanna/Development/rigs-of-rods/build-macos-ogre14-roadmap/bin/resources/beamobjects.zip' of type 'Zip' to resource group 'Content'
06:19:35: Added resource location '/Users/beshoyhanna/Development/rigs-of-rods/build-macos-ogre14-roadmap/bin/resources/dashboards.zip' of type 'Zip' to resource group 'Content'
06:19:35: Added resource location '/Users/beshoyhanna/Development/rigs-of-rods/build-macos-ogre14-roadmap/bin/resources/gadgets.zip' of type 'Zip' to resource group 'Content'
06:19:35: Creating resource group Temp
06:19:35: Added resource location '/Users/beshoyhanna/Development/rigs-of-rods/build-macos-ogre14-roadmap/cw2-legacy-material.R04F0X/home/RigsOfRods/mods' of type 'FileSystem' to resource group 'Temp' with recursive option
06:19:35: Added resource location '/Users/beshoyhanna/Development/rigs-of-rods/build-macos-ogre14-roadmap/cw2-legacy-material.R04F0X/home/RigsOfRods/packs' of type 'FileSystem' to resource group 'Temp' with recursive option
06:19:35: Added resource location '/Users/beshoyhanna/Development/rigs-of-rods/build-macos-ogre14-roadmap/cw2-legacy-material.R04F0X/home/RigsOfRods/terrains' of type 'FileSystem' to resource group 'Temp' with recursive option
06:19:35: Added resource location '/Users/beshoyhanna/Development/rigs-of-rods/build-macos-ogre14-roadmap/cw2-legacy-material.R04F0X/home/RigsOfRods/vehicles' of type 'FileSystem' to resource group 'Temp' with recursive option
06:19:35: Added resource location '/Users/beshoyhanna/Development/rigs-of-rods/build-macos-ogre14-roadmap/cw2-legacy-material.R04F0X/home/RigsOfRods/projects' of type 'FileSystem' to resource group 'Temp' with recursive option
06:19:35: Added resource location '/Users/beshoyhanna/Development/rigs-of-rods/build-macos-ogre14-roadmap/bin/content' of type 'FileSystem' to resource group 'Temp' with recursive option
06:19:35: Destroying resource group Temp
06:19:35: Unloading resource group Temp
06:19:35: Finished unloading resource group Temp
06:19:35: [RoR|ModCache] Performing update ...
06:19:35: [RoR|ModCache] Error, cache file still invalid after check/update, content selector will be empty.
06:19:35: [RoR|PleaseWaitUI] <0%> Loading zips in group Content
CityWorld.zip
1/5
06:19:35: [RoR|ModCache] Adding archive '/Users/beshoyhanna/Development/rigs-of-rods/build-macos-ogre14-roadmap/cw2-legacy-material.R04F0X/home/RigsOfRods/mods/CityWorld.zip'
06:19:35: Creating resource group Temp
06:19:35: Added resource location '/Users/beshoyhanna/Development/rigs-of-rods/build-macos-ogre14-roadmap/cw2-legacy-material.R04F0X/home/RigsOfRods/mods/CityWorld.zip' of type 'Zip' to resource group 'Temp'
06:19:35: [RoR|ModCache] Preparing to add file 'elevador.fixed'
06:19:35: [RoR|ModCache] Preparing to add file 'CityWorld.terrn2'
06:19:35: done generating file cache!
06:19:35: Destroying resource group Temp
06:19:35: Unloading resource group Temp
06:19:35: Finished unloading resource group Temp
06:19:35: [RoR|PleaseWaitUI] <20%> Loading zips in group Content
CityWorldNextLocalOverlay.zip
2/5
06:19:35: [RoR|ModCache] Adding archive '/Users/beshoyhanna/Development/rigs-of-rods/build-macos-ogre14-roadmap/cw2-legacy-material.R04F0X/home/RigsOfRods/mods/CityWorldNextLocalOverlay.zip'
06:19:35: Creating resource group Temp
06:19:35: Added resource location '/Users/beshoyhanna/Development/rigs-of-rods/build-macos-ogre14-roadmap/cw2-legacy-material.R04F0X/home/RigsOfRods/mods/CityWorldNextLocalOverlay.zip' of type 'Zip' to resource group 'Temp'
06:19:35: [RoR|ModCache] Preparing to add file 'CityWorldNextLocalOverlay.terrn2'
06:19:35: Destroying resource group Temp
06:19:35: Unloading resource group Temp
06:19:35: Finished unloading resource group Temp
06:19:35: [RoR|PleaseWaitUI] <40%> Loading zips in group Content
simple2-terrain.zip
3/5
06:19:35: [RoR|ModCache] Adding archive '/Users/beshoyhanna/Development/rigs-of-rods/build-macos-ogre14-roadmap/bin/content/simple2-terrain.zip'
06:19:35: Creating resource group Temp
06:19:35: Added resource location '/Users/beshoyhanna/Development/rigs-of-rods/build-macos-ogre14-roadmap/bin/content/simple2-terrain.zip' of type 'Zip' to resource group 'Temp'
06:19:35: [RoR|ModCache] Preparing to add file 'simple2.terrn2'
06:19:35: done generating file cache!
06:19:35: [RoR|ModCache] Preparing to add file 'simple2_a.terrn2'
06:19:35: done generating file cache!
06:19:35: [RoR|ModCache] Preparing to add file 'simple2_w.terrn2'
06:19:35: done generating file cache!
06:19:35: Destroying resource group Temp
06:19:35: Unloading resource group Temp
06:19:35: Finished unloading resource group Temp
06:19:35: [RoR|PleaseWaitUI] <60%> Loading zips in group Content
agora.zip
4/5
06:19:35: [RoR|ModCache] Adding archive '/Users/beshoyhanna/Development/rigs-of-rods/build-macos-ogre14-roadmap/bin/content/agora.zip'
06:19:35: Creating resource group Temp
06:19:35: Added resource location '/Users/beshoyhanna/Development/rigs-of-rods/build-macos-ogre14-roadmap/bin/content/agora.zip' of type 'Zip' to resource group 'Temp'
06:19:35: [RoR|ModCache] Preparing to add file '95bbUID-agoral.truck'
06:19:35: done generating file cache!
06:19:35: [RoR|ModCache] Preparing to add file '95bbUID-agoras.truck'
06:19:35: done generating file cache!
06:19:35: Destroying resource group Temp
06:19:35: Unloading resource group Temp
06:19:35: Finished unloading resource group Temp
06:19:35: [RoR|PleaseWaitUI] <80%> Loading zips in group Content
dafsemi.zip
5/5
06:19:35: [RoR|ModCache] Adding archive '/Users/beshoyhanna/Development/rigs-of-rods/build-macos-ogre14-roadmap/bin/content/dafsemi.zip'
06:19:35: Creating resource group Temp
06:19:35: Added resource location '/Users/beshoyhanna/Development/rigs-of-rods/build-macos-ogre14-roadmap/bin/content/dafsemi.zip' of type 'Zip' to resource group 'Temp'
06:19:35: [RoR|ModCache] Preparing to add file 'b6b0UID-semi.truck'
06:19:35: done generating file cache!
06:19:35: [RoR|ModCache] Preparing to add file 'b6b0UID-semi.trailer'
06:19:35: done generating file cache!
06:19:35: [RoR|ModCache] Preparing to add file 'b6b0UID-semiflat.trailer'
06:19:35: done generating file cache!
06:19:35: Destroying resource group Temp
06:19:35: Unloading resource group Temp
06:19:35: Finished unloading resource group Temp
06:19:35: [RoR|ModCache] Preparing to add file 'rail1tPnt190r634dL.fixed'
06:19:35: [RoR|ModCache] Preparing to add file 'rail1tPnt190r634dLi.fixed'
06:19:35: [RoR|ModCache] Preparing to add file 'rail1tPnt190r634dR.fixed'
06:19:35: [RoR|ModCache] Preparing to add file 'rail1tPnt190r634dRi.fixed'
06:19:35: [RoR|ModCache] Preparing to add file 'rail1tPnt190r634dtri.fixed'
06:19:35: [RoR|ModCache] Preparing to add file 'rail1tgerbuf.fixed'
06:19:35: [RoR|ModCache] Preparing to add file 'default_boat.dashboard'
06:19:35: done generating file cache!
06:19:35: [RoR|ModCache] Preparing to add file 'default_truck_analog.dashboard'
06:19:35: done generating file cache!
06:19:35: [RoR|ModCache] Preparing to add file 'default_truck_digital.dashboard'
06:19:35: done generating file cache!
06:19:35: [RoR|ModCache] Preparing to add file 'rdd_classic.dashboard'
06:19:35: done generating file cache!
06:19:35: [RoR|ModCache] Preparing to add file 'engine_tool.gadget'
06:19:35: done generating file cache!
06:19:35: [RoR|ModCache] Preparing to add file 'odef_browser.gadget'
06:19:35: done generating file cache!
06:19:35: [RoR|ModCache] Preparing to add file 'ogre_inspector.gadget'
06:19:35: done generating file cache!
06:19:35: [RoR|ModCache] Preparing to add file 'overlay_editor.gadget'
06:19:35: done generating file cache!
06:19:35: [RoR|ModCache] Preparing to add file 'rig_editor.gadget'
06:19:35: done generating file cache!
06:19:35: [RoR|ModCache] Preparing to add file 'road_editor.gadget'
06:19:35: done generating file cache!
06:19:35: [RoR|ModCache] Preparing to add file 'script_editor.gadget'
06:19:35: done generating file cache!
06:19:35: [RoR|ModCache] Preparing to add file 'shock_tool.gadget'
06:19:35: done generating file cache!
06:19:35: [RoR|ModCache] Preparing to add file 'terrn_batcher.gadget'
06:19:35: done generating file cache!
06:19:35: [RoR|ModCache] Preparing to add file 'walkie_talkie.gadget'
06:19:35: done generating file cache!
06:19:35: [RoR|ModCache] Searching for duplicates ...
06:19:35: [RoR|ModCache] File 'mods.cache' written OK
06:19:35: [RoR|ModCache] Cache loaded
06:19:35: Destroying resource group Content
06:19:35: Unloading resource group Content
06:19:35: Finished unloading resource group Content
06:19:35: [RoR|General|Error] Cannot locate resource cityworld_legacy_material_smoke.as in resource group OgreAutodetect.
06:19:35: [RoR|General|Error] Could not load script 'cityworld_legacy_material_smoke.as(category:CUSTOM,unique ID:0)' - failed to process file.
06:19:35: [RoR|CVar]    app_recent_scripts:  "cityworld_legacy_material_smoke.as" (was: "")
06:19:35: [RoR|PleaseWaitUI] <5%> Loading resources
06:19:35: [RoR|ContentManager] Loading resource pack "airfoils" to group "AirfoilsRG" (ZIP archive)
06:19:35: Creating resource group AirfoilsRG
06:19:35: Added resource location '/Users/beshoyhanna/Development/rigs-of-rods/build-macos-ogre14-roadmap/bin/resources/airfoils.zip' of type 'Zip' to resource group 'AirfoilsRG'
06:19:35: Initialising resource group AirfoilsRG
06:19:35: Parsing scripts for resource group AirfoilsRG
06:19:35: Finished parsing scripts for resource group AirfoilsRG
06:19:35: Creating resources for group AirfoilsRG
06:19:35: All done
06:19:35: [RoR|ContentManager] Loading resource pack "textures" to group "TexturesRG" (ZIP archive)
06:19:35: Creating resource group TexturesRG
06:19:35: Added resource location '/Users/beshoyhanna/Development/rigs-of-rods/build-macos-ogre14-roadmap/bin/resources/textures.zip' of type 'Zip' to resource group 'TexturesRG'
06:19:35: Initialising resource group TexturesRG
06:19:35: Parsing scripts for resource group TexturesRG
06:19:35: Finished parsing scripts for resource group TexturesRG
06:19:35: Creating resources for group TexturesRG
06:19:35: All done
06:19:35: [RoR|ContentManager] Loading resource pack "famicons" to group "FamiconsRG" (ZIP archive)
06:19:35: Creating resource group FamiconsRG
06:19:35: Added resource location '/Users/beshoyhanna/Development/rigs-of-rods/build-macos-ogre14-roadmap/bin/resources/famicons.zip' of type 'Zip' to resource group 'FamiconsRG'
06:19:35: Initialising resource group FamiconsRG
06:19:35: Parsing scripts for resource group FamiconsRG
06:19:35: Finished parsing scripts for resource group FamiconsRG
06:19:35: Creating resources for group FamiconsRG
06:19:35: All done
06:19:35: [RoR|ContentManager] Loading resource pack "materials" to group "MaterialsRG" (ZIP archive)
06:19:35: Creating resource group MaterialsRG
06:19:35: Added resource location '/Users/beshoyhanna/Development/rigs-of-rods/build-macos-ogre14-roadmap/bin/resources/materials.zip' of type 'Zip' to resource group 'MaterialsRG'
06:19:35: Initialising resource group MaterialsRG
06:19:35: Parsing scripts for resource group MaterialsRG
06:19:35: Parsing script general.program
06:19:35: Parsing script nicemetal.program
06:19:35: Parsing script character.material
06:19:35: Warning: ScriptCompiler - deprecated symbol in managed_mats.material(13): texture_alias. Use 'texture $variable'
06:19:35: Parsing script eurosigns.material
06:19:35: Warning: ScriptCompiler - deprecated symbol in managed_mats.material(13): texture_alias. Use 'texture $variable'
06:19:35: Warning: ScriptCompiler - deprecated symbol in managed_mats.material(13): texture_alias. Use 'texture $variable'
06:19:35: Warning: ScriptCompiler - deprecated symbol in managed_mats.material(13): texture_alias. Use 'texture $variable'
06:19:35: Warning: ScriptCompiler - deprecated symbol in managed_mats.material(13): texture_alias. Use 'texture $variable'
06:19:35: Warning: ScriptCompiler - deprecated symbol in managed_mats.material(13): texture_alias. Use 'texture $variable'
06:19:35: Warning: ScriptCompiler - deprecated symbol in managed_mats.material(13): texture_alias. Use 'texture $variable'
06:19:35: Warning: ScriptCompiler - deprecated symbol in managed_mats.material(13): texture_alias. Use 'texture $variable'
06:19:35: Warning: ScriptCompiler - deprecated symbol in managed_mats.material(13): texture_alias. Use 'texture $variable'
06:19:35: Warning: ScriptCompiler - deprecated symbol in managed_mats.material(13): texture_alias. Use 'texture $variable'
06:19:35: Warning: ScriptCompiler - deprecated symbol in managed_mats.material(13): texture_alias. Use 'texture $variable'
06:19:35: Warning: ScriptCompiler - deprecated symbol in managed_mats.material(13): texture_alias. Use 'texture $variable'
06:19:35: Warning: ScriptCompiler - deprecated symbol in managed_mats.material(13): texture_alias. Use 'texture $variable'
06:19:35: Warning: ScriptCompiler - deprecated symbol in managed_mats.material(13): texture_alias. Use 'texture $variable'
06:19:35: Warning: ScriptCompiler - deprecated symbol in managed_mats.material(13): texture_alias. Use 'texture $variable'
06:19:35: Warning: ScriptCompiler - deprecated symbol in managed_mats.material(13): texture_alias. Use 'texture $variable'
06:19:35: Warning: ScriptCompiler - deprecated symbol in managed_mats.material(13): texture_alias. Use 'texture $variable'
06:19:35: Warning: ScriptCompiler - deprecated symbol in managed_mats.material(13): texture_alias. Use 'texture $variable'
06:19:35: Warning: ScriptCompiler - deprecated symbol in managed_mats.material(13): texture_alias. Use 'texture $variable'
06:19:35: Warning: ScriptCompiler - deprecated symbol in managed_mats.material(13): texture_alias. Use 'texture $variable'
06:19:35: Warning: ScriptCompiler - deprecated symbol in managed_mats.material(13): texture_alias. Use 'texture $variable'
06:19:35: Warning: ScriptCompiler - deprecated symbol in managed_mats.material(13): texture_alias. Use 'texture $variable'
06:19:35: Warning: ScriptCompiler - deprecated symbol in managed_mats.material(13): texture_alias. Use 'texture $variable'
06:19:35: Warning: ScriptCompiler - deprecated symbol in managed_mats.material(13): texture_alias. Use 'texture $variable'
06:19:35: Warning: ScriptCompiler - deprecated symbol in managed_mats.material(13): texture_alias. Use 'texture $variable'
06:19:35: Warning: ScriptCompiler - deprecated symbol in managed_mats.material(13): texture_alias. Use 'texture $variable'
06:19:35: Warning: ScriptCompiler - deprecated symbol in managed_mats.material(13): texture_alias. Use 'texture $variable'
06:19:35: Warning: ScriptCompiler - deprecated symbol in managed_mats.material(13): texture_alias. Use 'texture $variable'
06:19:35: Warning: ScriptCompiler - deprecated symbol in managed_mats.material(13): texture_alias. Use 'texture $variable'
06:19:35: Warning: ScriptCompiler - deprecated symbol in managed_mats.material(13): texture_alias. Use 'texture $variable'
06:19:35: Warning: ScriptCompiler - deprecated symbol in managed_mats.material(13): texture_alias. Use 'texture $variable'
06:19:35: Warning: ScriptCompiler - deprecated symbol in managed_mats.material(13): texture_alias. Use 'texture $variable'
06:19:35: Warning: ScriptCompiler - deprecated symbol in managed_mats.material(13): texture_alias. Use 'texture $variable'
06:19:35: Warning: ScriptCompiler - deprecated symbol in managed_mats.material(13): texture_alias. Use 'texture $variable'
06:19:35: Warning: ScriptCompiler - deprecated symbol in managed_mats.material(13): texture_alias. Use 'texture $variable'
06:19:35: Warning: ScriptCompiler - deprecated symbol in managed_mats.material(13): texture_alias. Use 'texture $variable'
06:19:35: Warning: ScriptCompiler - deprecated symbol in managed_mats.material(13): texture_alias. Use 'texture $variable'
06:19:35: Warning: ScriptCompiler - deprecated symbol in managed_mats.material(13): texture_alias. Use 'texture $variable'
06:19:35: Warning: ScriptCompiler - deprecated symbol in managed_mats.material(13): texture_alias. Use 'texture $variable'
06:19:35: Warning: ScriptCompiler - deprecated symbol in managed_mats.material(13): texture_alias. Use 'texture $variable'
06:19:35: Warning: ScriptCompiler - deprecated symbol in managed_mats.material(13): texture_alias. Use 'texture $variable'
06:19:35: Warning: ScriptCompiler - deprecated symbol in managed_mats.material(13): texture_alias. Use 'texture $variable'
06:19:35: Warning: ScriptCompiler - deprecated symbol in managed_mats.material(13): texture_alias. Use 'texture $variable'
06:19:35: Warning: ScriptCompiler - deprecated symbol in managed_mats.material(13): texture_alias. Use 'texture $variable'
06:19:35: Warning: ScriptCompiler - deprecated symbol in managed_mats.material(13): texture_alias. Use 'texture $variable'
06:19:35: Warning: ScriptCompiler - deprecated symbol in managed_mats.material(13): texture_alias. Use 'texture $variable'
06:19:35: Warning: ScriptCompiler - deprecated symbol in managed_mats.material(13): texture_alias. Use 'texture $variable'
06:19:35: Warning: ScriptCompiler - deprecated symbol in managed_mats.material(13): texture_alias. Use 'texture $variable'
06:19:35: Warning: ScriptCompiler - deprecated symbol in managed_mats.material(13): texture_alias. Use 'texture $variable'
06:19:35: Warning: ScriptCompiler - deprecated symbol in managed_mats.material(13): texture_alias. Use 'texture $variable'
06:19:35: Warning: ScriptCompiler - deprecated symbol in managed_mats.material(13): texture_alias. Use 'texture $variable'
06:19:35: Warning: ScriptCompiler - deprecated symbol in managed_mats.material(13): texture_alias. Use 'texture $variable'
06:19:35: Warning: ScriptCompiler - deprecated symbol in managed_mats.material(13): texture_alias. Use 'texture $variable'
06:19:35: Warning: ScriptCompiler - deprecated symbol in managed_mats.material(13): texture_alias. Use 'texture $variable'
06:19:35: Warning: ScriptCompiler - deprecated symbol in managed_mats.material(13): texture_alias. Use 'texture $variable'
06:19:35: Warning: ScriptCompiler - deprecated symbol in managed_mats.material(13): texture_alias. Use 'texture $variable'
06:19:35: Warning: ScriptCompiler - deprecated symbol in managed_mats.material(13): texture_alias. Use 'texture $variable'
06:19:35: Warning: ScriptCompiler - deprecated symbol in managed_mats.material(13): texture_alias. Use 'texture $variable'
06:19:35: Warning: ScriptCompiler - deprecated symbol in managed_mats.material(13): texture_alias. Use 'texture $variable'
06:19:35: Warning: ScriptCompiler - deprecated symbol in managed_mats.material(13): texture_alias. Use 'texture $variable'
06:19:35: Warning: ScriptCompiler - deprecated symbol in managed_mats.material(13): texture_alias. Use 'texture $variable'
06:19:35: Warning: ScriptCompiler - deprecated symbol in managed_mats.material(13): texture_alias. Use 'texture $variable'
06:19:35: Warning: ScriptCompiler - deprecated symbol in managed_mats.material(13): texture_alias. Use 'texture $variable'
06:19:35: Warning: ScriptCompiler - deprecated symbol in managed_mats.material(13): texture_alias. Use 'texture $variable'
06:19:35: Warning: ScriptCompiler - deprecated symbol in managed_mats.material(13): texture_alias. Use 'texture $variable'
06:19:35: Warning: ScriptCompiler - deprecated symbol in managed_mats.material(13): texture_alias. Use 'texture $variable'
06:19:35: Warning: ScriptCompiler - deprecated symbol in managed_mats.material(13): texture_alias. Use 'texture $variable'
06:19:35: Warning: ScriptCompiler - deprecated symbol in managed_mats.material(13): texture_alias. Use 'texture $variable'
06:19:35: Warning: ScriptCompiler - deprecated symbol in managed_mats.material(13): texture_alias. Use 'texture $variable'
06:19:35: Warning: ScriptCompiler - deprecated symbol in managed_mats.material(13): texture_alias. Use 'texture $variable'
06:19:35: Warning: ScriptCompiler - deprecated symbol in managed_mats.material(13): texture_alias. Use 'texture $variable'
06:19:35: Warning: ScriptCompiler - deprecated symbol in managed_mats.material(13): texture_alias. Use 'texture $variable'
06:19:35: Warning: ScriptCompiler - deprecated symbol in managed_mats.material(13): texture_alias. Use 'texture $variable'
06:19:35: Warning: ScriptCompiler - deprecated symbol in managed_mats.material(13): texture_alias. Use 'texture $variable'
06:19:35: Warning: ScriptCompiler - deprecated symbol in managed_mats.material(13): texture_alias. Use 'texture $variable'
06:19:35: Warning: ScriptCompiler - deprecated symbol in managed_mats.material(13): texture_alias. Use 'texture $variable'
06:19:35: Warning: ScriptCompiler - deprecated symbol in managed_mats.material(13): texture_alias. Use 'texture $variable'
06:19:35: Parsing script ferryslip.material
06:19:35: Parsing script floatingdocks.material
06:19:35: Parsing script fresnel.material
06:19:35: Warning: ScriptCompiler - deprecated symbol in fresnel.material(20): asm. Use syntax code.
06:19:35: Warning: ScriptCompiler - deprecated symbol in fresnel.material(37): cull_software. Only used by the BSP scene manager.
06:19:35: Error: ScriptCompiler - invalid parameters in fresnel.material(70): overriding previous declarations of texture 'Reflection' with different parameters
06:19:35: Error: ScriptCompiler - invalid parameters in fresnel.material(79): overriding previous declarations of texture 'Refraction' with different parameters
06:19:35: Warning: ScriptCompiler - deprecated symbol in fresnel.material(100): cull_software. Only used by the BSP scene manager.
06:19:35: Parsing script general.material
06:19:35: Warning: ScriptCompiler - deprecated symbol in general.material(308): 'cubic_texture ..'. Use 'texture .. cubic' instead.
06:19:35: Warning: ScriptCompiler - deprecated symbol in general.material(376): 'cubic_texture ..'. Use 'texture .. cubic' instead.
06:19:35: Parsing script grass.material
06:19:35: Parsing script hangar.material
06:19:35: Warning: ScriptCompiler - deprecated symbol in managed_mats.material(13): texture_alias. Use 'texture $variable'
06:19:35: Warning: ScriptCompiler - deprecated symbol in hangar.material(5): set_texture_alias. Use 'set $variable value'
06:19:35: Warning: ScriptCompiler - deprecated symbol in managed_mats.material(83): cull_software. Only used by the BSP scene manager.
06:19:35: Warning: ScriptCompiler - deprecated symbol in managed_mats.material(86): texture_alias. Use 'texture $variable'
06:19:35: Warning: ScriptCompiler - deprecated symbol in hangar.material(9): set_texture_alias. Use 'set $variable value'
06:19:35: Warning: ScriptCompiler - deprecated symbol in managed_mats.material(13): texture_alias. Use 'texture $variable'
06:19:35: Warning: ScriptCompiler - deprecated symbol in hangar.material(14): set_texture_alias. Use 'set $variable value'
06:19:35: Parsing script largedocks.material
06:19:35: Warning: ScriptCompiler - deprecated symbol in managed_mats.material(13): texture_alias. Use 'texture $variable'
06:19:35: Warning: ScriptCompiler - deprecated symbol in largedocks.material(5): set_texture_alias. Use 'set $variable value'
06:19:35: Parsing script load-spawner.material
06:19:35: Warning: ScriptCompiler - deprecated symbol in managed_mats.material(13): texture_alias. Use 'texture $variable'
06:19:35: Parsing script marina.material
06:19:35: Warning: ScriptCompiler - deprecated symbol in managed_mats.material(13): texture_alias. Use 'texture $variable'
06:19:35: Warning: ScriptCompiler - deprecated symbol in marina.material(5): set_texture_alias. Use 'set $variable value'
06:19:35: Parsing script open-truck-spawner.material
06:19:35: Warning: ScriptCompiler - deprecated symbol in managed_mats.material(13): texture_alias. Use 'texture $variable'
06:19:35: Parsing script ror.material
06:19:35: Warning: ScriptCompiler - deprecated symbol in ror.material(40): cull_software. Only used by the BSP scene manager.
06:19:35: Warning: ScriptCompiler - deprecated symbol in ror.material(59): cull_software. Only used by the BSP scene manager.
06:19:35: Warning: ScriptCompiler - deprecated symbol in managed_mats.material(13): texture_alias. Use 'texture $variable'
06:19:35: Warning: ScriptCompiler - deprecated symbol in ror.material(72): set_texture_alias. Use 'set $variable value'
06:19:35: Warning: ScriptCompiler - deprecated symbol in ror.material(221): cull_software. Only used by the BSP scene manager.
06:19:35: Warning: ScriptCompiler - deprecated symbol in ror.material(226): 'cubic_texture ..'. Use 'texture .. cubic' instead.
06:19:35: Warning: ScriptCompiler - deprecated symbol in ror.material(242): 'cubic_texture ..'. Use 'texture .. cubic' instead.
06:19:35: Warning: ScriptCompiler - deprecated symbol in ror.material(259): 'cubic_texture ..'. Use 'texture .. cubic' instead.
06:19:35: Warning: ScriptCompiler - deprecated symbol in managed_mats.material(13): texture_alias. Use 'texture $variable'
06:19:35: Warning: ScriptCompiler - deprecated symbol in ror.material(1818): set_texture_alias. Use 'set $variable value'
06:19:35: Warning: ScriptCompiler - deprecated symbol in managed_mats.material(13): texture_alias. Use 'texture $variable'
06:19:35: Warning: ScriptCompiler - deprecated symbol in ror.material(1823): set_texture_alias. Use 'set $variable value'
06:19:35: Warning: ScriptCompiler - deprecated symbol in managed_mats.material(13): texture_alias. Use 'texture $variable'
06:19:35: Warning: ScriptCompiler - deprecated symbol in ror.material(1828): set_texture_alias. Use 'set $variable value'
06:19:35: Warning: ScriptCompiler - deprecated symbol in managed_mats.material(13): texture_alias. Use 'texture $variable'
06:19:35: Warning: ScriptCompiler - deprecated symbol in ror.material(1833): set_texture_alias. Use 'set $variable value'
06:19:35: Warning: ScriptCompiler - deprecated symbol in managed_mats.material(13): texture_alias. Use 'texture $variable'
06:19:35: Warning: ScriptCompiler - deprecated symbol in ror.material(1838): set_texture_alias. Use 'set $variable value'
06:19:35: Warning: ScriptCompiler - deprecated symbol in managed_mats.material(13): texture_alias. Use 'texture $variable'
06:19:35: Warning: ScriptCompiler - deprecated symbol in ror.material(1843): set_texture_alias. Use 'set $variable value'
06:19:35: Warning: ScriptCompiler - deprecated symbol in managed_mats.material(13): texture_alias. Use 'texture $variable'
06:19:35: Warning: ScriptCompiler - deprecated symbol in ror.material(1848): set_texture_alias. Use 'set $variable value'
06:19:35: Warning: ScriptCompiler - deprecated symbol in managed_mats.material(13): texture_alias. Use 'texture $variable'
06:19:35: Warning: ScriptCompiler - deprecated symbol in ror.material(1866): set_texture_alias. Use 'set $variable value'
06:19:35: Warning: ScriptCompiler - deprecated symbol in ror.material(1895): cull_software. Only used by the BSP scene manager.
06:19:35: Warning: ScriptCompiler - deprecated symbol in ror.material(1917): 'cubic_texture ..'. Use 'texture .. cubic' instead.
06:19:35: Warning: ScriptCompiler - deprecated symbol in ror.material(1936): 'cubic_texture ..'. Use 'texture .. cubic' instead.
06:19:35: Warning: ScriptCompiler - deprecated symbol in ror.material(1955): 'cubic_texture ..'. Use 'texture .. cubic' instead.
06:19:35: Warning: ScriptCompiler - deprecated symbol in ror.material(1974): 'cubic_texture ..'. Use 'texture .. cubic' instead.
06:19:35: Warning: ScriptCompiler - deprecated symbol in managed_mats.material(13): texture_alias. Use 'texture $variable'
06:19:35: Warning: ScriptCompiler - deprecated symbol in ror.material(2013): set_texture_alias. Use 'set $variable value'
06:19:35: Warning: ScriptCompiler - deprecated symbol in ror.material(2114): cull_software. Only used by the BSP scene manager.
06:19:35: Warning: ScriptCompiler - deprecated symbol in ror.material(2170): cull_software. Only used by the BSP scene manager.
06:19:35: Warning: ScriptCompiler - deprecated symbol in ror.material(2840): cull_software. Only used by the BSP scene manager.
06:19:35: Warning: ScriptCompiler - deprecated symbol in ror.material(2854): cull_software. Only used by the BSP scene manager.
06:19:35: Warning: ScriptCompiler - deprecated symbol in ror.material(2876): cull_software. Only used by the BSP scene manager.
06:19:35: Warning: ScriptCompiler - deprecated symbol in ror.material(2891): cull_software. Only used by the BSP scene manager.
06:19:35: Parsing script runway.material
06:19:35: Warning: ScriptCompiler - deprecated symbol in managed_mats.material(13): texture_alias. Use 'texture $variable'
06:19:35: Warning: ScriptCompiler - deprecated symbol in managed_mats.material(13): texture_alias. Use 'texture $variable'
06:19:35: Warning: ScriptCompiler - deprecated symbol in managed_mats.material(13): texture_alias. Use 'texture $variable'
06:19:35: Warning: ScriptCompiler - deprecated symbol in managed_mats.material(13): texture_alias. Use 'texture $variable'
06:19:35: Warning: ScriptCompiler - deprecated symbol in managed_mats.material(13): texture_alias. Use 'texture $variable'
06:19:35: Warning: ScriptCompiler - deprecated symbol in managed_mats.material(13): texture_alias. Use 'texture $variable'
06:19:35: Warning: ScriptCompiler - deprecated symbol in managed_mats.material(13): texture_alias. Use 'texture $variable'
06:19:35: Warning: ScriptCompiler - deprecated symbol in managed_mats.material(13): texture_alias. Use 'texture $variable'
06:19:35: Warning: ScriptCompiler - deprecated symbol in managed_mats.material(13): texture_alias. Use 'texture $variable'
06:19:35: Warning: ScriptCompiler - deprecated symbol in managed_mats.material(13): texture_alias. Use 'texture $variable'
06:19:35: Warning: ScriptCompiler - deprecated symbol in managed_mats.material(13): texture_alias. Use 'texture $variable'
06:19:35: Warning: ScriptCompiler - deprecated symbol in managed_mats.material(13): texture_alias. Use 'texture $variable'
06:19:35: Warning: ScriptCompiler - deprecated symbol in managed_mats.material(13): texture_alias. Use 'texture $variable'
06:19:35: Warning: ScriptCompiler - deprecated symbol in managed_mats.material(13): texture_alias. Use 'texture $variable'
06:19:35: Warning: ScriptCompiler - deprecated symbol in managed_mats.material(13): texture_alias. Use 'texture $variable'
06:19:35: Warning: ScriptCompiler - deprecated symbol in managed_mats.material(13): texture_alias. Use 'texture $variable'
06:19:35: Warning: ScriptCompiler - deprecated symbol in managed_mats.material(13): texture_alias. Use 'texture $variable'
06:19:35: Warning: ScriptCompiler - deprecated symbol in managed_mats.material(13): texture_alias. Use 'texture $variable'
06:19:35: Warning: ScriptCompiler - deprecated symbol in managed_mats.material(13): texture_alias. Use 'texture $variable'
06:19:35: Warning: ScriptCompiler - deprecated symbol in managed_mats.material(13): texture_alias. Use 'texture $variable'
06:19:35: Warning: ScriptCompiler - deprecated symbol in managed_mats.material(13): texture_alias. Use 'texture $variable'
06:19:35: Warning: ScriptCompiler - deprecated symbol in managed_mats.material(13): texture_alias. Use 'texture $variable'
06:19:35: Warning: ScriptCompiler - deprecated symbol in managed_mats.material(13): texture_alias. Use 'texture $variable'
06:19:35: Warning: ScriptCompiler - deprecated symbol in managed_mats.material(13): texture_alias. Use 'texture $variable'
06:19:35: Warning: ScriptCompiler - deprecated symbol in managed_mats.material(13): texture_alias. Use 'texture $variable'
06:19:35: Warning: ScriptCompiler - deprecated symbol in managed_mats.material(13): texture_alias. Use 'texture $variable'
06:19:35: Warning: ScriptCompiler - deprecated symbol in managed_mats.material(13): texture_alias. Use 'texture $variable'
06:19:35: Warning: ScriptCompiler - deprecated symbol in managed_mats.material(13): texture_alias. Use 'texture $variable'
06:19:35: Warning: ScriptCompiler - deprecated symbol in managed_mats.material(13): texture_alias. Use 'texture $variable'
06:19:35: Warning: ScriptCompiler - deprecated symbol in managed_mats.material(13): texture_alias. Use 'texture $variable'
06:19:35: Warning: ScriptCompiler - deprecated symbol in managed_mats.material(13): texture_alias. Use 'texture $variable'
06:19:35: Warning: ScriptCompiler - deprecated symbol in managed_mats.material(13): texture_alias. Use 'texture $variable'
06:19:35: Warning: ScriptCompiler - deprecated symbol in managed_mats.material(13): texture_alias. Use 'texture $variable'
06:19:35: Warning: ScriptCompiler - deprecated symbol in managed_mats.material(13): texture_alias. Use 'texture $variable'
06:19:35: Warning: ScriptCompiler - deprecated symbol in managed_mats.material(13): texture_alias. Use 'texture $variable'
06:19:35: Warning: ScriptCompiler - deprecated symbol in managed_mats.material(13): texture_alias. Use 'texture $variable'
06:19:35: Warning: ScriptCompiler - deprecated symbol in managed_mats.material(13): texture_alias. Use 'texture $variable'
06:19:35: Warning: ScriptCompiler - deprecated symbol in managed_mats.material(13): texture_alias. Use 'texture $variable'
06:19:35: Warning: ScriptCompiler - deprecated symbol in managed_mats.material(13): texture_alias. Use 'texture $variable'
06:19:35: Warning: ScriptCompiler - deprecated symbol in managed_mats.material(13): texture_alias. Use 'texture $variable'
06:19:35: Parsing script trafficlights.material
06:19:35: Warning: ScriptCompiler - deprecated symbol in managed_mats.material(13): texture_alias. Use 'texture $variable'
06:19:35: Warning: ScriptCompiler - deprecated symbol in managed_mats.material(13): texture_alias. Use 'texture $variable'
06:19:35: Warning: ScriptCompiler - deprecated symbol in managed_mats.material(13): texture_alias. Use 'texture $variable'
06:19:35: Parsing script train_platform.material
06:19:35: Warning: ScriptCompiler - deprecated symbol in managed_mats.material(13): texture_alias. Use 'texture $variable'
06:19:35: Warning: ScriptCompiler - deprecated symbol in managed_mats.material(13): texture_alias. Use 'texture $variable'
06:19:35: Parsing script train_rails.material
06:19:35: Warning: ScriptCompiler - deprecated symbol in managed_mats.material(13): texture_alias. Use 'texture $variable'
06:19:35: Warning: ScriptCompiler - deprecated symbol in train_rails.material(38): set_texture_alias. Use 'set $variable value'
06:19:35: Warning: ScriptCompiler - deprecated symbol in managed_mats.material(13): texture_alias. Use 'texture $variable'
06:19:35: Warning: ScriptCompiler - deprecated symbol in train_rails.material(44): set_texture_alias. Use 'set $variable value'
06:19:35: Warning: ScriptCompiler - deprecated symbol in managed_mats.material(13): texture_alias. Use 'texture $variable'
06:19:35: Warning: ScriptCompiler - deprecated symbol in train_rails.material(50): set_texture_alias. Use 'set $variable value'
06:19:35: Warning: ScriptCompiler - deprecated symbol in managed_mats.material(13): texture_alias. Use 'texture $variable'
06:19:35: Warning: ScriptCompiler - deprecated symbol in train_rails.material(56): set_texture_alias. Use 'set $variable value'
06:19:35: Warning: ScriptCompiler - deprecated symbol in managed_mats.material(13): texture_alias. Use 'texture $variable'
06:19:35: Warning: ScriptCompiler - deprecated symbol in train_rails.material(62): set_texture_alias. Use 'set $variable value'
06:19:35: Warning: ScriptCompiler - deprecated symbol in managed_mats.material(13): texture_alias. Use 'texture $variable'
06:19:35: Warning: ScriptCompiler - deprecated symbol in train_rails.material(68): set_texture_alias. Use 'set $variable value'
06:19:35: Parsing script truckshop.material
06:19:35: Warning: ScriptCompiler - deprecated symbol in managed_mats.material(13): texture_alias. Use 'texture $variable'
06:19:35: Warning: ScriptCompiler - deprecated symbol in truckshop.material(14): set_texture_alias. Use 'set $variable value'
06:19:35: Finished parsing scripts for resource group MaterialsRG
06:19:35: Creating resources for group MaterialsRG
06:19:35: All done
06:19:35: [RoR|ContentManager] Loading resource pack "meshes" to group "MeshesRG" (ZIP archive)
06:19:35: Creating resource group MeshesRG
06:19:35: Added resource location '/Users/beshoyhanna/Development/rigs-of-rods/build-macos-ogre14-roadmap/bin/resources/meshes.zip' of type 'Zip' to resource group 'MeshesRG'
06:19:35: Initialising resource group MeshesRG
06:19:35: Parsing scripts for resource group MeshesRG
06:19:35: Parsing script character.material
06:19:35: Finished parsing scripts for resource group MeshesRG
06:19:35: Creating resources for group MeshesRG
06:19:35: All done
06:19:35: [RoR|ContentManager] Loading resource pack "overlays" to group "OverlaysRG" (ZIP archive)
06:19:35: Creating resource group OverlaysRG
06:19:35: Added resource location '/Users/beshoyhanna/Development/rigs-of-rods/build-macos-ogre14-roadmap/bin/resources/overlays.zip' of type 'Zip' to resource group 'OverlaysRG'
06:19:35: Initialising resource group OverlaysRG
06:19:35: Parsing scripts for resource group OverlaysRG
06:19:35: Parsing script 3d_dashblend.overlay
06:19:35: Texture 'dashblend.dds': Loading 1 faces(PF_DXT5,128x64x1) with 5 custom mipmaps from Image. Internal format is PF_DXT5,128x64x1.
06:19:35: Warning: force-disabling 'lighting' and 'depth_check' of Material tracks/dashblend for use with OverlayElement tracks/3Dblend
06:19:35: Parsing script 3d_dashboard.overlay
06:19:35: Texture 'dashboard.dds': Loading 1 faces(PF_DXT1,2048x1024x1) with 5 custom mipmaps from Image. Internal format is PF_DXT1,2048x1024x1.
06:19:35: Warning: force-disabling 'lighting' and 'depth_check' of Material tracks/3Duptex for use with OverlayElement tracks/3Duptex
06:19:35: Texture 'tacho.dds': Loading 1 faces(PF_DXT1,256x256x1) with 5 custom mipmaps from Image. Internal format is PF_DXT1,256x256x1.
06:19:35: Warning: force-disabling 'lighting' and 'depth_check' of Material tracks/Tacho for use with OverlayElement tracks/3Dtacho
06:19:35: Texture 'speedo.dds': Loading 1 faces(PF_DXT1,256x256x1) with 5 custom mipmaps from Image. Internal format is PF_DXT1,256x256x1.
06:19:35: Warning: force-disabling 'lighting' and 'depth_check' of Material tracks/Speedo for use with OverlayElement tracks/3Dspeedo
06:19:35: Parsing script 3d_dashboard_needles.overlay
06:19:35: Texture 'redneedle.dds': Loading 1 faces(PF_DXT3,256x256x1) with 5 custom mipmaps from Image. Internal format is PF_DXT3,256x256x1.
06:19:35: Warning: force-disabling 'lighting' and 'depth_check' of Material tracks/tachoneedle_mat for use with OverlayElement tracks/3Dtachoneedle
06:19:35: Warning: force-disabling 'lighting' and 'depth_check' of Material tracks/speedoneedle_mat for use with OverlayElement tracks/3Dspeedoneedle
06:19:35: Warning: ScriptCompiler - deprecated symbol in 3d_dashboard_needles.overlay(30): 'element type(name)'. use 'overlay_element name type'
06:19:35: Warning: ScriptCompiler - deprecated symbol in 3d_dashboard_needles.overlay(49): 'element type(name)'. use 'overlay_element name type'
06:19:35: Warning: ScriptCompiler - deprecated symbol in 3d_dashboard_needles.overlay(68): 'element type(name)'. use 'overlay_element name type'
06:19:35: Warning: ScriptCompiler - deprecated symbol in 3d_dashboard_needles.overlay(87): 'element type(name)'. use 'overlay_element name type'
06:19:35: Warning: ScriptCompiler - deprecated symbol in 3d_dashboard_needles.overlay(106): 'element type(name)'. use 'overlay_element name type'
06:19:35: Warning: ScriptCompiler - deprecated symbol in 3d_dashboard_needles.overlay(125): 'element type(name)'. use 'overlay_element name type'
06:19:35: Parsing script airdashboard.overlay
06:19:35: Texture 'dashbar.dds': Loading 1 faces(PF_DXT1,512x16x1) with 5 custom mipmaps from Image. Internal format is PF_DXT1,512x16x1.
06:19:35: Warning: force-disabling 'lighting' and 'depth_check' of Material tracks/dashbar for use with OverlayElement tracks/airdashbar
06:19:35: Warning: force-disabling 'lighting' and 'depth_check' of Material tracks/black for use with OverlayElement tracks/airdashfiller
06:19:35: Texture 'airspeed.dds': Loading 1 faces(PF_DXT1,256x256x1) with 5 custom mipmaps from Image. Internal format is PF_DXT1,256x256x1.
06:19:35: Warning: force-disabling 'lighting' and 'depth_check' of Material tracks/airspeed for use with OverlayElement tracks/airspeed
06:19:35: Texture 'altimeter.dds': Loading 1 faces(PF_DXT1,256x256x1) with 5 custom mipmaps from Image. Internal format is PF_DXT1,256x256x1.
06:19:35: Warning: force-disabling 'lighting' and 'depth_check' of Material tracks/altimeter for use with OverlayElement tracks/altimeter
06:19:35: Texture 'vvi.dds': Loading 1 faces(PF_DXT1,128x256x1) with 5 custom mipmaps from Image. Internal format is PF_DXT1,128x256x1.
06:19:35: Warning: force-disabling 'lighting' and 'depth_check' of Material tracks/vvi for use with OverlayElement tracks/vvi
06:19:35: Texture 'adi-tape.dds': Loading 1 faces(PF_DXT1,256x256x1) with 5 custom mipmaps from Image. Internal format is PF_DXT1,256x256x1.
06:19:35: Warning: force-disabling 'lighting' and 'depth_check' of Material tracks/adi-tape for use with OverlayElement tracks/adi-tape
06:19:35: Texture 'adi.dds': Loading 1 faces(PF_DXT3,256x256x1) with 5 custom mipmaps from Image. Internal format is PF_DXT3,256x256x1.
06:19:35: Warning: force-disabling 'lighting' and 'depth_check' of Material tracks/adi for use with OverlayElement tracks/adi
06:19:35: Texture 'adi-bugs.dds': Loading 1 faces(PF_DXT3,256x256x1) with 5 custom mipmaps from Image. Internal format is PF_DXT3,256x256x1.
06:19:35: Warning: force-disabling 'lighting' and 'depth_check' of Material tracks/adi-bugs for use with OverlayElement tracks/adi-bugs
06:19:35: Texture 'aoa.dds': Loading 1 faces(PF_DXT1,128x256x1) with 5 custom mipmaps from Image. Internal format is PF_DXT1,128x256x1.
06:19:35: Warning: force-disabling 'lighting' and 'depth_check' of Material tracks/aoa for use with OverlayElement tracks/aoa
06:19:35: Texture 'hsi.dds': Loading 1 faces(PF_DXT1,256x256x1) with 5 custom mipmaps from Image. Internal format is PF_DXT1,256x256x1.
06:19:35: Warning: force-disabling 'lighting' and 'depth_check' of Material tracks/hsi for use with OverlayElement tracks/hsi
06:19:35: Texture 'hsi-rose.dds': Loading 1 faces(PF_DXT3,256x256x1) with 5 custom mipmaps from Image. Internal format is PF_DXT3,256x256x1.
06:19:35: Warning: force-disabling 'lighting' and 'depth_check' of Material tracks/hsi-rose for use with OverlayElement tracks/hsi-rose
06:19:35: Texture 'hsi-bug.dds': Loading 1 faces(PF_DXT3,128x128x1) with 5 custom mipmaps from Image. Internal format is PF_DXT3,128x128x1.
06:19:35: Warning: force-disabling 'lighting' and 'depth_check' of Material tracks/hsi-bug for use with OverlayElement tracks/hsi-bug
06:19:35: Texture 'hsi-v.dds': Loading 1 faces(PF_DXT3,128x128x1) with 5 custom mipmaps from Image. Internal format is PF_DXT3,128x128x1.
06:19:35: Warning: force-disabling 'lighting' and 'depth_check' of Material tracks/hsi-v for use with OverlayElement tracks/hsi-v
06:19:35: Texture 'hsi-h.dds': Loading 1 faces(PF_DXT3,128x128x1) with 5 custom mipmaps from Image. Internal format is PF_DXT3,128x128x1.
06:19:35: Warning: force-disabling 'lighting' and 'depth_check' of Material tracks/hsi-h for use with OverlayElement tracks/hsi-h
06:19:35: Texture 'thrusttrack.dds': Loading 1 faces(PF_DXT1,32x128x1) with 5 custom mipmaps from Image. Internal format is PF_DXT1,32x128x1.
06:19:35: Warning: force-disabling 'lighting' and 'depth_check' of Material tracks/thrusttrack for use with OverlayElement tracks/thrusttrack1
06:19:35: Texture 'engfire-off.dds': Loading 1 faces(PF_DXT1,64x32x1) with 5 custom mipmaps from Image. Internal format is PF_DXT1,64x32x1.
06:19:35: Warning: force-disabling 'lighting' and 'depth_check' of Material tracks/engfire-off for use with OverlayElement tracks/engfire1
06:19:35: Texture 'engstart-off.dds': Loading 1 faces(PF_DXT1,64x32x1) with 5 custom mipmaps from Image. Internal format is PF_DXT1,64x32x1.
06:19:35: Warning: force-disabling 'lighting' and 'depth_check' of Material tracks/engstart-off for use with OverlayElement tracks/engstart1
06:19:35: Texture 'airrpm.dds': Loading 1 faces(PF_DXT1,128x128x1) with 5 custom mipmaps from Image. Internal format is PF_DXT1,128x128x1.
06:19:35: Warning: force-disabling 'lighting' and 'depth_check' of Material tracks/airrpm for use with OverlayElement tracks/airrpm1
06:19:35: Texture 'airpitch.dds': Loading 1 faces(PF_DXT1,128x128x1) with 5 custom mipmaps from Image. Internal format is PF_DXT1,128x128x1.
06:19:35: Warning: force-disabling 'lighting' and 'depth_check' of Material tracks/airpitch for use with OverlayElement tracks/airpitch1
06:19:35: Texture 'airtorque.dds': Loading 1 faces(PF_DXT1,128x128x1) with 5 custom mipmaps from Image. Internal format is PF_DXT1,128x128x1.
06:19:35: Warning: force-disabling 'lighting' and 'depth_check' of Material tracks/airtorque for use with OverlayElement tracks/airtorque1
06:19:35: Texture 'val-bg.dds': Loading 1 faces(PF_DXT1,64x32x1) with 5 custom mipmaps from Image. Internal format is PF_DXT1,64x32x1.
06:19:35: Warning: force-disabling 'lighting' and 'depth_check' of Material tracks/val-bg for use with OverlayElement tracks/ap_hdg_val_bg
06:19:35: Texture 'ap-up.dds': Loading 1 faces(PF_DXT1,64x32x1) with 5 custom mipmaps from Image. Internal format is PF_DXT1,64x32x1.
06:19:35: Warning: force-disabling 'lighting' and 'depth_check' of Material tracks/ap-up for use with OverlayElement tracks/ap_hdg_up
06:19:35: Texture 'ap-dn.dds': Loading 1 faces(PF_DXT1,64x32x1) with 5 custom mipmaps from Image. Internal format is PF_DXT1,64x32x1.
06:19:35: Warning: force-disabling 'lighting' and 'depth_check' of Material tracks/ap-dn for use with OverlayElement tracks/ap_hdg_dn
06:19:35: Texture 'hdg-off.dds': Loading 1 faces(PF_DXT1,64x64x1) with 5 custom mipmaps from Image. Internal format is PF_DXT1,64x64x1.
06:19:35: Warning: force-disabling 'lighting' and 'depth_check' of Material tracks/hdg-off for use with OverlayElement tracks/ap_hdg_but
06:19:35: Texture 'wlv-off.dds': Loading 1 faces(PF_DXT1,64x64x1) with 5 custom mipmaps from Image. Internal format is PF_DXT1,64x64x1.
06:19:35: Warning: force-disabling 'lighting' and 'depth_check' of Material tracks/wlv-off for use with OverlayElement tracks/ap_wlv_but
06:19:35: Texture 'nav-off.dds': Loading 1 faces(PF_DXT1,64x64x1) with 5 custom mipmaps from Image. Internal format is PF_DXT1,64x64x1.
06:19:35: Warning: force-disabling 'lighting' and 'depth_check' of Material tracks/nav-off for use with OverlayElement tracks/ap_nav_but
06:19:35: Texture 'hold-off.dds': Loading 1 faces(PF_DXT1,64x64x1) with 5 custom mipmaps from Image. Internal format is PF_DXT1,64x64x1.
06:19:35: Warning: force-disabling 'lighting' and 'depth_check' of Material tracks/hold-off for use with OverlayElement tracks/ap_alt_but
06:19:35: Texture 'vs-off.dds': Loading 1 faces(PF_DXT1,64x64x1) with 5 custom mipmaps from Image. Internal format is PF_DXT1,64x64x1.
06:19:35: Warning: force-disabling 'lighting' and 'depth_check' of Material tracks/vs-off for use with OverlayElement tracks/ap_vs_but
06:19:35: Texture 'athr-off.dds': Loading 1 faces(PF_DXT1,64x64x1) with 5 custom mipmaps from Image. Internal format is PF_DXT1,64x64x1.
06:19:35: Warning: force-disabling 'lighting' and 'depth_check' of Material tracks/athr-off for use with OverlayElement tracks/ap_ias_but
06:19:35: Texture 'gpws-on.dds': Loading 1 faces(PF_DXT1,64x64x1) with 5 custom mipmaps from Image. Internal format is PF_DXT1,64x64x1.
06:19:35: Warning: force-disabling 'lighting' and 'depth_check' of Material tracks/gpws-on for use with OverlayElement tracks/ap_gpws_but
06:19:35: Texture 'brks-off.dds': Loading 1 faces(PF_DXT1,64x64x1) with 5 custom mipmaps from Image. Internal format is PF_DXT1,64x64x1.
06:19:35: Warning: force-disabling 'lighting' and 'depth_check' of Material tracks/brks-off for use with OverlayElement tracks/ap_brks_but
06:19:35: Parsing script airneedles.overlay
06:19:35: Texture 'thrusthandle.dds': Loading 1 faces(PF_DXT1,32x32x1) with 5 custom mipmaps from Image. Internal format is PF_DXT1,32x32x1.
06:19:35: Warning: force-disabling 'lighting' and 'depth_check' of Material tracks/thrusthandle for use with OverlayElement tracks/thrust1
06:19:35: Texture 'whiteneedle.dds': Loading 1 faces(PF_DXT3,256x256x1) with 5 custom mipmaps from Image. Internal format is PF_DXT3,256x256x1.
06:19:35: Warning: force-disabling 'lighting' and 'depth_check' of Material tracks/airspeedneedle_mat for use with OverlayElement tracks/airspeedneedle
06:19:35: Warning: force-disabling 'lighting' and 'depth_check' of Material tracks/airrpm1needle_mat for use with OverlayElement tracks/airrpm1needle
06:19:35: Warning: force-disabling 'lighting' and 'depth_check' of Material tracks/airrpm2needle_mat for use with OverlayElement tracks/airrpm2needle
06:19:35: Warning: force-disabling 'lighting' and 'depth_check' of Material tracks/airrpm3needle_mat for use with OverlayElement tracks/airrpm3needle
06:19:35: Warning: force-disabling 'lighting' and 'depth_check' of Material tracks/airrpm4needle_mat for use with OverlayElement tracks/airrpm4needle
06:19:35: Warning: force-disabling 'lighting' and 'depth_check' of Material tracks/airpitch1needle_mat for use with OverlayElement tracks/airpitch1needle
06:19:35: Warning: force-disabling 'lighting' and 'depth_check' of Material tracks/airpitch2needle_mat for use with OverlayElement tracks/airpitch2needle
06:19:35: Warning: force-disabling 'lighting' and 'depth_check' of Material tracks/airpitch3needle_mat for use with OverlayElement tracks/airpitch3needle
06:19:35: Warning: force-disabling 'lighting' and 'depth_check' of Material tracks/airpitch4needle_mat for use with OverlayElement tracks/airpitch4needle
06:19:35: Warning: force-disabling 'lighting' and 'depth_check' of Material tracks/airtorque1needle_mat for use with OverlayElement tracks/airtorque1needle
06:19:35: Warning: force-disabling 'lighting' and 'depth_check' of Material tracks/airtorque2needle_mat for use with OverlayElement tracks/airtorque2needle
06:19:35: Warning: force-disabling 'lighting' and 'depth_check' of Material tracks/airtorque3needle_mat for use with OverlayElement tracks/airtorque3needle
06:19:35: Warning: force-disabling 'lighting' and 'depth_check' of Material tracks/airtorque4needle_mat for use with OverlayElement tracks/airtorque4needle
06:19:35: Warning: force-disabling 'lighting' and 'depth_check' of Material tracks/altimeterneedle_mat for use with OverlayElement tracks/altimeterneedle
06:19:35: Warning: force-disabling 'lighting' and 'depth_check' of Material tracks/vvineedle_mat for use with OverlayElement tracks/vvineedle
06:19:35: Warning: force-disabling 'lighting' and 'depth_check' of Material tracks/aoaneedle_mat for use with OverlayElement tracks/aoaneedle
06:19:35: Parsing script boatdashboard.overlay
06:19:35: Texture 'shipsteer_bg.dds': Loading 1 faces(PF_DXT1,256x256x1) with 5 custom mipmaps from Image. Internal format is PF_DXT1,256x256x1.
06:19:35: Warning: force-disabling 'lighting' and 'depth_check' of Material tracks/boatsteer/bg_mat for use with OverlayElement tracks/boatsteer
06:19:35: Texture 'boatspeed.dds': Loading 1 faces(PF_DXT3,256x256x1) with 5 custom mipmaps from Image. Internal format is PF_DXT3,256x256x1.
06:19:35: Warning: force-disabling 'lighting' and 'depth_check' of Material tracks/boatspeed for use with OverlayElement tracks/boatspeed
06:19:35: Texture 'boatdepthmeter.dds': Loading 1 faces(PF_DXT5,256x256x1) with 5 custom mipmaps from Image. Internal format is PF_DXT5,256x256x1.
06:19:35: Warning: force-disabling 'lighting' and 'depth_check' of Material tracks/boatdepthmeter for use with OverlayElement tracks/boatdepthmeter
06:19:35: Texture 'boatthrusttrack.dds': Loading 1 faces(PF_DXT3,32x128x1) with 5 custom mipmaps from Image. Internal format is PF_DXT3,32x128x1.
06:19:35: Warning: force-disabling 'lighting' and 'depth_check' of Material tracks/boatthrusttrack for use with OverlayElement tracks/boatthrusttrack1
06:19:35: Parsing script boatneedles.overlay
06:19:35: Warning: force-disabling 'lighting' and 'depth_check' of Material tracks/boatspeedneedle_mat for use with OverlayElement tracks/boatspeedneedle
06:19:35: Texture 'shipsteer.dds': Loading 1 faces(PF_DXT3,256x256x1) with 5 custom mipmaps from Image. Internal format is PF_DXT3,256x256x1.
06:19:35: Warning: force-disabling 'lighting' and 'depth_check' of Material tracks/boatsteer/fg_mat for use with OverlayElement tracks/boatsteer/fg
06:19:35: Parsing script chat.overlay
06:19:35: Parsing script credits.overlay
06:19:35: Texture 'credits.dds': Loading 1 faces(PF_DXT1,1024x512x1) with 5 custom mipmaps from Image. Internal format is PF_DXT1,1024x512x1.
06:19:35: Warning: force-disabling 'lighting' and 'depth_check' of Material tracks/credits for use with OverlayElement tracks/credits
06:19:35: Parsing script directionarrow.overlay
06:19:35: Warning: force-disabling 'lighting' and 'depth_check' of Material tracks/pointingArrowBackground for use with OverlayElement tracks/DirectionArrow/MainPanel
06:19:35: Parsing script engine.overlay
06:19:35: Texture 'New_Ogre_Border_Center.png': Loading 1 faces(PF_A8R8G8B8,256x128x1) with 5 hardware generated mipmaps from Image. Internal format is PF_A8R8G8B8,256x128x1.
06:19:35: Texture 'New_Ogre_Border.png': Loading 1 faces(PF_A8R8G8B8,256x256x1) with 5 hardware generated mipmaps from Image. Internal format is PF_A8R8G8B8,256x256x1.
06:19:35: Parsing script loader.overlay
06:19:35: Texture 'New_Ogre_Border_Break.png': Loading 1 faces(PF_A8R8G8B8,32x32x1) with 5 hardware generated mipmaps from Image. Internal format is PF_A8R8G8B8,32x32x1.
06:19:35: Warning: force-disabling 'lighting' and 'depth_check' of Material tracks/graytrans for use with OverlayElement tracks/CategoryPanel/ProgressBarBorder
06:19:35: Warning: force-disabling 'lighting' and 'depth_check' of Material tracks/white for use with OverlayElement tracks/CategoryPanel/ProgressBarInner
06:19:35: Texture 'unknown.dds': Loading 1 faces(PF_DXT5,256x256x1) with 5 custom mipmaps from Image. Internal format is PF_DXT5,256x256x1.
06:19:35: Warning: force-disabling 'lighting' and 'depth_check' of Material tracks/Viewer for use with OverlayElement tracks/picture
06:19:35: Parsing script machinedashboard.overlay
06:19:35: Texture 'instructions.dds': Loading 1 faces(PF_DXT1,256x256x1) with 5 custom mipmaps from Image. Internal format is PF_DXT1,256x256x1.
06:19:35: Warning: force-disabling 'lighting' and 'depth_check' of Material tracks/instructions for use with OverlayElement tracks/machineinstructions
06:19:35: Parsing script needles.overlay
06:19:35: Error: ScriptCompiler - no object created in needles.overlay(37): Top level components must be containers, but 'TextArea' is an element
06:19:35: Error: ScriptCompiler - no object created in needles.overlay(55): Top level components must be containers, but 'TextArea' is an element
06:19:35: Error: ScriptCompiler - no object created in needles.overlay(71): Top level components must be containers, but 'TextArea' is an element
06:19:35: Error: ScriptCompiler - no object created in needles.overlay(87): Top level components must be containers, but 'TextArea' is an element
06:19:35: Error: ScriptCompiler - no object created in needles.overlay(103): Top level components must be containers, but 'TextArea' is an element
06:19:35: Error: ScriptCompiler - no object created in needles.overlay(119): Top level components must be containers, but 'TextArea' is an element
06:19:35: Parsing script various.overlay
06:19:35: Texture 'pressure.dds': Loading 1 faces(PF_DXT3,128x128x1) with 5 custom mipmaps from Image. Internal format is PF_DXT3,128x128x1.
06:19:35: Warning: force-disabling 'lighting' and 'depth_check' of Material tracks/pressuremat for use with OverlayElement tracks/pressureo
06:19:35: Warning: force-disabling 'lighting' and 'depth_check' of Material tracks/pressureneedle_mat for use with OverlayElement tracks/pressureneedle
06:19:35: Warning: force-disabling 'lighting' and 'depth_check' of Material tracks/blackFade for use with OverlayElement FadeInOutPanel
06:19:35: Finished parsing scripts for resource group OverlaysRG
06:19:35: Creating resources for group OverlaysRG
06:19:35: All done
06:19:35: [RoR|ContentManager] Loading resource pack "particles" to group "ParticlesRG" (ZIP archive)
06:19:35: Creating resource group ParticlesRG
06:19:35: Added resource location '/Users/beshoyhanna/Development/rigs-of-rods/build-macos-ogre14-roadmap/bin/resources/particles.zip' of type 'Zip' to resource group 'ParticlesRG'
06:19:35: Initialising resource group ParticlesRG
06:19:35: Parsing scripts for resource group ParticlesRG
06:19:35: Parsing script particles.material
06:19:35: Parsing script dust.particle
06:19:35: Parsing script mud.particle
06:19:35: Parsing script smoke.particle
06:19:35: Parsing script snow.particle
06:19:35: Parsing script water.particle
06:19:35: Finished parsing scripts for resource group ParticlesRG
06:19:35: Creating resources for group ParticlesRG
06:19:35: All done
06:19:35: [RoR|ContentManager] Loading resource pack "paged" to group "PagedRG" (ZIP archive)
06:19:35: Creating resource group PagedRG
06:19:35: Added resource location '/Users/beshoyhanna/Development/rigs-of-rods/build-macos-ogre14-roadmap/bin/resources/paged.zip' of type 'Zip' to resource group 'PagedRG'
06:19:35: Initialising resource group PagedRG
06:19:35: Parsing scripts for resource group PagedRG
06:19:35: Parsing script grass.material
06:19:35: Warning: ScriptCompiler - deprecated symbol in grass.material(9): cull_software. Only used by the BSP scene manager.
06:19:35: Warning: ScriptCompiler - deprecated symbol in grass.material(27): cull_software. Only used by the BSP scene manager.
06:19:35: Warning: ScriptCompiler - deprecated symbol in grass.material(44): cull_software. Only used by the BSP scene manager.
06:19:35: Warning: ScriptCompiler - deprecated symbol in grass.material(61): cull_software. Only used by the BSP scene manager.
06:19:35: Warning: ScriptCompiler - deprecated symbol in grass.material(78): cull_software. Only used by the BSP scene manager.
06:19:35: Warning: ScriptCompiler - deprecated symbol in grass.material(96): cull_software. Only used by the BSP scene manager.
06:19:35: Warning: ScriptCompiler - deprecated symbol in grass.material(114): cull_software. Only used by the BSP scene manager.
06:19:35: Warning: ScriptCompiler - deprecated symbol in grass.material(132): cull_software. Only used by the BSP scene manager.
06:19:35: Warning: ScriptCompiler - deprecated symbol in grass.material(150): cull_software. Only used by the BSP scene manager.
06:19:35: Parsing script palm.material
06:19:35: Warning: ScriptCompiler - deprecated symbol in palm.material(9): cull_software. Only used by the BSP scene manager.
06:19:35: Parsing script tree.material
06:19:35: Warning: ScriptCompiler - deprecated symbol in tree.material(26): alpha. Use PF_A8 instead
06:19:35: Warning: ScriptCompiler - deprecated symbol in tree.material(43): alpha. Use PF_A8 instead
06:19:35: Parsing script tree_01.material
06:19:35: Warning: ScriptCompiler - deprecated symbol in tree_01.material(13): texture_alias. Use 'texture $variable'
06:19:35: Warning: ScriptCompiler - deprecated symbol in tree_01.material(31): cull_software. Only used by the BSP scene manager.
06:19:35: Warning: ScriptCompiler - deprecated symbol in tree_01.material(37): texture_alias. Use 'texture $variable'
06:19:35: Warning: ScriptCompiler - deprecated symbol in tree_01.material(61): texture_alias. Use 'texture $variable'
06:19:35: Finished parsing scripts for resource group PagedRG
06:19:35: Creating resources for group PagedRG
06:19:35: All done
06:19:35: Creating resource group {bundle USER:/mods/CityWorldNextLocalOverlay.zip}
06:19:35: Added resource location '/Users/beshoyhanna/Development/rigs-of-rods/build-macos-ogre14-roadmap/cw2-legacy-material.R04F0X/home/RigsOfRods/mods/CityWorldNextLocalOverlay.zip' of type 'Zip' to resource group '{bundle USER:/mods/CityWorldNextLocalOverlay.zip}'
06:19:35: Initialising resource group {bundle USER:/mods/CityWorldNextLocalOverlay.zip}
06:19:35: Parsing scripts for resource group {bundle USER:/mods/CityWorldNextLocalOverlay.zip}
06:19:35: Parsing script rorng_city_bridge_curve_left_15deg_20m.material
06:19:35: Parsing script rorng_city_bridge_span_20m.material
06:19:35: [RoR|ContentManager] Skipping resource with duplicate name: 'rorng_collision_debug' (origin: '')
06:19:35: Error: ScriptCompiler - no object created in rorng_city_bridge_span_20m.material(4): rorng_collision_debug
06:19:35: [RoR|ContentManager] Skipping resource with duplicate name: 'rorng_city_concrete' (origin: '')
06:19:35: Error: ScriptCompiler - no object created in rorng_city_bridge_span_20m.material(17): rorng_city_concrete
06:19:35: [RoR|ContentManager] Skipping resource with duplicate name: 'rorng_city_asphalt' (origin: '')
06:19:35: Error: ScriptCompiler - no object created in rorng_city_bridge_span_20m.material(30): rorng_city_asphalt
06:19:35: [RoR|ContentManager] Skipping resource with duplicate name: 'rorng_city_galvanized_steel' (origin: '')
06:19:35: Error: ScriptCompiler - no object created in rorng_city_bridge_span_20m.material(43): rorng_city_galvanized_steel
06:19:35: [RoR|ContentManager] Skipping resource with duplicate name: 'rorng_city_dark_steel' (origin: '')
06:19:35: Error: ScriptCompiler - no object created in rorng_city_bridge_span_20m.material(56): rorng_city_dark_steel
06:19:35: [RoR|ContentManager] Skipping resource with duplicate name: 'rorng_city_lane_white' (origin: '')
06:19:35: Error: ScriptCompiler - no object created in rorng_city_bridge_span_20m.material(69): rorng_city_lane_white
06:19:35: [RoR|ContentManager] Skipping resource with duplicate name: 'rorng_city_lane_yellow' (origin: '')
06:19:35: Error: ScriptCompiler - no object created in rorng_city_bridge_span_20m.material(82): rorng_city_lane_yellow
06:19:35: Parsing script rorng_city_bridge_transition_12m.material
06:19:35: Parsing script rorng_city_gateway_block_40m.material
06:19:35: Finished parsing scripts for resource group {bundle USER:/mods/CityWorldNextLocalOverlay.zip}
06:19:35: Creating resources for group {bundle USER:/mods/CityWorldNextLocalOverlay.zip}
06:19:35: All done
06:19:35:  ===== LOADING TERRAIN CityWorldNextLocalOverlay.terrn2
06:19:35: Added resource location '/Users/beshoyhanna/Development/rigs-of-rods/build-macos-ogre14-roadmap/cw2-legacy-material.R04F0X/home/RigsOfRods/mods/CityWorld.zip' of type 'Zip' to resource group '{bundle USER:/mods/CityWorldNextLocalOverlay.zip}'
06:19:35: Clearing resource group {bundle USER:/mods/CityWorldNextLocalOverlay.zip}
06:19:35: Finished clearing resource group {bundle USER:/mods/CityWorldNextLocalOverlay.zip}
06:19:35: Initialising resource group {bundle USER:/mods/CityWorldNextLocalOverlay.zip}
06:19:35: Parsing scripts for resource group {bundle USER:/mods/CityWorldNextLocalOverlay.zip}
06:19:35: Parsing script rorng_city_bridge_curve_left_15deg_20m.material
06:19:35: Parsing script rorng_city_bridge_span_20m.material
06:19:35: [RoR|ContentManager] Skipping resource with duplicate name: 'rorng_collision_debug' (origin: '')
06:19:35: Error: ScriptCompiler - no object created in rorng_city_bridge_span_20m.material(4): rorng_collision_debug
06:19:35: [RoR|ContentManager] Skipping resource with duplicate name: 'rorng_city_concrete' (origin: '')
06:19:35: Error: ScriptCompiler - no object created in rorng_city_bridge_span_20m.material(17): rorng_city_concrete
06:19:35: [RoR|ContentManager] Skipping resource with duplicate name: 'rorng_city_asphalt' (origin: '')
06:19:35: Error: ScriptCompiler - no object created in rorng_city_bridge_span_20m.material(30): rorng_city_asphalt
06:19:35: [RoR|ContentManager] Skipping resource with duplicate name: 'rorng_city_galvanized_steel' (origin: '')
06:19:35: Error: ScriptCompiler - no object created in rorng_city_bridge_span_20m.material(43): rorng_city_galvanized_steel
06:19:35: [RoR|ContentManager] Skipping resource with duplicate name: 'rorng_city_dark_steel' (origin: '')
06:19:35: Error: ScriptCompiler - no object created in rorng_city_bridge_span_20m.material(56): rorng_city_dark_steel
06:19:35: [RoR|ContentManager] Skipping resource with duplicate name: 'rorng_city_lane_white' (origin: '')
06:19:35: Error: ScriptCompiler - no object created in rorng_city_bridge_span_20m.material(69): rorng_city_lane_white
06:19:35: [RoR|ContentManager] Skipping resource with duplicate name: 'rorng_city_lane_yellow' (origin: '')
06:19:35: Error: ScriptCompiler - no object created in rorng_city_bridge_span_20m.material(82): rorng_city_lane_yellow
06:19:35: Parsing script rorng_city_bridge_transition_12m.material
06:19:35: Parsing script rorng_city_gateway_block_40m.material
06:19:35: Parsing script asia.material
06:19:35: Parsing script busstopNJT.material
06:19:35: Parsing script busstopNJTnormalmapped.material
06:19:35: [RoR|ContentManager|LegacyMaterialSanitizer] Authenticated material script 'busstopNJTnormalmapped.material' in group '{bundle USER:/mods/CityWorldNextLocalOverlay.zip}' applied 1 exact compatibility edit(s) (archive_sha256=ebeac2f0204f25ca1955f29ca1583b2afa4517a3a848feb1db203814acac2ef3, script_sha256=5eba9fb3b4873e7f4ef81c65490ce9eb429d9245700dfac8cdd871b5ed857b49)
06:19:35: Warning: ScriptCompiler - deprecated symbol in busstopNJTnormalmapped.material(25): lod_distances. Use lod_values.
06:19:35: Warning: ScriptCompiler - deprecated symbol in busstopNJTnormalmapped.material(62): texture_alias. Use 'texture $variable'
06:19:35: Warning: ScriptCompiler - deprecated symbol in busstopNJTnormalmapped.material(70): texture_alias. Use 'texture $variable'
06:19:35: Warning: ScriptCompiler - deprecated symbol in busstopNJTnormalmapped.material(78): texture_alias. Use 'texture $variable'
06:19:35: Warning: ScriptCompiler - deprecated symbol in busstopNJTnormalmapped.material(94): texture_alias. Use 'texture $variable'
06:19:35: Warning: ScriptCompiler - deprecated symbol in busstopNJTnormalmapped.material(102): texture_alias. Use 'texture $variable'
06:19:35: Parsing script dnebuildings.material
06:19:35: [RoR|ContentManager|LegacyMaterialSanitizer] Authenticated material script 'dnebuildings.material' in group '{bundle USER:/mods/CityWorldNextLocalOverlay.zip}' applied 1 exact compatibility edit(s) (archive_sha256=ebeac2f0204f25ca1955f29ca1583b2afa4517a3a848feb1db203814acac2ef3, script_sha256=11bb735dfadd54f594bfa02e967014edcd67cb5b7fcda8b3c8c3668cea2dc420)
06:19:35: Parsing script dneroads.material
06:19:35: [RoR|ContentManager|LegacyMaterialSanitizer] Authenticated material script 'dneroads.material' in group '{bundle USER:/mods/CityWorldNextLocalOverlay.zip}' applied 2 exact compatibility edit(s) (archive_sha256=ebeac2f0204f25ca1955f29ca1583b2afa4517a3a848feb1db203814acac2ef3, script_sha256=4cdcde3752bec2c6e8b0d73c464112ea35e013b91f5872c462ccb5dbfdcf1d21)
06:19:35: Parsing script fancytrafficlight.material
06:19:35: Parsing script LetrerosenalamientoQr.material
06:19:35: Parsing script NeoQ2-0-asphalt.material
06:19:35: Parsing script NeoQ2-0-builds.material
06:19:35: [RoR|ContentManager|LegacyMaterialSanitizer] Authenticated material script 'NeoQ2-0-builds.material' in group '{bundle USER:/mods/CityWorldNextLocalOverlay.zip}' applied 4 exact compatibility edit(s) (archive_sha256=ebeac2f0204f25ca1955f29ca1583b2afa4517a3a848feb1db203814acac2ef3, script_sha256=95ce5cd0b9ca2bb4776baed80f89a0a2619a47fa54d943c88995787f0f7184ca)
06:19:35: Parsing script NeoQ2-0-concrete-road.material
06:19:35: Parsing script NeoQ2-0-IntOnLE.material
06:19:35: Warning: ScriptCompiler - deprecated symbol in NeoQ2-0-IntOnLE.material(63): cull_software. Only used by the BSP scene manager.
06:19:35: Warning: ScriptCompiler - deprecated symbol in NeoQ2-0-IntOnLE.material(84): cull_software. Only used by the BSP scene manager.
06:19:35: Parsing script NeoQ2-0-SmfS.material
06:19:35: Parsing script NeoQ2-0-vegetation.material
06:19:35: Warning: ScriptCompiler - deprecated symbol in NeoQ2-0-vegetation.material(14): cull_software. Only used by the BSP scene manager.
06:19:35: Warning: ScriptCompiler - deprecated symbol in NeoQ2-0-vegetation.material(37): cull_software. Only used by the BSP scene manager.
06:19:35: Warning: ScriptCompiler - deprecated symbol in NeoQ2-0-vegetation.material(60): cull_software. Only used by the BSP scene manager.
06:19:35: Warning: ScriptCompiler - deprecated symbol in NeoQ2-0-vegetation.material(83): cull_software. Only used by the BSP scene manager.
06:19:35: Warning: ScriptCompiler - deprecated symbol in NeoQ2-0-vegetation.material(106): cull_software. Only used by the BSP scene manager.
06:19:35: Parsing script NeoQ2-0.material
06:19:35: [RoR|ContentManager|LegacyMaterialSanitizer] Authenticated material script 'NeoQ2-0.material' in group '{bundle USER:/mods/CityWorldNextLocalOverlay.zip}' applied 2 exact compatibility edit(s) (archive_sha256=ebeac2f0204f25ca1955f29ca1583b2afa4517a3a848feb1db203814acac2ef3, script_sha256=03e17f9fab655321e7b266ce848e55d3ecd581d417e4f336f3a7928cd9d6e919)
06:19:35: Warning: ScriptCompiler - deprecated symbol in NeoQ2-0.material(563): cull_software. Only used by the BSP scene manager.
06:19:35: Warning: ScriptCompiler - deprecated symbol in NeoQ2-0.material(581): cull_software. Only used by the BSP scene manager.
06:19:35: Warning: ScriptCompiler - deprecated symbol in NeoQ2-0.material(599): cull_software. Only used by the BSP scene manager.
06:19:35: Warning: ScriptCompiler - deprecated symbol in NeoQ2-0.material(693): cull_software. Only used by the BSP scene manager.
06:19:35: Warning: ScriptCompiler - deprecated symbol in NeoQ2-0.material(713): cull_software. Only used by the BSP scene manager.
06:19:35: Warning: ScriptCompiler - deprecated symbol in NeoQ2-0.material(733): cull_software. Only used by the BSP scene manager.
06:19:35: Warning: ScriptCompiler - deprecated symbol in NeoQ2-0.material(753): cull_software. Only used by the BSP scene manager.
06:19:35: Warning: ScriptCompiler - deprecated symbol in NeoQ2-0.material(786): cull_software. Only used by the BSP scene manager.
06:19:35: Warning: ScriptCompiler - deprecated symbol in NeoQ2-0.material(810): cull_software. Only used by the BSP scene manager.
06:19:35: Warning: ScriptCompiler - deprecated symbol in NeoQ2-0.material(825): cull_software. Only used by the BSP scene manager.
06:19:35: Warning: ScriptCompiler - deprecated symbol in NeoQ2-0.material(875): cull_software. Only used by the BSP scene manager.
06:19:35: Warning: ScriptCompiler - deprecated symbol in NeoQ2-0.material(895): cull_software. Only used by the BSP scene manager.
06:19:35: Warning: ScriptCompiler - deprecated symbol in NeoQ2-0.material(914): cull_software. Only used by the BSP scene manager.
06:19:35: Parsing script NeoQueretaro.material
06:19:35: [RoR|ContentManager|LegacyMaterialSanitizer] Authenticated material script 'NeoQueretaro.material' in group '{bundle USER:/mods/CityWorldNextLocalOverlay.zip}' applied 30 exact compatibility edit(s) (archive_sha256=ebeac2f0204f25ca1955f29ca1583b2afa4517a3a848feb1db203814acac2ef3, script_sha256=9dac0249de8f55b47d5672ab2f8750026abada4e460b2b3a60c4b11ccceec6a3)
06:19:35: Warning: ScriptCompiler - deprecated symbol in NeoQueretaro.material(512): 'cubic_texture ..'. Use 'texture .. cubic' instead.
06:19:35: Warning: ScriptCompiler - deprecated symbol in NeoQueretaro.material(1627): 'cubic_texture ..'. Use 'texture .. cubic' instead.
06:19:35: [RoR|ContentManager] Skipping resource with duplicate name: 'concretorojo' (origin: '')
06:19:35: Error: ScriptCompiler - no object created in NeoQueretaro.material(1772): concretorojo
06:19:35: Parsing script queen.material
06:19:35: Parsing script skyscraper01.material
06:19:35: Parsing script streetfurniture.material
06:19:35: [RoR|ContentManager|LegacyMaterialSanitizer] Authenticated material script 'streetfurniture.material' in group '{bundle USER:/mods/CityWorldNextLocalOverlay.zip}' applied 5 exact compatibility edit(s) (archive_sha256=ebeac2f0204f25ca1955f29ca1583b2afa4517a3a848feb1db203814acac2ef3, script_sha256=0a9bd28b7f23cd028181e923cdcda2ffff19674e8f833b254f523845259b1be0)
06:19:35: Parsing script test.material
06:19:35: Parsing script tube.material
06:19:35: Warning: ScriptCompiler - deprecated symbol in tube.material(13): cull_software. Only used by the BSP scene manager.
06:19:35: Warning: ScriptCompiler - deprecated symbol in tube.material(39): cull_software. Only used by the BSP scene manager.
06:19:35: Finished parsing scripts for resource group {bundle USER:/mods/CityWorldNextLocalOverlay.zip}
06:19:35: Creating resources for group {bundle USER:/mods/CityWorldNextLocalOverlay.zip}
06:19:35: All done
06:19:35: [RoR|TerrainDependency] Mounted '/Users/beshoyhanna/Development/rigs-of-rods/build-macos-ogre14-roadmap/cw2-legacy-material.R04F0X/home/RigsOfRods/mods/CityWorld.zip' into '{bundle USER:/mods/CityWorldNextLocalOverlay.zip}'
06:19:35: [RoR|PleaseWaitUI] <10%> Initializing Object Subsystem
06:19:35: [RoR|PleaseWaitUI] <17%> Initializing Geometry Subsystem
06:19:35: [RoR|PleaseWaitUI] <23%> Initializing Camera Subsystem
06:19:35: [RoR|PleaseWaitUI] <25%> Initializing Sky Subsystem
06:19:35: Texture 'cloudy_noon.dds': Loading 6 faces(PF_DXT1,512x512x1) with 5 custom mipmaps from multiple Images. Internal format is PF_DXT1,512x512x1.
06:19:35: [RoR|PleaseWaitUI] <27%> Initializing Light Subsystem
06:19:35: [RoR|PleaseWaitUI] <28%> Initializing Shadow Subsystem
06:19:35: [RoR|PleaseWaitUI] <29%> Initializing Fog Subsystem
06:19:35: [RoR|PleaseWaitUI] <31%> Initializing Vegetation Subsystem
06:19:35: [RoR|PleaseWaitUI] <40%> Loading Terrain Geometry
06:19:35: done loading page: loaded 1 layers
06:19:35: [RoR|PleaseWaitUI] <44%> Loading terrain pages ...
06:19:35: Terrain created; size=1025 minBatch=33 maxBatch=65 treeDepth=5 lodLevels=6 leafLods=2
06:19:35: RTSS: using f1cc2d109f8adcb4402c560dbcad0809_VS for Pass 0 of 'OgreTerrain/3248035204'
06:19:35: RTSS: using 37424d82dcd0f0acf856b3d48ada64f1_FS for Pass 0 of 'OgreTerrain/3248035204'
06:19:35: RTSS: using 572dd29a4cc9059a68e315add362812d_VS for Pass 0 of 'OgreTerrain/3248035204'
06:19:35: RTSS: using 0edfb3f0978a2915ef74ad50734e28c8_FS for Pass 0 of 'OgreTerrain/3248035204'
06:19:35: Texture 'CityWorld_grass.dds': Loading 1 faces(PF_DXT5,512x512x1) with 5 custom mipmaps from Image. Internal format is PF_DXT5,512x512x1.
06:19:35: RTSS: using 91ab00fe4524b6908e7c66dae9d2273e_VS for Pass 0 of 'OgreTerrain/3248035204/comp'
06:19:35: RTSS: using 912f2205a4b3ef1a8f77854043fa7333_FS for Pass 0 of 'OgreTerrain/3248035204/comp'
06:19:35: Texture 'blank_NRM.dds': Loading 1 faces(PF_A8R8G8B8,800x600x1) with 5 hardware generated mipmaps from Image. Internal format is PF_A8R8G8B8,800x600x1.
06:19:36: RTSS: using f1cc2d109f8adcb4402c560dbcad0809_VS for Pass 0 of 'OgreTerrain/3248035204'
06:19:36: RTSS: using 37424d82dcd0f0acf856b3d48ada64f1_FS for Pass 0 of 'OgreTerrain/3248035204'
06:19:36: RTSS: using 572dd29a4cc9059a68e315add362812d_VS for Pass 0 of 'OgreTerrain/3248035204'
06:19:36: RTSS: using 0edfb3f0978a2915ef74ad50734e28c8_FS for Pass 0 of 'OgreTerrain/3248035204'
06:19:36: RTSS: using 91ab00fe4524b6908e7c66dae9d2273e_VS for Pass 0 of 'OgreTerrain/3248035204/comp'
06:19:36: RTSS: using 912f2205a4b3ef1a8f77854043fa7333_FS for Pass 0 of 'OgreTerrain/3248035204/comp'
06:19:36:  *** Terrain loaded from cache ***
06:19:36: RTSS: using 2c3a67ed69eb2b45d0879220f1d3ba9f_VS for Pass 0 of 'rigsofrods/WallpaperMat'
06:19:36: RTSS: using 0edfb3f0978a2915ef74ad50734e28c8_FS for Pass 0 of 'rigsofrods/WallpaperMat'
06:19:36: RTSS: using e73c7192a801d65a4bc4b8996fe43f7a_VS for Pass 0 of 'ImGui/material'
06:19:36: RTSS: using 837f3874c816f8f40226deb62182ebb1_FS for Pass 0 of 'ImGui/material'
06:19:36: RTSS: using 8340a5709a0a468830c9eca28daa7d10_VS for Pass 0 of 'tracks/skyboxcol'
06:19:36: RTSS: using b8e0864820f7d44e58234ec701b0db12_FS for Pass 0 of 'tracks/skyboxcol'
06:19:36: [RoR|PleaseWaitUI] <60%> Initializing Collision Subsystem
06:19:36: [RoR|PleaseWaitUI] <75%> Initializing Script Subsystem
06:19:36: [RoR|Scripting|LocalStorage]Error reading file 'raceTimes.asdata' (resource group 'Cache'), message: 'FileNotFoundException: Cannot locate resource raceTimes.asdata in resource group Cache. in ResourceGroupManager::openResource at ogre3d-14.5.2/OgreMain/src/OgreResourceGroupManager.cpp (line 560)'
06:19:36: [RoR|PleaseWaitUI] <77%> Initializing Water Subsystem
06:19:36: [RoR|PleaseWaitUI] <80%> Loading Terrain Objects
06:19:36: Mesh: Loading arbolesmanzanaplazaQr.mesh.
06:19:36: Warning: arbolesmanzanaplazaQr.mesh uses an old format [MeshSerializer_v1.40]; upgrade with the OgreMeshUpgrader tool
06:19:36: Texture 'arbol1.png': Loading 1 faces(PF_A8R8G8B8,215x245x1) with 5 hardware generated mipmaps from Image. Internal format is PF_A8R8G8B8,215x245x1.
06:19:36: Texture 'arbol2.png': Loading 1 faces(PF_A8R8G8B8,230x256x1) with 5 hardware generated mipmaps from Image. Internal format is PF_A8R8G8B8,230x256x1.
06:19:36: Texture 'arbol3.png': Loading 1 faces(PF_A8R8G8B8,230x250x1) with 5 hardware generated mipmaps from Image. Internal format is PF_A8R8G8B8,230x250x1.
06:19:36: Mesh: Loading manzanaUarbolesQr.mesh.
06:19:36: Warning: manzanaUarbolesQr.mesh uses an old format [MeshSerializer_v1.40]; upgrade with the OgreMeshUpgrader tool
06:19:36: Mesh: Loading arbol1Qr.mesh.
06:19:36: Warning: arbol1Qr.mesh uses an old format [MeshSerializer_v1.40]; upgrade with the OgreMeshUpgrader tool
06:19:36: Mesh: Loading arbolesparauniversidadQr.mesh.
06:19:36: Warning: arbolesparauniversidadQr.mesh uses an old format [MeshSerializer_v1.40]; upgrade with the OgreMeshUpgrader tool
06:19:36: Mesh: Loading arbolesparaelparqueQr.mesh.
06:19:36: Warning: arbolesparaelparqueQr.mesh uses an old format [MeshSerializer_v1.40]; upgrade with the OgreMeshUpgrader tool
06:19:36: Mesh: Loading arbolesparamanzanacuadrupleQr.mesh.
06:19:36: Warning: arbolesparamanzanacuadrupleQr.mesh uses an old format [MeshSerializer_v1.40]; upgrade with the OgreMeshUpgrader tool
06:19:36: Mesh: Loading arbolesparadistribuidorcapitalQr.mesh.
06:19:36: Warning: arbolesparadistribuidorcapitalQr.mesh uses an old format [MeshSerializer_v1.40]; upgrade with the OgreMeshUpgrader tool
06:19:36: Texture 'ficus4.png': Loading 1 faces(PF_A8R8G8B8,256x322x1) with 5 hardware generated mipmaps from Image. Internal format is PF_A8R8G8B8,256x322x1.
06:19:36: Texture 'ficus6.png': Loading 1 faces(PF_A8R8G8B8,467x665x1) with 5 hardware generated mipmaps from Image. Internal format is PF_A8R8G8B8,467x665x1.
06:19:36: Mesh: Loading arbolesparafraccionamientoAQr.mesh.
06:19:36: Warning: arbolesparafraccionamientoAQr.mesh uses an old format [MeshSerializer_v1.40]; upgrade with the OgreMeshUpgrader tool
06:19:36: Mesh: Loading arbolesparamanzanatripleQr.mesh.
06:19:36: Warning: arbolesparamanzanatripleQr.mesh uses an old format [MeshSerializer_v1.40]; upgrade with the OgreMeshUpgrader tool
06:19:36: Mesh: Loading arbolesparafraccionamientoBQr.mesh.
06:19:36: Warning: arbolesparafraccionamientoBQr.mesh uses an old format [MeshSerializer_v1.40]; upgrade with the OgreMeshUpgrader tool
06:19:36: Mesh: Loading arbolesparafraccionamientoCQr.mesh.
06:19:36: Warning: arbolesparafraccionamientoCQr.mesh uses an old format [MeshSerializer_v1.40]; upgrade with the OgreMeshUpgrader tool
06:19:36: Mesh: Loading arbolesparafraccionamientoDQr.mesh.
06:19:36: Warning: arbolesparafraccionamientoDQr.mesh uses an old format [MeshSerializer_v1.40]; upgrade with the OgreMeshUpgrader tool
06:19:36: Mesh: Loading arbolesparafraccionamientoGQr.mesh.
06:19:36: Warning: arbolesparafraccionamientoGQr.mesh uses an old format [MeshSerializer_v1.40]; upgrade with the OgreMeshUpgrader tool
06:19:36: Mesh: Loading arbolesparaautodromoQr.mesh.
06:19:36: Warning: arbolesparaautodromoQr.mesh uses an old format [MeshSerializer_v1.40]; upgrade with the OgreMeshUpgrader tool
06:19:36: Mesh: Loading aeropuertointernacionalQr.mesh.
06:19:36: [RoR|ContentManager|LegacyMaterialResolver] Material 'jean_blue' in mesh 'aeropuertointernacionalQr.mesh' group '{bundle USER:/mods/CityWorldNextLocalOverlay.zip}' resolved to 'RoR/LegacyMaterialFallback/ebeac2f0204f/a8de09d0f348373c' via generated lit fallback (archive_sha256=ebeac2f0204f25ca1955f29ca1583b2afa4517a3a848feb1db203814acac2ef3)
06:19:36: Warning: aeropuertointernacionalQr.mesh uses an old format [MeshSerializer_v1.40]; upgrade with the OgreMeshUpgrader tool
06:19:36: Texture 'adocretos.png': Loading 1 faces(PF_R8G8B8,200x200x1) with 5 hardware generated mipmaps from Image. Internal format is PF_R8G8B8,200x200x1.
06:19:36: Texture 'concreto.png': Loading 1 faces(PF_R8G8B8,600x511x1) with 5 hardware generated mipmaps from Image. Internal format is PF_R8G8B8,600x511x1.
06:19:36: Texture 'pavimento.jpg': Loading 1 faces(PF_R8G8B8,600x600x1) with 5 hardware generated mipmaps from Image. Internal format is PF_R8G8B8,600x600x1.
06:19:36: Texture 'granitoflameado.jpg': Loading 1 faces(PF_R8G8B8,500x500x1) with 5 hardware generated mipmaps from Image. Internal format is PF_R8G8B8,500x500x1.
06:19:36: Texture 'prado.jpg': Loading 1 faces(PF_R8G8B8,600x511x1) with 5 hardware generated mipmaps from Image. Internal format is PF_R8G8B8,600x511x1.
06:19:36: Texture 'ventanasA4.png': Loading 1 faces(PF_R8G8B8,783x324x1) with 5 hardware generated mipmaps from Image. Internal format is PF_R8G8B8,783x324x1.
06:19:36: Texture 'ventanas4.png': Loading 1 faces(PF_A8R8G8B8,783x324x1) with 5 hardware generated mipmaps from Image. Internal format is PF_A8R8G8B8,783x324x1.
06:19:36: Texture 'Cielo.jpg': Loading 1 faces(PF_R8G8B8,320x240x1) with 5 hardware generated mipmaps from Image. Internal format is PF_R8G8B8,320x240x1.
06:19:36: Texture 'pisoconmotivosdemarmol.jpg': Loading 1 faces(PF_R8G8B8,200x200x1) with 5 hardware generated mipmaps from Image. Internal format is PF_R8G8B8,200x200x1.
06:19:36: Texture 'granitogrisobscuro.jpg': Loading 1 faces(PF_R8G8B8,261x70x1) with 5 hardware generated mipmaps from Image. Internal format is PF_R8G8B8,261x70x1.
06:19:36: Texture 'plafonmarmolina.jpg': Loading 1 faces(PF_R8G8B8,407x409x1) with 5 hardware generated mipmaps from Image. Internal format is PF_R8G8B8,407x409x1.
06:19:36: Texture 'pistaaeropuerto.JPG': Loading 1 faces(PF_R8G8B8,3430x256x1) with 5 hardware generated mipmaps from Image. Internal format is PF_R8G8B8,3430x256x1.
06:19:36: Texture 'rejas.png': Loading 1 faces(PF_A8R8G8B8,388x220x1) with 5 hardware generated mipmaps from Image. Internal format is PF_A8R8G8B8,388x220x1.
06:19:36: Mesh: Loading topeQr.mesh.
06:19:36: Warning: topeQr.mesh uses an old format [MeshSerializer_v1.40]; upgrade with the OgreMeshUpgrader tool
06:19:36: Texture 'reductordevelocidad.jpg': Loading 1 faces(PF_R8G8B8,170x782x1) with 5 hardware generated mipmaps from Image. Internal format is PF_R8G8B8,170x782x1.
06:19:36: Texture 'reductordevelocidad.png': Loading 1 faces(PF_A8R8G8B8,170x782x1) with 5 hardware generated mipmaps from Image. Internal format is PF_A8R8G8B8,170x782x1.
06:19:36: Mesh: Loading astabandera.mesh.
06:19:36: Warning: astabandera.mesh uses an old format [MeshSerializer_v1.40]; upgrade with the OgreMeshUpgrader tool
06:19:36: Texture 'luminariaQrposte.jpg': Loading 1 faces(PF_R8G8B8,24x24x1) with 4 hardware generated mipmaps from Image. Internal format is PF_R8G8B8,24x24x1.
06:19:36: Texture 'luminariaQrbase.jpg': Loading 1 faces(PF_R8G8B8,100x100x1) with 5 hardware generated mipmaps from Image. Internal format is PF_R8G8B8,100x100x1.
06:19:36: Texture 'banderademexico.jpg': Loading 1 faces(PF_R8G8B8,281x180x1) with 5 hardware generated mipmaps from Image. Internal format is PF_R8G8B8,281x180x1.
06:19:36: Mesh: Loading crucemixtotQr.mesh.
06:19:36: Warning: crucemixtotQr.mesh uses an old format [MeshSerializer_v1.40]; upgrade with the OgreMeshUpgrader tool
06:19:36: Texture 'calledoblesentido.jpg': Loading 1 faces(PF_R8G8B8,600x600x1) with 5 hardware generated mipmaps from Image. Internal format is PF_R8G8B8,600x600x1.
06:19:36: Texture 'calleunsolosentido.jpg': Loading 1 faces(PF_R8G8B8,600x600x1) with 5 hardware generated mipmaps from Image. Internal format is PF_R8G8B8,600x600x1.
06:19:36: Texture 'calleestrecha.jpg': Loading 1 faces(PF_R8G8B8,600x300x1) with 5 hardware generated mipmaps from Image. Internal format is PF_R8G8B8,600x300x1.
06:19:36: Mesh: Loading crucemixtotQr_clod_200.mesh.
06:19:36: Warning: crucemixtotQr_clod_200.mesh uses an old format [MeshSerializer_v1.40]; upgrade with the OgreMeshUpgrader tool
06:19:36: Mesh: Loading crucemixtotQrCol.mesh.
06:19:36: Warning: crucemixtotQrCol.mesh uses an old format [MeshSerializer_v1.40]; upgrade with the OgreMeshUpgrader tool
06:19:36: Mesh: Loading crucesimpletQr.mesh.
06:19:36: Warning: crucesimpletQr.mesh uses an old format [MeshSerializer_v1.40]; upgrade with the OgreMeshUpgrader tool
06:19:36: Mesh: Loading crucesimpletQr_clod_200.mesh.
06:19:36: Warning: crucesimpletQr_clod_200.mesh uses an old format [MeshSerializer_v1.40]; upgrade with the OgreMeshUpgrader tool
06:19:36: Mesh: Loading crucesimpletQrCol.mesh.
06:19:36: Warning: crucesimpletQrCol.mesh uses an old format [MeshSerializer_v1.40]; upgrade with the OgreMeshUpgrader tool
06:19:36: Mesh: Loading cruceTQr.mesh.
06:19:36: Warning: cruceTQr.mesh uses an old format [MeshSerializer_v1.40]; upgrade with the OgreMeshUpgrader tool
06:19:36: Mesh: Loading cruceTQr_clod_200.mesh.
06:19:36: Warning: cruceTQr_clod_200.mesh uses an old format [MeshSerializer_v1.40]; upgrade with the OgreMeshUpgrader tool
06:19:36: Mesh: Loading cruceTQrCol.mesh.
06:19:36: Warning: cruceTQrCol.mesh uses an old format [MeshSerializer_v1.40]; upgrade with the OgreMeshUpgrader tool
06:19:36: Mesh: Loading crucemixtoXQr.mesh.
06:19:36: Warning: crucemixtoXQr.mesh uses an old format [MeshSerializer_v1.40]; upgrade with the OgreMeshUpgrader tool
06:19:36: Mesh: Loading crucemixtoXQr_clod_200.mesh.
06:19:36: Warning: crucemixtoXQr_clod_200.mesh uses an old format [MeshSerializer_v1.40]; upgrade with the OgreMeshUpgrader tool
06:19:36: Mesh: Loading crucemixtoXQrCol.mesh.
06:19:36: Warning: crucemixtoXQrCol.mesh uses an old format [MeshSerializer_v1.40]; upgrade with the OgreMeshUpgrader tool
06:19:36: Mesh: Loading crucesimpleQr.mesh.
06:19:36: Warning: crucesimpleQr.mesh uses an old format [MeshSerializer_v1.40]; upgrade with the OgreMeshUpgrader tool
06:19:36: Mesh: Loading crucesimpleQr_clod_200.mesh.
06:19:36: Warning: crucesimpleQr_clod_200.mesh uses an old format [MeshSerializer_v1.40]; upgrade with the OgreMeshUpgrader tool
06:19:36: Mesh: Loading crucesimpleQrCol.mesh.
06:19:36: Warning: crucesimpleQrCol.mesh uses an old format [MeshSerializer_v1.40]; upgrade with the OgreMeshUpgrader tool
06:19:36: Mesh: Loading semaforo1TQr1.mesh.
06:19:36: [RoR|ContentManager|LegacyMaterialResolver] Material 'cromo' in mesh 'semaforo1TQr1.mesh' group '{bundle USER:/mods/CityWorldNextLocalOverlay.zip}' resolved to 'RoR/LegacyMaterialFallback/ebeac2f0204f/0c3d529f0a019d0d' via generated lit fallback (archive_sha256=ebeac2f0204f25ca1955f29ca1583b2afa4517a3a848feb1db203814acac2ef3)
06:19:36: Warning: semaforo1TQr1.mesh uses an old format [MeshSerializer_v1.40]; upgrade with the OgreMeshUpgrader tool
06:19:36: Texture 'semafororojo1.png': Loading 1 faces(PF_R8G8B8,450x150x1) with 5 hardware generated mipmaps from Image. Internal format is PF_R8G8B8,450x150x1.
06:19:36: Texture 'semaforoverde1.png': Loading 1 faces(PF_R8G8B8,450x150x1) with 5 hardware generated mipmaps from Image. Internal format is PF_R8G8B8,450x150x1.
06:19:36: Texture 'semaforoamarillo1.png': Loading 1 faces(PF_R8G8B8,450x150x1) with 5 hardware generated mipmaps from Image. Internal format is PF_R8G8B8,450x150x1.
06:19:36: Texture 'semafororojo.png': Loading 1 faces(PF_A8R8G8B8,450x150x1) with 5 hardware generated mipmaps from Image. Internal format is PF_A8R8G8B8,450x150x1.
06:19:36: Texture 'semaforoverde.png': Loading 1 faces(PF_A8R8G8B8,450x150x1) with 5 hardware generated mipmaps from Image. Internal format is PF_A8R8G8B8,450x150x1.
06:19:36: Texture 'semaforoamarillo.png': Loading 1 faces(PF_A8R8G8B8,450x150x1) with 5 hardware generated mipmaps from Image. Internal format is PF_A8R8G8B8,450x150x1.
06:19:36: Texture 'semaforogris.png': Loading 1 faces(PF_R8G8B8,50x50x1) with 5 hardware generated mipmaps from Image. Internal format is PF_R8G8B8,50x50x1.
06:19:36: Texture 'semaforogris1.png': Loading 1 faces(PF_R8G8B8,50x50x1) with 5 hardware generated mipmaps from Image. Internal format is PF_R8G8B8,50x50x1.
06:19:36: Texture 'semaforogris2.png': Loading 1 faces(PF_R8G8B8,50x50x1) with 5 hardware generated mipmaps from Image. Internal format is PF_R8G8B8,50x50x1.
06:19:36: Error: env_map setting requires a 2d texture, but 'EnvironmentTexture' is not. Texture layer will be blank
06:19:36: Mesh: Loading semaforo1TQr1_clod_200.mesh.
06:19:36: Warning: semaforo1TQr1_clod_200.mesh uses an old format [MeshSerializer_v1.40]; upgrade with the OgreMeshUpgrader tool
06:19:36: Mesh: Loading semaforoQrCol.mesh.
06:19:36: Warning: semaforoQrCol.mesh uses an old format [MeshSerializer_v1.40]; upgrade with the OgreMeshUpgrader tool
06:19:36: Mesh: Loading semaforo2TQr.mesh.
06:19:36: Warning: semaforo2TQr.mesh uses an old format [MeshSerializer_v1.40]; upgrade with the OgreMeshUpgrader tool
06:19:36: Mesh: Loading semaforo2TQr_clod_200.mesh.
06:19:36: Warning: semaforo2TQr_clod_200.mesh uses an old format [MeshSerializer_v1.40]; upgrade with the OgreMeshUpgrader tool
06:19:36: Mesh: Loading semaforo3TQr.mesh.
06:19:36: Warning: semaforo3TQr.mesh uses an old format [MeshSerializer_v1.40]; upgrade with the OgreMeshUpgrader tool
06:19:36: Mesh: Loading semaforo3TQr_clod_200.mesh.
06:19:36: Warning: semaforo3TQr_clod_200.mesh uses an old format [MeshSerializer_v1.40]; upgrade with the OgreMeshUpgrader tool
06:19:36: Mesh: Loading semaforo1Qr.mesh.
06:19:36: Warning: semaforo1Qr.mesh uses an old format [MeshSerializer_v1.40]; upgrade with the OgreMeshUpgrader tool
06:19:36: Mesh: Loading semaforo1Qr_clod_200.mesh.
06:19:36: Warning: semaforo1Qr_clod_200.mesh uses an old format [MeshSerializer_v1.40]; upgrade with the OgreMeshUpgrader tool
06:19:36: Mesh: Loading semaforo2Qr.mesh.
06:19:36: Warning: semaforo2Qr.mesh uses an old format [MeshSerializer_v1.40]; upgrade with the OgreMeshUpgrader tool
06:19:36: Mesh: Loading semaforo2Qr_clod_200.mesh.
06:19:36: Warning: semaforo2Qr_clod_200.mesh uses an old format [MeshSerializer_v1.40]; upgrade with the OgreMeshUpgrader tool
06:19:36: Mesh: Loading semaforo3Qr.mesh.
06:19:36: Warning: semaforo3Qr.mesh uses an old format [MeshSerializer_v1.40]; upgrade with the OgreMeshUpgrader tool
06:19:36: Mesh: Loading semaforo3Qr_clod_200.mesh.
06:19:36: Warning: semaforo3Qr_clod_200.mesh uses an old format [MeshSerializer_v1.40]; upgrade with the OgreMeshUpgrader tool
06:19:36: Mesh: Loading semaforo4Qr.mesh.
06:19:36: Warning: semaforo4Qr.mesh uses an old format [MeshSerializer_v1.40]; upgrade with the OgreMeshUpgrader tool
06:19:36: Mesh: Loading semaforo4Qr_clod_200.mesh.
06:19:36: Warning: semaforo4Qr_clod_200.mesh uses an old format [MeshSerializer_v1.40]; upgrade with the OgreMeshUpgrader tool
06:19:36: Mesh: Loading centralcamioneraQr.mesh.
06:19:36: Warning: centralcamioneraQr.mesh uses an old format [MeshSerializer_v1.40]; upgrade with the OgreMeshUpgrader tool
06:19:36: Texture 'concretoconpasto.jpg': Loading 1 faces(PF_R8G8B8,40x1000x1) with 5 hardware generated mipmaps from Image. Internal format is PF_R8G8B8,40x1000x1.
06:19:36: Mesh: Loading centralcamioneraQrCol.mesh.
06:19:36: Warning: centralcamioneraQrCol.mesh uses an old format [MeshSerializer_v1.40]; upgrade with the OgreMeshUpgrader tool
06:19:36: Mesh: Loading parabusQr.mesh.
06:19:36: Warning: parabusQr.mesh uses an old format [MeshSerializer_v1.40]; upgrade with the OgreMeshUpgrader tool
06:19:36: Texture 'paradadeautobus.png': Loading 1 faces(PF_R8G8B8,500x500x1) with 5 hardware generated mipmaps from Image. Internal format is PF_R8G8B8,500x500x1.
06:19:36: Texture 'paradadeautobusencendida.png': Loading 1 faces(PF_A8R8G8B8,500x500x1) with 5 hardware generated mipmaps from Image. Internal format is PF_A8R8G8B8,500x500x1.
06:19:36: Texture 'bus.jpeg': Loading 1 faces(PF_R8G8B8,531x468x1) with 5 hardware generated mipmaps from Image. Internal format is PF_R8G8B8,531x468x1.
06:19:36: Mesh: Loading parabusQr_clod_50.mesh.
06:19:36: Warning: parabusQr_clod_50.mesh uses an old format [MeshSerializer_v1.40]; upgrade with the OgreMeshUpgrader tool
06:19:36: Mesh: Loading parabusQrCol.mesh.
06:19:36: Warning: parabusQrCol.mesh uses an old format [MeshSerializer_v1.40]; upgrade with the OgreMeshUpgrader tool
06:19:36: Mesh: Loading universidadQr.mesh.
06:19:36: Warning: universidadQr.mesh uses an old format [MeshSerializer_v1.40]; upgrade with the OgreMeshUpgrader tool
06:19:36: Texture 'pavimentoestacionamiento.jpg': Loading 1 faces(PF_R8G8B8,600x600x1) with 5 hardware generated mipmaps from Image. Internal format is PF_R8G8B8,600x600x1.
06:19:36: Texture 'ventanas1A.png': Loading 1 faces(PF_A8R8G8B8,724x257x1) with 5 hardware generated mipmaps from Image. Internal format is PF_A8R8G8B8,724x257x1.
06:19:36: Texture 'ventanas1.png': Loading 1 faces(PF_A8R8G8B8,724x257x1) with 5 hardware generated mipmaps from Image. Internal format is PF_A8R8G8B8,724x257x1.
06:19:36: Texture 'ventanasA3.png': Loading 1 faces(PF_R8G8B8,518x355x1) with 5 hardware generated mipmaps from Image. Internal format is PF_R8G8B8,518x355x1.
06:19:36: Texture 'ventanas3.png': Loading 1 faces(PF_A8R8G8B8,518x355x1) with 5 hardware generated mipmaps from Image. Internal format is PF_A8R8G8B8,518x355x1.
06:19:36: Texture 'ventanasA5.png': Loading 1 faces(PF_A8R8G8B8,556x267x1) with 5 hardware generated mipmaps from Image. Internal format is PF_A8R8G8B8,556x267x1.
06:19:36: Texture 'ventanas5.png': Loading 1 faces(PF_A8R8G8B8,556x267x1) with 5 hardware generated mipmaps from Image. Internal format is PF_A8R8G8B8,556x267x1.
06:19:36: Texture 'ventanasA6.png': Loading 1 faces(PF_A8R8G8B8,643x471x1) with 5 hardware generated mipmaps from Image. Internal format is PF_A8R8G8B8,643x471x1.
06:19:36: Texture 'ventanas6.png': Loading 1 faces(PF_A8R8G8B8,643x471x1) with 5 hardware generated mipmaps from Image. Internal format is PF_A8R8G8B8,643x471x1.
06:19:36: Texture 'detalle-concreto-azul.jpg': Loading 1 faces(PF_R8G8B8,600x511x1) with 5 hardware generated mipmaps from Image. Internal format is PF_R8G8B8,600x511x1.
06:19:36: Texture 'detalle-concreto-rojo.jpg': Loading 1 faces(PF_R8G8B8,600x511x1) with 5 hardware generated mipmaps from Image. Internal format is PF_R8G8B8,600x511x1.
06:19:36: Mesh: Loading universidadQrCol.mesh.
06:19:36: Warning: universidadQrCol.mesh uses an old format [MeshSerializer_v1.40]; upgrade with the OgreMeshUpgrader tool
06:19:36: Mesh: Loading gasolineraconzonadedescansoQr.mesh.
06:19:36: Warning: gasolineraconzonadedescansoQr.mesh uses an old format [MeshSerializer_v1.40]; upgrade with the OgreMeshUpgrader tool
06:19:36: Texture 'Pemex.jpg': Loading 1 faces(PF_R8G8B8,519x30x1) with 5 hardware generated mipmaps from Image. Internal format is PF_R8G8B8,519x30x1.
06:19:36: Texture 'logospemex.jpg': Loading 1 faces(PF_R8G8B8,500x954x1) with 5 hardware generated mipmaps from Image. Internal format is PF_R8G8B8,500x954x1.
06:19:36: Texture 'oxxofachada.jpg': Loading 1 faces(PF_R8G8B8,500x130x1) with 5 hardware generated mipmaps from Image. Internal format is PF_R8G8B8,500x130x1.
06:19:36: Texture 'oxxofachadaencendida.png': Loading 1 faces(PF_A8R8G8B8,500x130x1) with 5 hardware generated mipmaps from Image. Internal format is PF_A8R8G8B8,500x130x1.
06:19:36: Texture 'bombapemex.jpg': Loading 1 faces(PF_R8G8B8,284x562x1) with 5 hardware generated mipmaps from Image. Internal format is PF_R8G8B8,284x562x1.
06:19:36: Texture 'bombapemexencendida.png': Loading 1 faces(PF_A8R8G8B8,284x562x1) with 5 hardware generated mipmaps from Image. Internal format is PF_A8R8G8B8,284x562x1.
06:19:36: Mesh: Loading gasolineraconzonadedescansoQr_clod_200.mesh.
06:19:36: Warning: gasolineraconzonadedescansoQr_clod_200.mesh uses an old format [MeshSerializer_v1.40]; upgrade with the OgreMeshUpgrader tool
06:19:36: Mesh: Loading gasolineraconzonadedescansoQrCol.mesh.
06:19:36: Warning: gasolineraconzonadedescansoQrCol.mesh uses an old format [MeshSerializer_v1.40]; upgrade with the OgreMeshUpgrader tool
06:19:36: Mesh: Loading ColegioPorfirioCadena.mesh.
06:19:36: Warning: ColegioPorfirioCadena.mesh uses an old format [MeshSerializer_v1.40]; upgrade with the OgreMeshUpgrader tool
06:19:36: Texture 'colegioporfiriocadenamonolito.jpg': Loading 1 faces(PF_R8G8B8,400x250x1) with 5 hardware generated mipmaps from Image. Internal format is PF_R8G8B8,400x250x1.
06:19:36: Texture 'ventanas7A.png': Loading 1 faces(PF_A8R8G8B8,708x338x1) with 5 hardware generated mipmaps from Image. Internal format is PF_A8R8G8B8,708x338x1.
06:19:36: Texture 'ventanas7.png': Loading 1 faces(PF_A8R8G8B8,708x338x1) with 5 hardware generated mipmaps from Image. Internal format is PF_A8R8G8B8,708x338x1.
06:19:36: Mesh: Loading ColegioPorfirioCadenaCol.mesh.
06:19:36: Warning: ColegioPorfirioCadenaCol.mesh uses an old format [MeshSerializer_v1.40]; upgrade with the OgreMeshUpgrader tool
06:19:36: Mesh: Loading Wreckmasters.mesh.
06:19:36: Warning: Wreckmasters.mesh uses an old format [MeshSerializer_v1.40]; upgrade with the OgreMeshUpgrader tool
06:19:36: Texture 'Wreckmastertowinglogo.jpg': Loading 1 faces(PF_R8G8B8,990x477x1) with 5 hardware generated mipmaps from Image. Internal format is PF_R8G8B8,990x477x1.
06:19:36: Texture 'incrustacionesdegranito.jpg': Loading 1 faces(PF_R8G8B8,130x257x1) with 5 hardware generated mipmaps from Image. Internal format is PF_R8G8B8,130x257x1.
06:19:36: Texture 'ventanasWreckmaster.jpg': Loading 1 faces(PF_R8G8B8,765x150x1) with 5 hardware generated mipmaps from Image. Internal format is PF_R8G8B8,765x150x1.
06:19:36: Texture 'fraseWreckmaster.jpg': Loading 1 faces(PF_R8G8B8,284x134x1) with 5 hardware generated mipmaps from Image. Internal format is PF_R8G8B8,284x134x1.
06:19:36: Mesh: Loading WreckmastersCol.mesh.
06:19:36: Warning: WreckmastersCol.mesh uses an old format [MeshSerializer_v1.40]; upgrade with the OgreMeshUpgrader tool
06:19:36: Mesh: Loading manzanatripleQr.mesh.
06:19:36: Warning: manzanatripleQr.mesh uses an old format [MeshSerializer_v1.40]; upgrade with the OgreMeshUpgrader tool
06:19:36: Texture 'ventanas2A.png': Loading 1 faces(PF_A8R8G8B8,774x761x1) with 5 hardware generated mipmaps from Image. Internal format is PF_A8R8G8B8,774x761x1.
06:19:36: Texture 'ventanas2.png': Loading 1 faces(PF_A8R8G8B8,774x761x1) with 5 hardware generated mipmaps from Image. Internal format is PF_A8R8G8B8,774x761x1.
06:19:36: Texture 'departamentodepolicia.jpg': Loading 1 faces(PF_R8G8B8,382x100x1) with 5 hardware generated mipmaps from Image. Internal format is PF_R8G8B8,382x100x1.
06:19:36: Mesh: Loading manzanatripleQrCol.mesh.
06:19:36: Warning: manzanatripleQrCol.mesh uses an old format [MeshSerializer_v1.40]; upgrade with the OgreMeshUpgrader tool
06:19:36: Mesh: Loading manzanaseptupleQr.mesh.
06:19:36: Warning: manzanaseptupleQr.mesh uses an old format [MeshSerializer_v1.40]; upgrade with the OgreMeshUpgrader tool
06:19:36: Texture 'rojotexturizado.jpg': Loading 1 faces(PF_R8G8B8,100x100x1) with 5 hardware generated mipmaps from Image. Internal format is PF_R8G8B8,100x100x1.
06:19:36: Error: env_map setting requires a 2d texture, but 'EnvironmentTexture' is not. Texture layer will be blank
06:19:36: Texture 'HCB.jpg': Loading 1 faces(PF_R8G8B8,520x30x1) with 5 hardware generated mipmaps from Image. Internal format is PF_R8G8B8,520x30x1.
06:19:36: Mesh: Loading manzanaseptupleQrCol.mesh.
06:19:36: Warning: manzanaseptupleQrCol.mesh uses an old format [MeshSerializer_v1.40]; upgrade with the OgreMeshUpgrader tool
06:19:36: Mesh: Loading cuadrante1Qr.mesh.
06:19:36: Warning: cuadrante1Qr.mesh uses an old format [MeshSerializer_v1.40]; upgrade with the OgreMeshUpgrader tool
06:19:36: Texture 'hotelneoqueretaroletras.jpg': Loading 1 faces(PF_R8G8B8,700x130x1) with 5 hardware generated mipmaps from Image. Internal format is PF_R8G8B8,700x130x1.
06:19:36: Mesh: Loading cuadrante1QrCol.mesh.
06:19:36: Warning: cuadrante1QrCol.mesh uses an old format [MeshSerializer_v1.40]; upgrade with the OgreMeshUpgrader tool
06:19:36: Mesh: Loading manzanaUQr.mesh.
06:19:36: Warning: manzanaUQr.mesh uses an old format [MeshSerializer_v1.40]; upgrade with the OgreMeshUpgrader tool
06:19:36: Mesh: Loading manzanaUQrCol.mesh.
06:19:36: Warning: manzanaUQrCol.mesh uses an old format [MeshSerializer_v1.40]; upgrade with the OgreMeshUpgrader tool
06:19:36: Mesh: Loading manzanacentralQr.mesh.
06:19:36: Warning: manzanacentralQr.mesh uses an old format [MeshSerializer_v1.40]; upgrade with the OgreMeshUpgrader tool
06:19:36: Texture 'centrocivicoletras.jpg': Loading 1 faces(PF_R8G8B8,396x26x1) with 5 hardware generated mipmaps from Image. Internal format is PF_R8G8B8,396x26x1.
06:19:36: Texture 'bancoletras.jpg': Loading 1 faces(PF_R8G8B8,352x57x1) with 5 hardware generated mipmaps from Image. Internal format is PF_R8G8B8,352x57x1.
06:19:36: Texture 'logobrt.png': Loading 1 faces(PF_R8G8B8,200x53x1) with 5 hardware generated mipmaps from Image. Internal format is PF_R8G8B8,200x53x1.
06:19:36: Mesh: Loading manzanacentralQrCol.mesh.
06:19:36: Warning: manzanacentralQrCol.mesh uses an old format [MeshSerializer_v1.40]; upgrade with the OgreMeshUpgrader tool
06:19:36: Mesh: Loading manzanacuadrupleQr.mesh.
06:19:36: Warning: manzanacuadrupleQr.mesh uses an old format [MeshSerializer_v1.40]; upgrade with the OgreMeshUpgrader tool
06:19:36: Texture 'cristalgrisobscuro.png': Loading 1 faces(PF_R8G8B8,100x100x1) with 5 hardware generated mipmaps from Image. Internal format is PF_R8G8B8,100x100x1.
06:19:36: Texture 'fachadasdetiendas.jpg': Loading 1 faces(PF_R8G8B8,901x469x1) with 5 hardware generated mipmaps from Image. Internal format is PF_R8G8B8,901x469x1.
06:19:36: Texture 'fachadasdetiendasencendidas.PNG': Loading 1 faces(PF_A8R8G8B8,901x469x1) with 5 hardware generated mipmaps from Image. Internal format is PF_A8R8G8B8,901x469x1.
06:19:36: Texture 'detalle-concreto-gris.jpg': Loading 1 faces(PF_R8G8B8,600x511x1) with 5 hardware generated mipmaps from Image. Internal format is PF_R8G8B8,600x511x1.
06:19:36: Mesh: Loading manzanacuadrupleQrCol.mesh.
06:19:36: Warning: manzanacuadrupleQrCol.mesh uses an old format [MeshSerializer_v1.40]; upgrade with the OgreMeshUpgrader tool
06:19:36: Mesh: Loading manzanaplazaQr.mesh.
06:19:36: Warning: manzanaplazaQr.mesh uses an old format [MeshSerializer_v1.40]; upgrade with the OgreMeshUpgrader tool
06:19:36: Texture 'logosplaza.jpg': Loading 1 faces(PF_R8G8B8,150x500x1) with 5 hardware generated mipmaps from Image. Internal format is PF_R8G8B8,150x500x1.
06:19:36: Mesh: Loading manzanaplazaQrCol.mesh.
06:19:36: Warning: manzanaplazaQrCol.mesh uses an old format [MeshSerializer_v1.40]; upgrade with the OgreMeshUpgrader tool
06:19:36: Mesh: Loading crucedistribuidorQr.mesh.
06:19:36: Warning: crucedistribuidorQr.mesh uses an old format [MeshSerializer_v1.40]; upgrade with the OgreMeshUpgrader tool
06:19:36: Mesh: Loading crucedistribuidorQrCol.mesh.
06:19:36: Warning: crucedistribuidorQrCol.mesh uses an old format [MeshSerializer_v1.40]; upgrade with the OgreMeshUpgrader tool
06:19:36: Mesh: Loading 5defebreroconezequielmontes.mesh.
06:19:36: Warning: 5defebreroconezequielmontes.mesh uses an old format [MeshSerializer_v1.40]; upgrade with the OgreMeshUpgrader tool
06:19:36: Texture '5defebreroconezequielmontez.jpg': Loading 1 faces(PF_R8G8B8,600x250x1) with 5 hardware generated mipmaps from Image. Internal format is PF_R8G8B8,600x250x1.
06:19:36: Mesh: Loading ezequielmontescon5defebrero.mesh.
06:19:36: Warning: ezequielmontescon5defebrero.mesh uses an old format [MeshSerializer_v1.40]; upgrade with the OgreMeshUpgrader tool
06:19:36: Texture 'ezequielmontezcon5defebrero.jpg': Loading 1 faces(PF_R8G8B8,600x250x1) with 5 hardware generated mipmaps from Image. Internal format is PF_R8G8B8,600x250x1.
06:19:36: Mesh: Loading constituyentescon5defebrero.mesh.
06:19:36: Warning: constituyentescon5defebrero.mesh uses an old format [MeshSerializer_v1.40]; upgrade with the OgreMeshUpgrader tool
06:19:36: Texture 'constituyentescon5defebrero.jpg': Loading 1 faces(PF_R8G8B8,600x250x1) with 5 hardware generated mipmaps from Image. Internal format is PF_R8G8B8,600x250x1.
06:19:36: Mesh: Loading 5defebreroconconstituyentes.mesh.
06:19:36: Warning: 5defebreroconconstituyentes.mesh uses an old format [MeshSerializer_v1.40]; upgrade with the OgreMeshUpgrader tool
06:19:36: Texture '5defebreroconconstituyentes.jpg': Loading 1 faces(PF_R8G8B8,600x250x1) with 5 hardware generated mipmaps from Image. Internal format is PF_R8G8B8,600x250x1.
06:19:36: Mesh: Loading ezequielmontesconcorregidora.mesh.
06:19:36: Warning: ezequielmontesconcorregidora.mesh uses an old format [MeshSerializer_v1.40]; upgrade with the OgreMeshUpgrader tool
06:19:36: Texture 'ezequielmontezconcorregidora.jpg': Loading 1 faces(PF_R8G8B8,600x250x1) with 5 hardware generated mipmaps from Image. Internal format is PF_R8G8B8,600x250x1.
06:19:36: Mesh: Loading corregidoraconezequielmontes.mesh.
06:19:36: Warning: corregidoraconezequielmontes.mesh uses an old format [MeshSerializer_v1.40]; upgrade with the OgreMeshUpgrader tool
06:19:36: Texture 'corregidoraconezequielmontez.jpg': Loading 1 faces(PF_R8G8B8,600x250x1) with 5 hardware generated mipmaps from Image. Internal format is PF_R8G8B8,600x250x1.
06:19:36: [ODEF] Could not find pantallaQr.odef in any resource group
06:19:36: Mesh: Loading telefonopublicoQr.mesh.
06:19:36: Warning: telefonopublicoQr.mesh uses an old format [MeshSerializer_v1.40]; upgrade with the OgreMeshUpgrader tool
06:19:36: Texture 'telefonopublico.png': Loading 1 faces(PF_A8R8G8B8,500x500x1) with 5 hardware generated mipmaps from Image. Internal format is PF_A8R8G8B8,500x500x1.
06:19:36: Mesh: Loading distribuidorcapitalQr.mesh.
06:19:36: Warning: distribuidorcapitalQr.mesh uses an old format [MeshSerializer_v1.40]; upgrade with the OgreMeshUpgrader tool
06:19:36: Texture 'pavimento4carriles.jpg': Loading 1 faces(PF_R8G8B8,560x2000x1) with 5 hardware generated mipmaps from Image. Internal format is PF_R8G8B8,560x2000x1.
06:19:36: Mesh: Loading distribuidorcapitalQrCol.mesh.
06:19:36: Warning: distribuidorcapitalQrCol.mesh uses an old format [MeshSerializer_v1.40]; upgrade with the OgreMeshUpgrader tool
06:19:36: Mesh: Loading hospitalgeneraldeNeoQueretaro.mesh.
06:19:36: Warning: hospitalgeneraldeNeoQueretaro.mesh uses an old format [MeshSerializer_v1.40]; upgrade with the OgreMeshUpgrader tool
06:19:36: Mesh: Loading hospitalgeneraldeNeoQueretaroCol.mesh.
06:19:36: Warning: hospitalgeneraldeNeoQueretaroCol.mesh uses an old format [MeshSerializer_v1.40]; upgrade with the OgreMeshUpgrader tool
06:19:36: Mesh: Loading precaucionQr.mesh.
06:19:36: Warning: precaucionQr.mesh uses an old format [MeshSerializer_v1.40]; upgrade with the OgreMeshUpgrader tool
06:19:36: Texture 'precaucion.png': Loading 1 faces(PF_R8G8B8,80x200x1) with 5 hardware generated mipmaps from Image. Internal format is PF_R8G8B8,80x200x1.
06:19:36: Mesh: Loading fraccionamientoAQr.mesh.
06:19:36: Warning: fraccionamientoAQr.mesh uses an old format [MeshSerializer_v1.40]; upgrade with the OgreMeshUpgrader tool
06:19:36: Texture 'ventana.png': Loading 1 faces(PF_R8G8B8,126x185x1) with 5 hardware generated mipmaps from Image. Internal format is PF_R8G8B8,126x185x1.
06:19:36: Texture 'puertademadera.jpg': Loading 1 faces(PF_R8G8B8,447x435x1) with 5 hardware generated mipmaps from Image. Internal format is PF_R8G8B8,447x435x1.
06:19:36: Mesh: Loading fraccionamientoAQr_clod_500.mesh.
06:19:36: Warning: fraccionamientoAQr_clod_500.mesh uses an old format [MeshSerializer_v1.40]; upgrade with the OgreMeshUpgrader tool
06:19:36: Mesh: Loading fraccionamientoAQrCol.mesh.
06:19:36: Warning: fraccionamientoAQrCol.mesh uses an old format [MeshSerializer_v1.40]; upgrade with the OgreMeshUpgrader tool
06:19:36: Mesh: Loading fraccionamientoBQr.mesh.
06:19:36: Warning: fraccionamientoBQr.mesh uses an old format [MeshSerializer_v1.40]; upgrade with the OgreMeshUpgrader tool
06:19:36: Texture 'detalle-concreto-morado.jpg': Loading 1 faces(PF_R8G8B8,600x511x1) with 5 hardware generated mipmaps from Image. Internal format is PF_R8G8B8,600x511x1.
06:19:36: Texture 'detalle-concreto-verde.jpg': Loading 1 faces(PF_R8G8B8,600x511x1) with 5 hardware generated mipmaps from Image. Internal format is PF_R8G8B8,600x511x1.
06:19:36: Mesh: Loading fraccionamientoBQr_clod_500.mesh.
06:19:36: Warning: fraccionamientoBQr_clod_500.mesh uses an old format [MeshSerializer_v1.40]; upgrade with the OgreMeshUpgrader tool
06:19:36: Mesh: Loading fraccionamientoBQrCol.mesh.
06:19:36: Warning: fraccionamientoBQrCol.mesh uses an old format [MeshSerializer_v1.40]; upgrade with the OgreMeshUpgrader tool
06:19:36: Mesh: Loading fraccionamientoCQr.mesh.
06:19:36: Warning: fraccionamientoCQr.mesh uses an old format [MeshSerializer_v1.40]; upgrade with the OgreMeshUpgrader tool
06:19:36: Texture 'detalle-concreto-violeta.jpg': Loading 1 faces(PF_R8G8B8,600x511x1) with 5 hardware generated mipmaps from Image. Internal format is PF_R8G8B8,600x511x1.
06:19:36: Texture 'detalle-concreto-cafe.jpg': Loading 1 faces(PF_R8G8B8,600x511x1) with 5 hardware generated mipmaps from Image. Internal format is PF_R8G8B8,600x511x1.
06:19:36: Mesh: Loading fraccionamientoCQr_clod_500.mesh.
06:19:36: Warning: fraccionamientoCQr_clod_500.mesh uses an old format [MeshSerializer_v1.40]; upgrade with the OgreMeshUpgrader tool
06:19:36: Mesh: Loading fraccionamientoCQrCol.mesh.
06:19:36: Warning: fraccionamientoCQrCol.mesh uses an old format [MeshSerializer_v1.40]; upgrade with the OgreMeshUpgrader tool
06:19:36: Mesh: Loading plantadeenergiasolarQr.mesh.
06:19:36: Warning: plantadeenergiasolarQr.mesh uses an old format [MeshSerializer_v1.40]; upgrade with the OgreMeshUpgrader tool
06:19:36: Texture 'seldasolar.jpg': Loading 1 faces(PF_R8G8B8,96x173x1) with 5 hardware generated mipmaps from Image. Internal format is PF_R8G8B8,96x173x1.
06:19:36: Mesh: Loading plantadeenergiasolarQr_clod_300.mesh.
06:19:36: Warning: plantadeenergiasolarQr_clod_300.mesh uses an old format [MeshSerializer_v1.40]; upgrade with the OgreMeshUpgrader tool
06:19:36: Mesh: Loading plantadeenergiasolarQrCol.mesh.
06:19:36: Warning: plantadeenergiasolarQrCol.mesh uses an old format [MeshSerializer_v1.40]; upgrade with the OgreMeshUpgrader tool
06:19:36: Mesh: Loading parroquiaQr.mesh.
06:19:36: Warning: parroquiaQr.mesh uses an old format [MeshSerializer_v1.40]; upgrade with the OgreMeshUpgrader tool
06:19:36: Mesh: Loading parroquiaQrCol.mesh.
06:19:36: Warning: parroquiaQrCol.mesh uses an old format [MeshSerializer_v1.40]; upgrade with the OgreMeshUpgrader tool
06:19:36: Mesh: Loading laford.mesh.
06:19:36: Warning: laford.mesh uses an old format [MeshSerializer_v1.40]; upgrade with the OgreMeshUpgrader tool
06:19:36: Texture 'fordlogo.jpg': Loading 1 faces(PF_R8G8B8,615x239x1) with 5 hardware generated mipmaps from Image. Internal format is PF_R8G8B8,615x239x1.
06:19:36: Texture 'ficus1.png': Loading 1 faces(PF_A8R8G8B8,129x201x1) with 5 hardware generated mipmaps from Image. Internal format is PF_A8R8G8B8,129x201x1.
06:19:36: Texture 'ficus2.png': Loading 1 faces(PF_A8R8G8B8,108x198x1) with 5 hardware generated mipmaps from Image. Internal format is PF_A8R8G8B8,108x198x1.
06:19:36: Texture 'ficus3.png': Loading 1 faces(PF_A8R8G8B8,106x196x1) with 5 hardware generated mipmaps from Image. Internal format is PF_A8R8G8B8,106x196x1.
06:19:36: Texture 'ficus5.png': Loading 1 faces(PF_A8R8G8B8,131x172x1) with 5 hardware generated mipmaps from Image. Internal format is PF_A8R8G8B8,131x172x1.
06:19:36: Mesh: Loading lafordCol.mesh.
06:19:36: Warning: lafordCol.mesh uses an old format [MeshSerializer_v1.40]; upgrade with the OgreMeshUpgrader tool
06:19:36: Mesh: Loading cementerioQr.mesh.
06:19:36: Warning: cementerioQr.mesh uses an old format [MeshSerializer_v1.40]; upgrade with the OgreMeshUpgrader tool
06:19:36: Mesh: Loading cementerioQr_clod_500.mesh.
06:19:36: Warning: cementerioQr_clod_500.mesh uses an old format [MeshSerializer_v1.40]; upgrade with the OgreMeshUpgrader tool
06:19:36: Mesh: Loading cementerioQrCol.mesh.
06:19:36: Warning: cementerioQrCol.mesh uses an old format [MeshSerializer_v1.40]; upgrade with the OgreMeshUpgrader tool
06:19:36: Mesh: Loading fraccionamientoDQr.mesh.
06:19:36: Warning: fraccionamientoDQr.mesh uses an old format [MeshSerializer_v1.40]; upgrade with the OgreMeshUpgrader tool
06:19:36: Mesh: Loading fraccionamientoDQr_clod_500.mesh.
06:19:36: Warning: fraccionamientoDQr_clod_500.mesh uses an old format [MeshSerializer_v1.40]; upgrade with the OgreMeshUpgrader tool
06:19:36: Mesh: Loading fraccionamientoDQrCol.mesh.
06:19:36: Warning: fraccionamientoDQrCol.mesh uses an old format [MeshSerializer_v1.40]; upgrade with the OgreMeshUpgrader tool
06:19:36: Mesh: Loading constituyentesconcorregidora.mesh.
06:19:36: Warning: constituyentesconcorregidora.mesh uses an old format [MeshSerializer_v1.40]; upgrade with the OgreMeshUpgrader tool
06:19:36: Texture 'contituyentesconcorregidora.jpg': Loading 1 faces(PF_R8G8B8,600x250x1) with 5 hardware generated mipmaps from Image. Internal format is PF_R8G8B8,600x250x1.
06:19:36: Mesh: Loading corregidoraconconstituyentes.mesh.
06:19:36: Warning: corregidoraconconstituyentes.mesh uses an old format [MeshSerializer_v1.40]; upgrade with the OgreMeshUpgrader tool
06:19:36: Texture 'corregidoraconconstituyentes.jpg': Loading 1 faces(PF_R8G8B8,600x250x1) with 5 hardware generated mipmaps from Image. Internal format is PF_R8G8B8,600x250x1.
06:19:36: Mesh: Loading distribuidorQr.mesh.
06:19:36: Warning: distribuidorQr.mesh uses an old format [MeshSerializer_v1.40]; upgrade with the OgreMeshUpgrader tool
06:19:36: Mesh: Loading distribuidorQrCol.mesh.
06:19:36: Warning: distribuidorQrCol.mesh uses an old format [MeshSerializer_v1.40]; upgrade with the OgreMeshUpgrader tool
06:19:36: Mesh: Loading distribuidorbicentenarioQr.mesh.
06:19:36: Warning: distribuidorbicentenarioQr.mesh uses an old format [MeshSerializer_v1.40]; upgrade with the OgreMeshUpgrader tool
06:19:37: Mesh: Loading distribuidorbicentenarioQrCol.mesh.
06:19:37: Warning: distribuidorbicentenarioQrCol.mesh uses an old format [MeshSerializer_v1.40]; upgrade with the OgreMeshUpgrader tool
06:19:37: Mesh: Loading autopistaQr.mesh.
06:19:37: Warning: autopistaQr.mesh uses an old format [MeshSerializer_v1.40]; upgrade with the OgreMeshUpgrader tool
06:19:37: Mesh: Loading ceresoQr.mesh.
06:19:37: Warning: ceresoQr.mesh uses an old format [MeshSerializer_v1.40]; upgrade with the OgreMeshUpgrader tool
06:19:37: Texture 'piedra.jpg': Loading 1 faces(PF_R8G8B8,1200x798x1) with 5 hardware generated mipmaps from Image. Internal format is PF_R8G8B8,1200x798x1.
06:19:37: Texture 'prefabricados.png': Loading 1 faces(PF_A8R8G8B8,512x260x1) with 5 hardware generated mipmaps from Image. Internal format is PF_A8R8G8B8,512x260x1.
06:19:37: Texture 'ventanascereso.jpg': Loading 1 faces(PF_R8G8B8,261x193x1) with 5 hardware generated mipmaps from Image. Internal format is PF_R8G8B8,261x193x1.
06:19:37: Texture 'puertacereso.jpg': Loading 1 faces(PF_R8G8B8,100x230x1) with 5 hardware generated mipmaps from Image. Internal format is PF_R8G8B8,100x230x1.
06:19:37: Mesh: Loading ceresoQrCol.mesh.
06:19:37: Warning: ceresoQrCol.mesh uses an old format [MeshSerializer_v1.40]; upgrade with the OgreMeshUpgrader tool
06:19:37: Mesh: Loading mundomundial.mesh.
06:19:37: Warning: mundomundial.mesh uses an old format [MeshSerializer_v1.40]; upgrade with the OgreMeshUpgrader tool
06:19:37: Texture 'proyeccionpolarsur.png': Loading 1 faces(PF_R8G8B8,510x510x1) with 5 hardware generated mipmaps from Image. Internal format is PF_R8G8B8,510x510x1.
06:19:37: Texture 'proyeccionpolarnorte.png': Loading 1 faces(PF_R8G8B8,482x482x1) with 5 hardware generated mipmaps from Image. Internal format is PF_R8G8B8,482x482x1.
06:19:37: Mesh: Loading mundomundial_clod_250.mesh.
06:19:37: Warning: mundomundial_clod_250.mesh uses an old format [MeshSerializer_v1.40]; upgrade with the OgreMeshUpgrader tool
06:19:37: Mesh: Loading edificioenconstruccionQr.mesh.
06:19:37: Warning: edificioenconstruccionQr.mesh uses an old format [MeshSerializer_v1.40]; upgrade with the OgreMeshUpgrader tool
06:19:37: Texture 'arsilla.jpg': Loading 1 faces(PF_R8G8B8,600x511x1) with 5 hardware generated mipmaps from Image. Internal format is PF_R8G8B8,600x511x1.
06:19:37: Texture 'mallaciclonica.png': Loading 1 faces(PF_A8R8G8B8,500x500x1) with 5 hardware generated mipmaps from Image. Internal format is PF_A8R8G8B8,500x500x1.
06:19:37: Mesh: Loading schoolbusdepot.mesh.
06:19:37: Warning: schoolbusdepot.mesh uses an old format [MeshSerializer_v1.40]; upgrade with the OgreMeshUpgrader tool
06:19:37: Texture 'tope.png': Loading 1 faces(PF_R8G8B8,500x100x1) with 5 hardware generated mipmaps from Image. Internal format is PF_R8G8B8,500x100x1.
06:19:37: Mesh: Loading schoolbusdepotCol.mesh.
06:19:37: Warning: schoolbusdepotCol.mesh uses an old format [MeshSerializer_v1.40]; upgrade with the OgreMeshUpgrader tool
06:19:37: Mesh: Loading fraccionamientoEQr.mesh.
06:19:37: Warning: fraccionamientoEQr.mesh uses an old format [MeshSerializer_v1.40]; upgrade with the OgreMeshUpgrader tool
06:19:37: Mesh: Loading fraccionamientoEQr_clod_500.mesh.
06:19:37: Warning: fraccionamientoEQr_clod_500.mesh uses an old format [MeshSerializer_v1.40]; upgrade with the OgreMeshUpgrader tool
06:19:37: Mesh: Loading fraccionamientoEQrCol.mesh.
06:19:37: Warning: fraccionamientoEQrCol.mesh uses an old format [MeshSerializer_v1.40]; upgrade with the OgreMeshUpgrader tool
06:19:37: Mesh: Loading truckshop.mesh.
06:19:37: Texture 'truckshopdiffuse.dds': Loading 1 faces(PF_DXT1,1024x1024x1) with 5 hardware generated mipmaps from Image. Internal format is PF_DXT1,1024x1024x1.
06:19:37: Mesh: Loading truckshopcol.mesh.
06:19:37: Can't assign material to SubMesh of 'truckshopcol.mesh'. Material 'Material.001' not found in group 'MeshesRG'. Have you forgotten to define it in a .material script?
06:19:37: Mesh: Loading load-spawner.mesh.
06:19:37: Texture 'load-spawner.dds': Loading 1 faces(PF_DXT1,1024x1024x1) with 5 custom mipmaps from Image. Internal format is PF_DXT1,1024x1024x1.
06:19:37: Mesh: Loading CCCNQ.mesh.
06:19:37: Warning: CCCNQ.mesh uses an old format [MeshSerializer_v1.40]; upgrade with the OgreMeshUpgrader tool
06:19:37: Texture 'luzantenaapagada.png': Loading 1 faces(PF_A8R8G8B8,100x100x1) with 5 hardware generated mipmaps from Image. Internal format is PF_A8R8G8B8,100x100x1.
06:19:37: Texture 'luzantenaencendida.png': Loading 1 faces(PF_A8R8G8B8,100x100x1) with 5 hardware generated mipmaps from Image. Internal format is PF_A8R8G8B8,100x100x1.
06:19:37: Mesh: Loading mapaQr.mesh.
06:19:37: Warning: mapaQr.mesh uses an old format [MeshSerializer_v1.40]; upgrade with the OgreMeshUpgrader tool
06:19:37: Texture 'mapa.png': Loading 1 faces(PF_A8R8G8B8,1331x768x1) with 5 hardware generated mipmaps from Image. Internal format is PF_A8R8G8B8,1331x768x1.
06:19:37: Mesh: Loading crucepeatonalqr.mesh.
06:19:37: Warning: crucepeatonalqr.mesh uses an old format [MeshSerializer_v1.40]; upgrade with the OgreMeshUpgrader tool
06:19:37: Texture 'crucepeatonal.jpg': Loading 1 faces(PF_R8G8B8,360x783x1) with 5 hardware generated mipmaps from Image. Internal format is PF_R8G8B8,360x783x1.
06:19:37: Texture 'crucepeatonal.png': Loading 1 faces(PF_A8R8G8B8,360x783x1) with 5 hardware generated mipmaps from Image. Internal format is PF_A8R8G8B8,360x783x1.
06:19:37: Mesh: Loading parqueQr.mesh.
06:19:37: [RoR|ContentManager|LegacyMaterialResolver] Material 'SketchupDefault' in mesh 'parqueQr.mesh' group '{bundle USER:/mods/CityWorldNextLocalOverlay.zip}' resolved to 'RoR/LegacyMaterialFallback/ebeac2f0204f/34d527eb19195a41' via generated lit fallback (archive_sha256=ebeac2f0204f25ca1955f29ca1583b2afa4517a3a848feb1db203814acac2ef3)
06:19:37: Warning: parqueQr.mesh uses an old format [MeshSerializer_v1.40]; upgrade with the OgreMeshUpgrader tool
06:19:37: Texture 'agua.jpg': Loading 1 faces(PF_R8G8B8,225x225x1) with 5 hardware generated mipmaps from Image. Internal format is PF_R8G8B8,225x225x1.
06:19:37: Mesh: Loading parqueQrCol.mesh.
06:19:37: Warning: parqueQrCol.mesh uses an old format [MeshSerializer_v1.40]; upgrade with the OgreMeshUpgrader tool
06:19:37: Mesh: Loading fraccionamientoGQr.mesh.
06:19:37: Warning: fraccionamientoGQr.mesh uses an old format [MeshSerializer_v1.40]; upgrade with the OgreMeshUpgrader tool
06:19:37: Mesh: Loading fraccionamientoGQrCol.mesh.
06:19:37: Warning: fraccionamientoGQrCol.mesh uses an old format [MeshSerializer_v1.40]; upgrade with the OgreMeshUpgrader tool
06:19:37: Mesh: Loading retornoQr.mesh.
06:19:37: Warning: retornoQr.mesh uses an old format [MeshSerializer_v1.40]; upgrade with the OgreMeshUpgrader tool
06:19:37: Mesh: Loading limitedevelocidad4060Qr.mesh.
06:19:37: Warning: limitedevelocidad4060Qr.mesh uses an old format [MeshSerializer_v1.40]; upgrade with the OgreMeshUpgrader tool
06:19:37: Texture 'limitedevelocidad60.png': Loading 1 faces(PF_R8G8B8,100x100x1) with 5 hardware generated mipmaps from Image. Internal format is PF_R8G8B8,100x100x1.
06:19:37: Texture 'limitedevelocidad40.png': Loading 1 faces(PF_R8G8B8,100x100x1) with 5 hardware generated mipmaps from Image. Internal format is PF_R8G8B8,100x100x1.
06:19:37: Mesh: Loading limitedevelocidad4060Qr_clod_300.mesh.
06:19:37: Warning: limitedevelocidad4060Qr_clod_300.mesh uses an old format [MeshSerializer_v1.40]; upgrade with the OgreMeshUpgrader tool
06:19:37: Mesh: Loading hangar.mesh.
06:19:37: Texture 'hangarskindiffuse.dds': Loading 1 faces(PF_DXT5,1024x1024x1) with 5 hardware generated mipmaps from Image. Internal format is PF_DXT5,1024x1024x1.
06:19:37: Mesh: Loading hangarcol.mesh.
06:19:37: Mesh: Loading salidadeautopistaQr.mesh.
06:19:37: Warning: salidadeautopistaQr.mesh uses an old format [MeshSerializer_v1.40]; upgrade with the OgreMeshUpgrader tool
06:19:37: Mesh: Loading salidadeautopistaQrCol.mesh.
06:19:37: Warning: salidadeautopistaQrCol.mesh uses an old format [MeshSerializer_v1.40]; upgrade with the OgreMeshUpgrader tool
06:19:37: Mesh: Loading carreteraautodromoQr.mesh.
06:19:37: Warning: carreteraautodromoQr.mesh uses an old format [MeshSerializer_v1.40]; upgrade with the OgreMeshUpgrader tool
06:19:37: Mesh: Loading carreteraautodromoQrCol.mesh.
06:19:37: Warning: carreteraautodromoQrCol.mesh uses an old format [MeshSerializer_v1.40]; upgrade with the OgreMeshUpgrader tool
06:19:37: Mesh: Loading estadioconspiradoresQr.mesh.
06:19:37: Warning: estadioconspiradoresQr.mesh uses an old format [MeshSerializer_v1.40]; upgrade with the OgreMeshUpgrader tool
06:19:37: Texture 'multitud.jpg': Loading 1 faces(PF_R8G8B8,1024x558x1) with 5 hardware generated mipmaps from Image. Internal format is PF_R8G8B8,1024x558x1.
06:19:37: Texture 'canchadefutbol.jpg': Loading 1 faces(PF_R8G8B8,450x600x1) with 5 hardware generated mipmaps from Image. Internal format is PF_R8G8B8,450x600x1.
06:19:37: Texture 'crstalesestadio.jpg': Loading 1 faces(PF_R8G8B8,126x185x1) with 5 hardware generated mipmaps from Image. Internal format is PF_R8G8B8,126x185x1.
06:19:37: Mesh: Loading letrerosenalamiento1Qr.mesh.
06:19:37: Warning: letrerosenalamiento1Qr.mesh uses an old format [MeshSerializer_v1.40]; upgrade with the OgreMeshUpgrader tool
06:19:37: Texture 'autodromoestadioprision.jpg': Loading 1 faces(PF_R8G8B8,700x250x1) with 5 hardware generated mipmaps from Image. Internal format is PF_R8G8B8,700x250x1.
06:19:37: Mesh: Loading autodromoQr.mesh.
06:19:37: Warning: autodromoQr.mesh uses an old format [MeshSerializer_v1.40]; upgrade with the OgreMeshUpgrader tool
06:19:37: Mesh: Loading autodromoQrCol.mesh.
06:19:37: Warning: autodromoQrCol.mesh uses an old format [MeshSerializer_v1.40]; upgrade with the OgreMeshUpgrader tool
06:19:37: Mesh: Loading luminariaQr.mesh.
06:19:37: Warning: luminariaQr.mesh uses an old format [MeshSerializer_v1.40]; upgrade with the OgreMeshUpgrader tool
06:19:37: Texture 'luminariaconboteparabasura.png': Loading 1 faces(PF_R8G8B8,500x500x1) with 5 hardware generated mipmaps from Image. Internal format is PF_R8G8B8,500x500x1.
06:19:37: Texture 'luminariaconboteparabasuraluz.png': Loading 1 faces(PF_A8R8G8B8,500x500x1) with 5 hardware generated mipmaps from Image. Internal format is PF_A8R8G8B8,500x500x1.
06:19:37: Mesh: Loading luminariaQr_clod_300.mesh.
06:19:37: Warning: luminariaQr_clod_300.mesh uses an old format [MeshSerializer_v1.40]; upgrade with the OgreMeshUpgrader tool
06:19:37: Mesh: Loading luminariaQr_clod_50.mesh.
06:19:37: Warning: luminariaQr_clod_50.mesh uses an old format [MeshSerializer_v1.40]; upgrade with the OgreMeshUpgrader tool
06:19:37: Mesh: Loading luminariaQr_clod_500.mesh.
06:19:37: Warning: luminariaQr_clod_500.mesh uses an old format [MeshSerializer_v1.40]; upgrade with the OgreMeshUpgrader tool
06:19:37: Mesh: Loading luminariaQrCol.mesh.
06:19:37: Warning: luminariaQrCol.mesh uses an old format [MeshSerializer_v1.40]; upgrade with the OgreMeshUpgrader tool
06:19:37: Mesh: Loading luminariaLQr.mesh.
06:19:37: Warning: luminariaLQr.mesh uses an old format [MeshSerializer_v1.40]; upgrade with the OgreMeshUpgrader tool
06:19:37: Mesh: Loading luminariaLQr_clod_300.mesh.
06:19:37: Warning: luminariaLQr_clod_300.mesh uses an old format [MeshSerializer_v1.40]; upgrade with the OgreMeshUpgrader tool
06:19:37: Mesh: Loading luminariaLQr_clod_50.mesh.
06:19:37: Warning: luminariaLQr_clod_50.mesh uses an old format [MeshSerializer_v1.40]; upgrade with the OgreMeshUpgrader tool
06:19:37: Mesh: Loading luminariaLQr_clod_500.mesh.
06:19:37: Warning: luminariaLQr_clod_500.mesh uses an old format [MeshSerializer_v1.40]; upgrade with the OgreMeshUpgrader tool
06:19:37: Mesh: Loading luminariaYQr.mesh.
06:19:37: Warning: luminariaYQr.mesh uses an old format [MeshSerializer_v1.40]; upgrade with the OgreMeshUpgrader tool
06:19:37: Mesh: Loading NeoQ2-0main-city-section-A.mesh.
06:19:37: Warning: NeoQ2-0main-city-section-A.mesh uses an old format [MeshSerializer_v1.40]; upgrade with the OgreMeshUpgrader tool
06:19:38: Texture 'carreteraautovia3carriles-concreto.jpg': Loading 1 faces(PF_R8G8B8,512x512x1) with 5 hardware generated mipmaps from Image. Internal format is PF_R8G8B8,512x512x1.
06:19:38: Texture 'NeoQ2-0.png': Loading 1 faces(PF_R8G8B8,1024x1024x1) with 5 hardware generated mipmaps from Image. Internal format is PF_R8G8B8,1024x1024x1.
06:19:38: Texture 'NQ-Wtr.png': Loading 1 faces(PF_A8R8G8B8,512x512x1) with 5 hardware generated mipmaps from Image. Internal format is PF_A8R8G8B8,512x512x1.
06:19:38: Texture 'NQ-Wtr-SpTx.png': Loading 1 faces(PF_A8R8G8B8,512x512x1) with 5 hardware generated mipmaps from Image. Internal format is PF_A8R8G8B8,512x512x1.
06:19:38: Texture 'asfalto.jpg': Loading 1 faces(PF_R8G8B8,512x512x1) with 5 hardware generated mipmaps from Image. Internal format is PF_R8G8B8,512x512x1.
06:19:38: Texture 'carreteraautovia3carriles-transicion-concretopavimento.jpg': Loading 1 faces(PF_R8G8B8,1024x512x1) with 5 hardware generated mipmaps from Image. Internal format is PF_R8G8B8,1024x512x1.
06:19:38: Texture 'carreteraautovia3carriles.jpg': Loading 1 faces(PF_R8G8B8,512x512x1) with 5 hardware generated mipmaps from Image. Internal format is PF_R8G8B8,512x512x1.
06:19:38: Texture 'cebrapeatonal.jpg': Loading 1 faces(PF_R8G8B8,768x137x1) with 5 hardware generated mipmaps from Image. Internal format is PF_R8G8B8,768x137x1.
06:19:38: Texture 'carreteraautovia3carrilesestacionamiento.jpg': Loading 1 faces(PF_R8G8B8,512x512x1) with 5 hardware generated mipmaps from Image. Internal format is PF_R8G8B8,512x512x1.
06:19:38: Texture 'concreto-vial-A.jpg': Loading 1 faces(PF_R8G8B8,512x512x1) with 5 hardware generated mipmaps from Image. Internal format is PF_R8G8B8,512x512x1.
06:19:38: Texture 'carreteraautovia4carriles.jpg': Loading 1 faces(PF_R8G8B8,512x707x1) with 5 hardware generated mipmaps from Image. Internal format is PF_R8G8B8,512x707x1.
06:19:38: Texture 'cebrapeatonal-concreto.jpg': Loading 1 faces(PF_R8G8B8,768x137x1) with 5 hardware generated mipmaps from Image. Internal format is PF_R8G8B8,768x137x1.
06:19:38: Texture 'carreteraautovia4carriles-concreto.jpg': Loading 1 faces(PF_R8G8B8,512x707x1) with 5 hardware generated mipmaps from Image. Internal format is PF_R8G8B8,512x707x1.
06:19:38: Texture 'concreto-prearmado-A.jpg': Loading 1 faces(PF_R8G8B8,228x225x1) with 5 hardware generated mipmaps from Image. Internal format is PF_R8G8B8,228x225x1.
06:19:38: Texture 'concreto-prearmado-C.jpg': Loading 1 faces(PF_R8G8B8,222x225x1) with 5 hardware generated mipmaps from Image. Internal format is PF_R8G8B8,222x225x1.
06:19:38: Texture 'prefabricadosA.jpg': Loading 1 faces(PF_R8G8B8,512x512x1) with 5 hardware generated mipmaps from Image. Internal format is PF_R8G8B8,512x512x1.
06:19:38: Texture 'barandas-modulares-de-hierro-forjado-B.png': Loading 1 faces(PF_A8R8G8B8,173x512x1) with 5 hardware generated mipmaps from Image. Internal format is PF_A8R8G8B8,173x512x1.
06:19:38: Texture 'concretoviejoacabadorusticoA.jpg': Loading 1 faces(PF_R8G8B8,400x300x1) with 5 hardware generated mipmaps from Image. Internal format is PF_R8G8B8,400x300x1.
06:19:38: Texture 'postes-alumbrado-publico-Bck.jpg': Loading 1 faces(PF_R8G8B8,512x512x1) with 5 hardware generated mipmaps from Image. Internal format is PF_R8G8B8,512x512x1.
06:19:38: Texture 'superficie-metalica.jpg': Loading 1 faces(PF_R8G8B8,168x168x1) with 5 hardware generated mipmaps from Image. Internal format is PF_R8G8B8,168x168x1.
06:19:38: Texture 'postes-alumbrado-publico-E.png': Loading 1 faces(PF_A8R8G8B8,256x256x1) with 5 hardware generated mipmaps from Image. Internal format is PF_A8R8G8B8,256x256x1.
06:19:38: Texture 'onlyCIS-D.jpg': Loading 1 faces(PF_R8G8B8,221x224x1) with 5 hardware generated mipmaps from Image. Internal format is PF_R8G8B8,221x224x1.
06:19:38: Texture 'onlyCIS-D-E.png': Loading 1 faces(PF_A8R8G8B8,221x224x1) with 5 hardware generated mipmaps from Image. Internal format is PF_A8R8G8B8,221x224x1.
06:19:38: Texture 'onlyCIS-E.jpg': Loading 1 faces(PF_R8G8B8,217x225x1) with 5 hardware generated mipmaps from Image. Internal format is PF_R8G8B8,217x225x1.
06:19:38: Texture 'onlyCIS-E-E.png': Loading 1 faces(PF_A8R8G8B8,217x225x1) with 5 hardware generated mipmaps from Image. Internal format is PF_A8R8G8B8,217x225x1.
06:19:38: Texture 'onlyCIS-B.jpg': Loading 1 faces(PF_R8G8B8,225x225x1) with 5 hardware generated mipmaps from Image. Internal format is PF_R8G8B8,225x225x1.
06:19:38: Texture 'onlyCIS-B-E.png': Loading 1 faces(PF_A8R8G8B8,225x225x1) with 5 hardware generated mipmaps from Image. Internal format is PF_A8R8G8B8,225x225x1.
06:19:38: Texture 'onlyCIS-A.jpg': Loading 1 faces(PF_R8G8B8,225x225x1) with 5 hardware generated mipmaps from Image. Internal format is PF_R8G8B8,225x225x1.
06:19:38: Texture 'onlyCIS-A-E.png': Loading 1 faces(PF_A8R8G8B8,225x225x1) with 5 hardware generated mipmaps from Image. Internal format is PF_A8R8G8B8,225x225x1.
06:19:38: Texture 'onlyCIS-C.jpg': Loading 1 faces(PF_R8G8B8,225x225x1) with 5 hardware generated mipmaps from Image. Internal format is PF_R8G8B8,225x225x1.
06:19:38: Texture 'onlyCIS-C-E.png': Loading 1 faces(PF_A8R8G8B8,225x225x1) with 5 hardware generated mipmaps from Image. Internal format is PF_A8R8G8B8,225x225x1.
06:19:38: Texture 'adoquinA.jpg': Loading 1 faces(PF_R8G8B8,128x128x1) with 5 hardware generated mipmaps from Image. Internal format is PF_R8G8B8,128x128x1.
06:19:38: Texture 'onlyCIS-F.jpg': Loading 1 faces(PF_R8G8B8,225x225x1) with 5 hardware generated mipmaps from Image. Internal format is PF_R8G8B8,225x225x1.
06:19:38: Texture 'onlyCIS-F-E.png': Loading 1 faces(PF_A8R8G8B8,225x225x1) with 5 hardware generated mipmaps from Image. Internal format is PF_A8R8G8B8,225x225x1.
06:19:38: Texture 'cesped-B.jpg': Loading 1 faces(PF_R8G8B8,256x256x1) with 5 hardware generated mipmaps from Image. Internal format is PF_R8G8B8,256x256x1.
06:19:38: Texture 'onlyCIS-G.jpg': Loading 1 faces(PF_R8G8B8,263x225x1) with 5 hardware generated mipmaps from Image. Internal format is PF_R8G8B8,263x225x1.
06:19:38: Texture 'onlyCIS-G-E.png': Loading 1 faces(PF_A8R8G8B8,263x225x1) with 5 hardware generated mipmaps from Image. Internal format is PF_A8R8G8B8,263x225x1.
06:19:38: Texture 'onlyCIS-H.jpg': Loading 1 faces(PF_R8G8B8,206x225x1) with 5 hardware generated mipmaps from Image. Internal format is PF_R8G8B8,206x225x1.
06:19:38: Texture 'onlyCIS-H-E.png': Loading 1 faces(PF_A8R8G8B8,206x225x1) with 5 hardware generated mipmaps from Image. Internal format is PF_A8R8G8B8,206x225x1.
06:19:38: Texture 'arbushes.png': Loading 1 faces(PF_A8R8G8B8,1024x1024x1) with 5 hardware generated mipmaps from Image. Internal format is PF_A8R8G8B8,1024x1024x1.
06:19:38: Texture 'arboles-varios.png': Loading 1 faces(PF_A8R8G8B8,2048x2048x1) with 5 hardware generated mipmaps from Image. Internal format is PF_A8R8G8B8,2048x2048x1.
06:19:38: Texture 'pinos.png': Loading 1 faces(PF_A8R8G8B8,1500x660x1) with 5 hardware generated mipmaps from Image. Internal format is PF_A8R8G8B8,1500x660x1.
06:19:38: Texture 'NQ-sf-A.jpg': Loading 1 faces(PF_R8G8B8,96x96x1) with 5 hardware generated mipmaps from Image. Internal format is PF_R8G8B8,96x96x1.
06:19:38: Texture 'NQ-sf-R.jpg': Loading 1 faces(PF_R8G8B8,96x96x1) with 5 hardware generated mipmaps from Image. Internal format is PF_R8G8B8,96x96x1.
06:19:38: Texture 'NQ-sf-G.jpg': Loading 1 faces(PF_R8G8B8,96x96x1) with 5 hardware generated mipmaps from Image. Internal format is PF_R8G8B8,96x96x1.
06:19:38: Texture 'senales-transito-viales.jpg': Loading 1 faces(PF_R8G8B8,1024x1024x1) with 5 hardware generated mipmaps from Image. Internal format is PF_R8G8B8,1024x1024x1.
06:19:38: Texture 'postes-alumbrado-publico.jpg': Loading 1 faces(PF_R8G8B8,512x512x1) with 5 hardware generated mipmaps from Image. Internal format is PF_R8G8B8,512x512x1.
06:19:38: Mesh: Loading NeoQ2-0main-city-section-AColisionante.mesh.
06:19:38: Warning: NeoQ2-0main-city-section-AColisionante.mesh uses an old format [MeshSerializer_v1.40]; upgrade with the OgreMeshUpgrader tool
06:19:38: Mesh: Loading NeoQ2-0main-city-section-A-1.mesh.
06:19:38: Warning: NeoQ2-0main-city-section-A-1.mesh uses an old format [MeshSerializer_v1.40]; upgrade with the OgreMeshUpgrader tool
06:19:38: Texture 'Cs-Hs.jpg': Loading 1 faces(PF_R8G8B8,1024x1024x1) with 5 hardware generated mipmaps from Image. Internal format is PF_R8G8B8,1024x1024x1.
06:19:38: Texture 'ladrillos-rojos-A.jpg': Loading 1 faces(PF_R8G8B8,225x225x1) with 5 hardware generated mipmaps from Image. Internal format is PF_R8G8B8,225x225x1.
06:19:38: Texture 'Ps-Ds-Md-Wd.jpg': Loading 1 faces(PF_R8G8B8,256x256x1) with 5 hardware generated mipmaps from Image. Internal format is PF_R8G8B8,256x256x1.
06:19:38: Texture 'concretoviejoacabadorusticoD.jpg': Loading 1 faces(PF_R8G8B8,400x300x1) with 5 hardware generated mipmaps from Image. Internal format is PF_R8G8B8,400x300x1.
06:19:38: Texture 'adoquinexagonalrosa.jpg': Loading 1 faces(PF_R8G8B8,256x256x1) with 5 hardware generated mipmaps from Image. Internal format is PF_R8G8B8,256x256x1.
06:19:38: Texture 'adoquinentrelazadorosa.jpg': Loading 1 faces(PF_R8G8B8,256x256x1) with 5 hardware generated mipmaps from Image. Internal format is PF_R8G8B8,256x256x1.
06:19:38: Texture 'picket-fence-A.png': Loading 1 faces(PF_A8R8G8B8,512x225x1) with 5 hardware generated mipmaps from Image. Internal format is PF_A8R8G8B8,512x225x1.
06:19:38: Mesh: Loading NeoQ2-0main-city-section-B.mesh.
06:19:38: Warning: NeoQ2-0main-city-section-B.mesh uses an old format [MeshSerializer_v1.40]; upgrade with the OgreMeshUpgrader tool
06:19:39: Texture 'concreto-prearmado-B.jpg': Loading 1 faces(PF_R8G8B8,225x225x1) with 5 hardware generated mipmaps from Image. Internal format is PF_R8G8B8,225x225x1.
06:19:39: Texture 'carreteraautovia2carrilesunsentido.jpg': Loading 1 faces(PF_R8G8B8,512x175x1) with 5 hardware generated mipmaps from Image. Internal format is PF_R8G8B8,512x175x1.
06:19:39: Texture 'B-U-C-C-F.jpg': Loading 1 faces(PF_R8G8B8,300x300x1) with 5 hardware generated mipmaps from Image. Internal format is PF_R8G8B8,300x300x1.
06:19:39: Texture 'robles.png': Loading 1 faces(PF_A8R8G8B8,1272x654x1) with 5 hardware generated mipmaps from Image. Internal format is PF_A8R8G8B8,1272x654x1.
06:19:39: Texture 'O-F-D-A.jpg': Loading 1 faces(PF_R8G8B8,301x219x1) with 5 hardware generated mipmaps from Image. Internal format is PF_R8G8B8,301x219x1.
06:19:39: Texture 'O-F-D-A-E.png': Loading 1 faces(PF_A8R8G8B8,301x219x1) with 5 hardware generated mipmaps from Image. Internal format is PF_A8R8G8B8,301x219x1.
06:19:39: Texture 'O-F-D-B.jpg': Loading 1 faces(PF_R8G8B8,291x221x1) with 5 hardware generated mipmaps from Image. Internal format is PF_R8G8B8,291x221x1.
06:19:39: Texture 'O-F-D-B-E.png': Loading 1 faces(PF_A8R8G8B8,291x221x1) with 5 hardware generated mipmaps from Image. Internal format is PF_A8R8G8B8,291x221x1.
06:19:39: Texture 'O-F-D-C.jpg': Loading 1 faces(PF_R8G8B8,336x225x1) with 5 hardware generated mipmaps from Image. Internal format is PF_R8G8B8,336x225x1.
06:19:39: Texture 'O-F-D-C-E.png': Loading 1 faces(PF_A8R8G8B8,336x225x1) with 5 hardware generated mipmaps from Image. Internal format is PF_A8R8G8B8,336x225x1.
06:19:39: Texture 'O-F-D-D.jpg': Loading 1 faces(PF_R8G8B8,190x212x1) with 5 hardware generated mipmaps from Image. Internal format is PF_R8G8B8,190x212x1.
06:19:39: Texture 'O-F-D-D-E.png': Loading 1 faces(PF_A8R8G8B8,190x212x1) with 5 hardware generated mipmaps from Image. Internal format is PF_A8R8G8B8,190x212x1.
06:19:39: Texture 'O-F-D-E.jpg': Loading 1 faces(PF_R8G8B8,267x218x1) with 5 hardware generated mipmaps from Image. Internal format is PF_R8G8B8,267x218x1.
06:19:39: Texture 'O-F-D-E-E.png': Loading 1 faces(PF_A8R8G8B8,267x218x1) with 5 hardware generated mipmaps from Image. Internal format is PF_A8R8G8B8,267x218x1.
06:19:39: Texture 'DyCIS-F.jpg': Loading 1 faces(PF_R8G8B8,229x225x1) with 5 hardware generated mipmaps from Image. Internal format is PF_R8G8B8,229x225x1.
06:19:39: Texture 'DyCIS-F-E.png': Loading 1 faces(PF_A8R8G8B8,229x225x1) with 5 hardware generated mipmaps from Image. Internal format is PF_A8R8G8B8,229x225x1.
06:19:39: Texture 'DyCIS-E.jpg': Loading 1 faces(PF_R8G8B8,195x225x1) with 5 hardware generated mipmaps from Image. Internal format is PF_R8G8B8,195x225x1.
06:19:39: Texture 'DyCIS-E-E.png': Loading 1 faces(PF_A8R8G8B8,195x225x1) with 5 hardware generated mipmaps from Image. Internal format is PF_A8R8G8B8,195x225x1.
06:19:39: Texture 'DyCIS-A.jpg': Loading 1 faces(PF_R8G8B8,209x225x1) with 5 hardware generated mipmaps from Image. Internal format is PF_R8G8B8,209x225x1.
06:19:39: Texture 'DyCIS-A-E.png': Loading 1 faces(PF_A8R8G8B8,209x225x1) with 5 hardware generated mipmaps from Image. Internal format is PF_A8R8G8B8,209x225x1.
06:19:39: Texture 'DyCIS-C.jpg': Loading 1 faces(PF_R8G8B8,265x225x1) with 5 hardware generated mipmaps from Image. Internal format is PF_R8G8B8,265x225x1.
06:19:39: Texture 'DyCIS-C-E.png': Loading 1 faces(PF_A8R8G8B8,265x225x1) with 5 hardware generated mipmaps from Image. Internal format is PF_A8R8G8B8,265x225x1.
06:19:39: Texture 'DyCIS-B.jpg': Loading 1 faces(PF_R8G8B8,225x225x1) with 5 hardware generated mipmaps from Image. Internal format is PF_R8G8B8,225x225x1.
06:19:39: Texture 'DyCIS-B-E.png': Loading 1 faces(PF_A8R8G8B8,225x225x1) with 5 hardware generated mipmaps from Image. Internal format is PF_A8R8G8B8,225x225x1.
06:19:39: Texture 'DyCIS-D.jpg': Loading 1 faces(PF_R8G8B8,244x225x1) with 5 hardware generated mipmaps from Image. Internal format is PF_R8G8B8,244x225x1.
06:19:39: Texture 'DyCIS-D-E.png': Loading 1 faces(PF_A8R8G8B8,244x225x1) with 5 hardware generated mipmaps from Image. Internal format is PF_A8R8G8B8,244x225x1.
06:19:39: Texture 'fachadadecasastipointeressosialconvistadevalcones.jpg': Loading 1 faces(PF_R8G8B8,225x225x1) with 5 hardware generated mipmaps from Image. Internal format is PF_R8G8B8,225x225x1.
06:19:39: Texture 'fachadadecasastipointeressosialconvistadevalcon-E.png': Loading 1 faces(PF_A8R8G8B8,225x225x1) with 5 hardware generated mipmaps from Image. Internal format is PF_A8R8G8B8,225x225x1.
06:19:39: Texture 'ventanasconcolumnasexteriorastiponeoclasico.jpg': Loading 1 faces(PF_R8G8B8,233x225x1) with 5 hardware generated mipmaps from Image. Internal format is PF_R8G8B8,233x225x1.
06:19:39: Texture 'ventanasconcolumnasexteriorastiponeoclasico-E.png': Loading 1 faces(PF_A8R8G8B8,233x225x1) with 5 hardware generated mipmaps from Image. Internal format is PF_A8R8G8B8,233x225x1.
06:19:39: Texture 'fachadadeedificioestilodepartamentos.jpg': Loading 1 faces(PF_R8G8B8,242x225x1) with 5 hardware generated mipmaps from Image. Internal format is PF_R8G8B8,242x225x1.
06:19:39: Texture 'fachadadeedificioestilodepartamentos-E.png': Loading 1 faces(PF_A8R8G8B8,242x225x1) with 5 hardware generated mipmaps from Image. Internal format is PF_A8R8G8B8,242x225x1.
06:19:39: Texture 'fachadadeedificioconventanasposmodernistas.jpg': Loading 1 faces(PF_R8G8B8,221x225x1) with 5 hardware generated mipmaps from Image. Internal format is PF_R8G8B8,221x225x1.
06:19:39: Texture 'fachadadeedificioconventanasposmodernistas-E.png': Loading 1 faces(PF_A8R8G8B8,221x225x1) with 5 hardware generated mipmaps from Image. Internal format is PF_A8R8G8B8,221x225x1.
06:19:39: Texture 'edificiodeoficinasconventanastiponeoclasico.jpg': Loading 1 faces(PF_R8G8B8,232x225x1) with 5 hardware generated mipmaps from Image. Internal format is PF_R8G8B8,232x225x1.
06:19:39: Texture 'edificiodeoficinasconventanastiponeoclasico-E.png': Loading 1 faces(PF_A8R8G8B8,232x225x1) with 5 hardware generated mipmaps from Image. Internal format is PF_A8R8G8B8,232x225x1.
06:19:39: Texture 'postes-alumbrado-publico-Bl.jpg': Loading 1 faces(PF_R8G8B8,512x512x1) with 5 hardware generated mipmaps from Image. Internal format is PF_R8G8B8,512x512x1.
06:19:39: Texture 'superficie-metalica-Bl.jpg': Loading 1 faces(PF_R8G8B8,168x168x1) with 5 hardware generated mipmaps from Image. Internal format is PF_R8G8B8,168x168x1.
06:19:39: Mesh: Loading NeoQ2-0main-city-section-BColisionante.mesh.
06:19:39: Warning: NeoQ2-0main-city-section-BColisionante.mesh uses an old format [MeshSerializer_v1.40]; upgrade with the OgreMeshUpgrader tool
06:19:39: Mesh: Loading NeoQ2-0main-city-section-B-1.mesh.
06:19:39: Warning: NeoQ2-0main-city-section-B-1.mesh uses an old format [MeshSerializer_v1.40]; upgrade with the OgreMeshUpgrader tool
06:19:39: Texture 'concrete-wall-tiles.jpg': Loading 1 faces(PF_R8G8B8,512x512x1) with 5 hardware generated mipmaps from Image. Internal format is PF_R8G8B8,512x512x1.
06:19:39: Texture 'cesped-A.jpg': Loading 1 faces(PF_R8G8B8,256x256x1) with 5 hardware generated mipmaps from Image. Internal format is PF_R8G8B8,256x256x1.
06:19:39: Texture 'cesped-C.jpg': Loading 1 faces(PF_R8G8B8,256x256x1) with 5 hardware generated mipmaps from Image. Internal format is PF_R8G8B8,256x256x1.
06:19:39: Texture 'para-bus.jpg': Loading 1 faces(PF_R8G8B8,512x512x1) with 5 hardware generated mipmaps from Image. Internal format is PF_R8G8B8,512x512x1.
06:19:39: Texture 'guardavialdeacero-3.jpg': Loading 1 faces(PF_R8G8B8,512x128x1) with 5 hardware generated mipmaps from Image. Internal format is PF_R8G8B8,512x128x1.
06:19:39: Texture 'C-I-F-1.jpg': Loading 1 faces(PF_R8G8B8,512x512x1) with 5 hardware generated mipmaps from Image. Internal format is PF_R8G8B8,512x512x1.
06:19:39: Mesh: Loading NeoQ2-0condos-A.mesh.
06:19:39: Warning: NeoQ2-0condos-A.mesh uses an old format [MeshSerializer_v1.40]; upgrade with the OgreMeshUpgrader tool
06:19:39: Texture 'adoquinB.jpg': Loading 1 faces(PF_R8G8B8,128x128x1) with 5 hardware generated mipmaps from Image. Internal format is PF_R8G8B8,128x128x1.
06:19:39: Texture 'guardavialdeacero.jpg': Loading 1 faces(PF_R8G8B8,300x150x1) with 5 hardware generated mipmaps from Image. Internal format is PF_R8G8B8,300x150x1.
06:19:39: Mesh: Loading NeoQ2-0condos-AColisionante.mesh.
06:19:39: Warning: NeoQ2-0condos-AColisionante.mesh uses an old format [MeshSerializer_v1.40]; upgrade with the OgreMeshUpgrader tool
06:19:39: Mesh: Loading NeoQ2-0highway-distributor-B-C.mesh.
06:19:39: Warning: NeoQ2-0highway-distributor-B-C.mesh uses an old format [MeshSerializer_v1.40]; upgrade with the OgreMeshUpgrader tool
06:19:39: Texture 'concretonuevoA.jpg': Loading 1 faces(PF_R8G8B8,289x198x1) with 5 hardware generated mipmaps from Image. Internal format is PF_R8G8B8,289x198x1.
06:19:39: Texture 'concretoviejoacabadorusticoC.jpg': Loading 1 faces(PF_R8G8B8,400x300x1) with 5 hardware generated mipmaps from Image. Internal format is PF_R8G8B8,400x300x1.
06:19:39: Texture 'asfaltolimitedevelocidad.jpg': Loading 1 faces(PF_R8G8B8,256x1024x1) with 5 hardware generated mipmaps from Image. Internal format is PF_R8G8B8,256x1024x1.
06:19:39: Mesh: Loading NeoQ2-0highway-distributor-B-CColisionante.mesh.
06:19:39: Warning: NeoQ2-0highway-distributor-B-CColisionante.mesh uses an old format [MeshSerializer_v1.40]; upgrade with the OgreMeshUpgrader tool
06:19:39: Mesh: Loading NeoQ2-0highway-section-D.mesh.
06:19:39: Warning: NeoQ2-0highway-section-D.mesh uses an old format [MeshSerializer_v1.40]; upgrade with the OgreMeshUpgrader tool
06:19:39: Texture 'guardavialdeacero-2.jpg': Loading 1 faces(PF_R8G8B8,380x56x1) with 5 hardware generated mipmaps from Image. Internal format is PF_R8G8B8,380x56x1.
06:19:39: Texture 'edificioconpatronrepetitivodelasventanas.jpg': Loading 1 faces(PF_R8G8B8,81x113x1) with 5 hardware generated mipmaps from Image. Internal format is PF_R8G8B8,81x113x1.
06:19:39: Texture 'edificioconpatronrepetitivodelasventanas-E.png': Loading 1 faces(PF_A8R8G8B8,81x113x1) with 5 hardware generated mipmaps from Image. Internal format is PF_A8R8G8B8,81x113x1.
06:19:39: Texture 'concreto-vial-bus-station.jpg': Loading 1 faces(PF_R8G8B8,512x512x1) with 5 hardware generated mipmaps from Image. Internal format is PF_R8G8B8,512x512x1.
06:19:40: Texture 'gasolinerapemexytiendaoxxo.jpg': Loading 1 faces(PF_R8G8B8,1024x1024x1) with 5 hardware generated mipmaps from Image. Internal format is PF_R8G8B8,1024x1024x1.
06:19:40: Texture 'gasolinerapemexytiendaoxxo-E.png': Loading 1 faces(PF_A8R8G8B8,1024x1024x1) with 5 hardware generated mipmaps from Image. Internal format is PF_A8R8G8B8,1024x1024x1.
06:19:40: Texture 'NQ-shops.jpg': Loading 1 faces(PF_R8G8B8,1024x1024x1) with 5 hardware generated mipmaps from Image. Internal format is PF_R8G8B8,1024x1024x1.
06:19:40: Texture 'NQ-shops-E.png': Loading 1 faces(PF_A8R8G8B8,1024x1024x1) with 5 hardware generated mipmaps from Image. Internal format is PF_A8R8G8B8,1024x1024x1.
06:19:40: Texture 'concreto-vial-estacionamiento-A.jpg': Loading 1 faces(PF_R8G8B8,512x512x1) with 5 hardware generated mipmaps from Image. Internal format is PF_R8G8B8,512x512x1.
06:19:40: Texture 'concreto-vial-estacionamiento-discapasitados-A.jpg': Loading 1 faces(PF_R8G8B8,256x256x1) with 5 hardware generated mipmaps from Image. Internal format is PF_R8G8B8,256x256x1.
06:19:40: Mesh: Loading NeoQ2-0highway-section-DColisionante.mesh.
06:19:40: Warning: NeoQ2-0highway-section-DColisionante.mesh uses an old format [MeshSerializer_v1.40]; upgrade with the OgreMeshUpgrader tool
06:19:40: Mesh: Loading NeoQ2-0highway-section-E.mesh.
06:19:40: Warning: NeoQ2-0highway-section-E.mesh uses an old format [MeshSerializer_v1.40]; upgrade with the OgreMeshUpgrader tool
06:19:40: Texture 'steel-girder.jpg': Loading 1 faces(PF_R8G8B8,512x128x1) with 5 hardware generated mipmaps from Image. Internal format is PF_R8G8B8,512x128x1.
06:19:40: Texture 'C-A2-4C-C2.jpg': Loading 1 faces(PF_R8G8B8,512x707x1) with 5 hardware generated mipmaps from Image. Internal format is PF_R8G8B8,512x707x1.
06:19:40: Mesh: Loading NeoQ2-0highway-section-EColisionante.mesh.
06:19:40: Warning: NeoQ2-0highway-section-EColisionante.mesh uses an old format [MeshSerializer_v1.40]; upgrade with the OgreMeshUpgrader tool
06:19:40: Mesh: Loading NeoQ2-0sout-center.mesh.
06:19:40: Warning: NeoQ2-0sout-center.mesh uses an old format [MeshSerializer_v1.40]; upgrade with the OgreMeshUpgrader tool
06:19:40: Texture 'ventanasdevidrioexteriorestipooficinas.jpg': Loading 1 faces(PF_R8G8B8,216x225x1) with 5 hardware generated mipmaps from Image. Internal format is PF_R8G8B8,216x225x1.
06:19:40: Texture 'ventanasdevidrioexteriorestipooficinas-E.png': Loading 1 faces(PF_A8R8G8B8,216x225x1) with 5 hardware generated mipmaps from Image. Internal format is PF_A8R8G8B8,216x225x1.
06:19:40: Texture 'edificioconventanasdevidrioexteriorestipooficinas.jpg': Loading 1 faces(PF_R8G8B8,115x225x1) with 5 hardware generated mipmaps from Image. Internal format is PF_R8G8B8,115x225x1.
06:19:40: Texture 'edificioconventanasdevidrioexteriorestipooficinas-E.png': Loading 1 faces(PF_A8R8G8B8,115x225x1) with 5 hardware generated mipmaps from Image. Internal format is PF_A8R8G8B8,115x225x1.
06:19:40: Texture 'edificiodeoficinasconventanasdevidrioexteriores.jpg': Loading 1 faces(PF_R8G8B8,208x109x1) with 5 hardware generated mipmaps from Image. Internal format is PF_R8G8B8,208x109x1.
06:19:40: Texture 'edificiodeoficinasconventanasdevidrioexteriores-E.png': Loading 1 faces(PF_A8R8G8B8,208x109x1) with 5 hardware generated mipmaps from Image. Internal format is PF_A8R8G8B8,208x109x1.
06:19:40: Texture 'fachadadeedificiodeoficinasconventanasdevidrioexteriores.jpg': Loading 1 faces(PF_R8G8B8,225x225x1) with 5 hardware generated mipmaps from Image. Internal format is PF_R8G8B8,225x225x1.
06:19:40: Texture 'fachadadeedificiodeoficinasconventanasdevidrioexteriores-E.png': Loading 1 faces(PF_A8R8G8B8,225x225x1) with 5 hardware generated mipmaps from Image. Internal format is PF_A8R8G8B8,225x225x1.
06:19:40: Texture 'lugubreedificioconventanasdevidrioexteriores.jpg': Loading 1 faces(PF_R8G8B8,148x106x1) with 5 hardware generated mipmaps from Image. Internal format is PF_R8G8B8,148x106x1.
06:19:40: Texture 'lugubreedificioconventanasdevidrioexteriores-E.png': Loading 1 faces(PF_A8R8G8B8,148x106x1) with 5 hardware generated mipmaps from Image. Internal format is PF_A8R8G8B8,148x106x1.
06:19:40: Texture 'carreteraautovia1carrilesunsentido.jpg': Loading 1 faces(PF_R8G8B8,512x128x1) with 5 hardware generated mipmaps from Image. Internal format is PF_R8G8B8,512x128x1.
06:19:40: Texture 'asfaltoconestacionamiento-A.jpg': Loading 1 faces(PF_R8G8B8,512x512x1) with 5 hardware generated mipmaps from Image. Internal format is PF_R8G8B8,512x512x1.
06:19:40: Texture 'barandas-modulares-de-hierro-forjado-A.png': Loading 1 faces(PF_A8R8G8B8,493x256x1) with 5 hardware generated mipmaps from Image. Internal format is PF_A8R8G8B8,493x256x1.
06:19:40: Texture 'ficuses.png': Loading 1 faces(PF_A8R8G8B8,1024x670x1) with 5 hardware generated mipmaps from Image. Internal format is PF_A8R8G8B8,1024x670x1.
06:19:40: Mesh: Loading NeoQ2-0sout-centerColisionante.mesh.
06:19:40: Warning: NeoQ2-0sout-centerColisionante.mesh uses an old format [MeshSerializer_v1.40]; upgrade with the OgreMeshUpgrader tool
06:19:40: Mesh: Loading NeoQ2-0highway-section-A.mesh.
06:19:40: Warning: NeoQ2-0highway-section-A.mesh uses an old format [MeshSerializer_v1.40]; upgrade with the OgreMeshUpgrader tool
06:19:40: Mesh: Loading NeoQ2-0highway-section-AColisionante.mesh.
06:19:40: Warning: NeoQ2-0highway-section-AColisionante.mesh uses an old format [MeshSerializer_v1.40]; upgrade with the OgreMeshUpgrader tool
06:19:40: Mesh: Loading NeoQ2-0sout-center-bridge.mesh.
06:19:40: Warning: NeoQ2-0sout-center-bridge.mesh uses an old format [MeshSerializer_v1.40]; upgrade with the OgreMeshUpgrader tool
06:19:40: Texture 'postes-alumbrado-publico-Gr.jpg': Loading 1 faces(PF_R8G8B8,512x512x1) with 5 hardware generated mipmaps from Image. Internal format is PF_R8G8B8,512x512x1.
06:19:40: Texture 'DyCIS-H.jpg': Loading 1 faces(PF_R8G8B8,225x225x1) with 5 hardware generated mipmaps from Image. Internal format is PF_R8G8B8,225x225x1.
06:19:40: Texture 'DyCIS-H-E.png': Loading 1 faces(PF_A8R8G8B8,225x225x1) with 5 hardware generated mipmaps from Image. Internal format is PF_A8R8G8B8,225x225x1.
06:19:40: Texture 'DyCIS-G.jpg': Loading 1 faces(PF_R8G8B8,234x225x1) with 5 hardware generated mipmaps from Image. Internal format is PF_R8G8B8,234x225x1.
06:19:40: Texture 'DyCIS-G-E.png': Loading 1 faces(PF_A8R8G8B8,234x225x1) with 5 hardware generated mipmaps from Image. Internal format is PF_A8R8G8B8,234x225x1.
06:19:40: Mesh: Loading NeoQ2-0sout-center-bridgeColisionante.mesh.
06:19:40: Warning: NeoQ2-0sout-center-bridgeColisionante.mesh uses an old format [MeshSerializer_v1.40]; upgrade with the OgreMeshUpgrader tool
06:19:40: Mesh: Loading NeoQ2-0highway-section-D-E-distributor-road.mesh.
06:19:40: Warning: NeoQ2-0highway-section-D-E-distributor-road.mesh uses an old format [MeshSerializer_v1.40]; upgrade with the OgreMeshUpgrader tool
06:19:40: Texture 'carreteraautovia2carrilesunsentido-concreto.jpg': Loading 1 faces(PF_R8G8B8,512x175x1) with 5 hardware generated mipmaps from Image. Internal format is PF_R8G8B8,512x175x1.
06:19:40: Mesh: Loading NeoQ2-0highway-section-D-E-distributor-roadColisionante.mesh.
06:19:40: Warning: NeoQ2-0highway-section-D-E-distributor-roadColisionante.mesh uses an old format [MeshSerializer_v1.40]; upgrade with the OgreMeshUpgrader tool
06:19:40: Mesh: Loading NeoQ2-0trade-center-oficinas-cuadrante-4.mesh.
06:19:40: Warning: NeoQ2-0trade-center-oficinas-cuadrante-4.mesh uses an old format [MeshSerializer_v1.40]; upgrade with the OgreMeshUpgrader tool
06:19:40: Texture 'EdCrsl-o-C.jpg': Loading 1 faces(PF_R8G8B8,132x239x1) with 5 hardware generated mipmaps from Image. Internal format is PF_R8G8B8,132x239x1.
06:19:40: Texture 'EdCrsl-o-C-E.png': Loading 1 faces(PF_A8R8G8B8,132x239x1) with 5 hardware generated mipmaps from Image. Internal format is PF_A8R8G8B8,132x239x1.
06:19:40: Texture 'EdCrsl-o-E.jpg': Loading 1 faces(PF_R8G8B8,133x239x1) with 5 hardware generated mipmaps from Image. Internal format is PF_R8G8B8,133x239x1.
06:19:40: Texture 'EdCrsl-o-E-E.png': Loading 1 faces(PF_A8R8G8B8,133x239x1) with 5 hardware generated mipmaps from Image. Internal format is PF_A8R8G8B8,133x239x1.
06:19:40: Texture 'EdCrsl-o-B.jpg': Loading 1 faces(PF_R8G8B8,131x244x1) with 5 hardware generated mipmaps from Image. Internal format is PF_R8G8B8,131x244x1.
06:19:40: Texture 'EdCrsl-o-B-E.png': Loading 1 faces(PF_A8R8G8B8,131x244x1) with 5 hardware generated mipmaps from Image. Internal format is PF_A8R8G8B8,131x244x1.
06:19:40: Texture 'EdCrsl-o-F.jpg': Loading 1 faces(PF_R8G8B8,253x241x1) with 5 hardware generated mipmaps from Image. Internal format is PF_R8G8B8,253x241x1.
06:19:40: Texture 'EdCrsl-o-F-E.png': Loading 1 faces(PF_A8R8G8B8,253x241x1) with 5 hardware generated mipmaps from Image. Internal format is PF_A8R8G8B8,253x241x1.
06:19:40: Texture 'EdCrsl-o-D.jpg': Loading 1 faces(PF_R8G8B8,98x244x1) with 5 hardware generated mipmaps from Image. Internal format is PF_R8G8B8,98x244x1.
06:19:40: Texture 'EdCrsl-o-D-E.png': Loading 1 faces(PF_A8R8G8B8,98x244x1) with 5 hardware generated mipmaps from Image. Internal format is PF_A8R8G8B8,98x244x1.
06:19:40: Texture 'EdCrsl-o-G.jpg': Loading 1 faces(PF_R8G8B8,250x250x1) with 5 hardware generated mipmaps from Image. Internal format is PF_R8G8B8,250x250x1.
06:19:40: Texture 'EdCrsl-o-G-E.png': Loading 1 faces(PF_A8R8G8B8,250x250x1) with 5 hardware generated mipmaps from Image. Internal format is PF_A8R8G8B8,250x250x1.
06:19:40: Mesh: Loading NeoQ2-0industrial-zone-distributor-road.mesh.
06:19:41: Warning: NeoQ2-0industrial-zone-distributor-road.mesh uses an old format [MeshSerializer_v1.40]; upgrade with the OgreMeshUpgrader tool
06:19:41: Texture 'postes-alumbrado-publico-Rd.jpg': Loading 1 faces(PF_R8G8B8,512x512x1) with 5 hardware generated mipmaps from Image. Internal format is PF_R8G8B8,512x512x1.
06:19:41: Texture 'carreteraautovia4carriles-transicion-concretopavimento.jpg': Loading 1 faces(PF_R8G8B8,1024x707x1) with 5 hardware generated mipmaps from Image. Internal format is PF_R8G8B8,1024x707x1.
06:19:41: Texture 'alto-voltage-torres.png': Loading 1 faces(PF_A8R8G8B8,700x866x1) with 5 hardware generated mipmaps from Image. Internal format is PF_A8R8G8B8,700x866x1.
06:19:41: Texture 'trasicion-pavimento-concreto-vial-A.jpg': Loading 1 faces(PF_R8G8B8,1024x512x1) with 5 hardware generated mipmaps from Image. Internal format is PF_R8G8B8,1024x512x1.
06:19:41: Mesh: Loading NeoQ2-0industrial-zone-distributor-roadColisionante.mesh.
06:19:41: Warning: NeoQ2-0industrial-zone-distributor-roadColisionante.mesh uses an old format [MeshSerializer_v1.40]; upgrade with the OgreMeshUpgrader tool
06:19:41: Mesh: Loading NeoQ2-0trade-center-oficinas-cuadrante-1.mesh.
06:19:41: Warning: NeoQ2-0trade-center-oficinas-cuadrante-1.mesh uses an old format [MeshSerializer_v1.40]; upgrade with the OgreMeshUpgrader tool
06:19:41: Texture 'EdCrsl-o-A.jpg': Loading 1 faces(PF_R8G8B8,134x242x1) with 5 hardware generated mipmaps from Image. Internal format is PF_R8G8B8,134x242x1.
06:19:41: Texture 'EdCrsl-o-A-E.png': Loading 1 faces(PF_A8R8G8B8,134x242x1) with 5 hardware generated mipmaps from Image. Internal format is PF_A8R8G8B8,134x242x1.
06:19:41: Texture 'EdCrsl-o-H.jpg': Loading 1 faces(PF_R8G8B8,239x250x1) with 5 hardware generated mipmaps from Image. Internal format is PF_R8G8B8,239x250x1.
06:19:41: Texture 'EdCrsl-o-H-E.png': Loading 1 faces(PF_A8R8G8B8,239x250x1) with 5 hardware generated mipmaps from Image. Internal format is PF_A8R8G8B8,239x250x1.
06:19:41: Texture 'EdCrsl-o-I.jpg': Loading 1 faces(PF_R8G8B8,277x257x1) with 5 hardware generated mipmaps from Image. Internal format is PF_R8G8B8,277x257x1.
06:19:41: Texture 'EdCrsl-o-I-E.png': Loading 1 faces(PF_A8R8G8B8,277x257x1) with 5 hardware generated mipmaps from Image. Internal format is PF_A8R8G8B8,277x257x1.
06:19:41: Mesh: Loading NeoQ2-0highway-section-B.mesh.
06:19:41: Warning: NeoQ2-0highway-section-B.mesh uses an old format [MeshSerializer_v1.40]; upgrade with the OgreMeshUpgrader tool
06:19:41: Texture 'M-L-P-C.jpg': Loading 1 faces(PF_R8G8B8,512x512x1) with 5 hardware generated mipmaps from Image. Internal format is PF_R8G8B8,512x512x1.
06:19:41: Texture 'W-T-M.png': Loading 1 faces(PF_R8G8B8,512x512x1) with 5 hardware generated mipmaps from Image. Internal format is PF_R8G8B8,512x512x1.
06:19:41: Texture 'creepy-house.jpg': Loading 1 faces(PF_R8G8B8,512x512x1) with 5 hardware generated mipmaps from Image. Internal format is PF_R8G8B8,512x512x1.
06:19:41: Mesh: Loading NeoQ2-0highway-section-BColisionante.mesh.
06:19:41: Warning: NeoQ2-0highway-section-BColisionante.mesh uses an old format [MeshSerializer_v1.40]; upgrade with the OgreMeshUpgrader tool
06:19:41: Mesh: Loading NeoQ2-0trade-center.mesh.
06:19:41: Warning: NeoQ2-0trade-center.mesh uses an old format [MeshSerializer_v1.40]; upgrade with the OgreMeshUpgrader tool
06:19:41: Texture 'proyeccionespolaresdelatierra.jpg': Loading 1 faces(PF_R8G8B8,512x1024x1) with 5 hardware generated mipmaps from Image. Internal format is PF_R8G8B8,512x1024x1.
06:19:41: Mesh: Loading NeoQ2-0trade-center-distributor-road.mesh.
06:19:41: Warning: NeoQ2-0trade-center-distributor-road.mesh uses an old format [MeshSerializer_v1.40]; upgrade with the OgreMeshUpgrader tool
06:19:41: Mesh: Loading NeoQ2-0trade-center-distributor-roadrColisionante.mesh.
06:19:41: Warning: NeoQ2-0trade-center-distributor-roadrColisionante.mesh uses an old format [MeshSerializer_v1.40]; upgrade with the OgreMeshUpgrader tool
06:19:41: Mesh: Loading NeoQ2-0trade-center-oficinas-cuadrante-3.mesh.
06:19:41: Warning: NeoQ2-0trade-center-oficinas-cuadrante-3.mesh uses an old format [MeshSerializer_v1.40]; upgrade with the OgreMeshUpgrader tool
06:19:41: Mesh: Loading NeoQ2-0trade-center-parking.mesh.
06:19:41: Warning: NeoQ2-0trade-center-parking.mesh uses an old format [MeshSerializer_v1.40]; upgrade with the OgreMeshUpgrader tool
06:19:41: Texture 'carreteraautovia3carriles-concreto-E.jpg': Loading 1 faces(PF_R8G8B8,512x512x1) with 5 hardware generated mipmaps from Image. Internal format is PF_R8G8B8,512x512x1.
06:19:41: Texture 'concrete-wall-tiles-E.jpg': Loading 1 faces(PF_R8G8B8,512x512x1) with 5 hardware generated mipmaps from Image. Internal format is PF_R8G8B8,512x512x1.
06:19:41: Texture 'concreto-vial-A-E.jpg': Loading 1 faces(PF_R8G8B8,512x512x1) with 5 hardware generated mipmaps from Image. Internal format is PF_R8G8B8,512x512x1.
06:19:41: Texture 'concreto-vial-estacionamiento-A-E.jpg': Loading 1 faces(PF_R8G8B8,512x512x1) with 5 hardware generated mipmaps from Image. Internal format is PF_R8G8B8,512x512x1.
06:19:41: Texture 'guardavialdeacero-3-E.jpg': Loading 1 faces(PF_R8G8B8,512x128x1) with 5 hardware generated mipmaps from Image. Internal format is PF_R8G8B8,512x128x1.
06:19:41: Texture 'steel-girder-E.jpg': Loading 1 faces(PF_R8G8B8,512x128x1) with 5 hardware generated mipmaps from Image. Internal format is PF_R8G8B8,512x128x1.
06:19:41: Mesh: Loading NeoQ2-0trade-center-parkingColisionante.mesh.
06:19:41: Warning: NeoQ2-0trade-center-parkingColisionante.mesh uses an old format [MeshSerializer_v1.40]; upgrade with the OgreMeshUpgrader tool
06:19:41: Mesh: Loading NeoQ2-0highway-section-C.mesh.
06:19:41: Warning: NeoQ2-0highway-section-C.mesh uses an old format [MeshSerializer_v1.40]; upgrade with the OgreMeshUpgrader tool
06:19:41: Texture 'NQ-roadtunnel4carriles.jpg': Loading 1 faces(PF_R8G8B8,512x1414x1) with 5 hardware generated mipmaps from Image. Internal format is PF_R8G8B8,512x1414x1.
06:19:41: Mesh: Loading NeoQ2-0highway-section-CColisionante.mesh.
06:19:41: Warning: NeoQ2-0highway-section-CColisionante.mesh uses an old format [MeshSerializer_v1.40]; upgrade with the OgreMeshUpgrader tool
06:19:41: Mesh: Loading NeoQ2-0industrial-zone.mesh.
06:19:42: Warning: NeoQ2-0industrial-zone.mesh uses an old format [MeshSerializer_v1.40]; upgrade with the OgreMeshUpgrader tool
06:19:42: Texture 'fachadadefabrica-A.jpg': Loading 1 faces(PF_R8G8B8,300x146x1) with 5 hardware generated mipmaps from Image. Internal format is PF_R8G8B8,300x146x1.
06:19:42: Texture 'laminagalvanizada-A.jpg': Loading 1 faces(PF_R8G8B8,168x452x1) with 5 hardware generated mipmaps from Image. Internal format is PF_R8G8B8,168x452x1.
06:19:42: Texture 'fachadadefabrica-B.jpg': Loading 1 faces(PF_R8G8B8,298x225x1) with 5 hardware generated mipmaps from Image. Internal format is PF_R8G8B8,298x225x1.
06:19:42: Texture 'fachadadefabrica-C.jpg': Loading 1 faces(PF_R8G8B8,292x225x1) with 5 hardware generated mipmaps from Image. Internal format is PF_R8G8B8,292x225x1.
06:19:42: Texture 'fachadadefabrica-D.jpg': Loading 1 faces(PF_R8G8B8,213x225x1) with 5 hardware generated mipmaps from Image. Internal format is PF_R8G8B8,213x225x1.
06:19:42: Texture 'fachadadefabrica-E.jpg': Loading 1 faces(PF_R8G8B8,288x79x1) with 5 hardware generated mipmaps from Image. Internal format is PF_R8G8B8,288x79x1.
06:19:42: Texture 'fachadadefabrica-F.jpg': Loading 1 faces(PF_R8G8B8,185x225x1) with 5 hardware generated mipmaps from Image. Internal format is PF_R8G8B8,185x225x1.
06:19:42: Texture 'fachadadefabrica-G.jpg': Loading 1 faces(PF_R8G8B8,195x225x1) with 5 hardware generated mipmaps from Image. Internal format is PF_R8G8B8,195x225x1.
06:19:42: Texture 'fachadadefabrica-H.jpg': Loading 1 faces(PF_R8G8B8,289x122x1) with 5 hardware generated mipmaps from Image. Internal format is PF_R8G8B8,289x122x1.
06:19:42: Texture 'fachadadefabrica-I.jpg': Loading 1 faces(PF_R8G8B8,236x225x1) with 5 hardware generated mipmaps from Image. Internal format is PF_R8G8B8,236x225x1.
06:19:42: Texture 'fachadadefabrica-J.jpg': Loading 1 faces(PF_R8G8B8,300x213x1) with 5 hardware generated mipmaps from Image. Internal format is PF_R8G8B8,300x213x1.
06:19:42: Texture 'fachadadefabrica-K.jpg': Loading 1 faces(PF_R8G8B8,292x82x1) with 5 hardware generated mipmaps from Image. Internal format is PF_R8G8B8,292x82x1.
06:19:42: Texture 'fachadadefabrica-L.jpg': Loading 1 faces(PF_R8G8B8,300x133x1) with 5 hardware generated mipmaps from Image. Internal format is PF_R8G8B8,300x133x1.
06:19:42: Texture 'fachadadefabrica-M.jpg': Loading 1 faces(PF_R8G8B8,300x177x1) with 5 hardware generated mipmaps from Image. Internal format is PF_R8G8B8,300x177x1.
06:19:42: Texture 'W-M-01.jpg': Loading 1 faces(PF_R8G8B8,512x512x1) with 5 hardware generated mipmaps from Image. Internal format is PF_R8G8B8,512x512x1.
06:19:42: Texture 'NQ-Building-under-construction.jpg': Loading 1 faces(PF_R8G8B8,1024x1024x1) with 5 hardware generated mipmaps from Image. Internal format is PF_R8G8B8,1024x1024x1.
06:19:42: Mesh: Loading NeoQ2-0industrial-zoneColisionante.mesh.
06:19:42: Warning: NeoQ2-0industrial-zoneColisionante.mesh uses an old format [MeshSerializer_v1.40]; upgrade with the OgreMeshUpgrader tool
06:19:42: Mesh: Loading NeoQ2-0trade-center-oficinas-cuadrante-2.mesh.
06:19:42: Warning: NeoQ2-0trade-center-oficinas-cuadrante-2.mesh uses an old format [MeshSerializer_v1.40]; upgrade with the OgreMeshUpgrader tool
06:19:42: Mesh: Loading NeoQ2-0trade-center-bridge.mesh.
06:19:42: Warning: NeoQ2-0trade-center-bridge.mesh uses an old format [MeshSerializer_v1.40]; upgrade with the OgreMeshUpgrader tool
06:19:42: Texture 'NQ-rock-B.jpg': Loading 1 faces(PF_R8G8B8,441x220x1) with 5 hardware generated mipmaps from Image. Internal format is PF_R8G8B8,441x220x1.
06:19:42: Mesh: Loading NeoQ2-0trade-center-bridgeColisionante.mesh.
06:19:42: Warning: NeoQ2-0trade-center-bridgeColisionante.mesh uses an old format [MeshSerializer_v1.40]; upgrade with the OgreMeshUpgrader tool
06:19:42: Mesh: Loading NeoQ2-0filling-A.mesh.
06:19:42: Warning: NeoQ2-0filling-A.mesh uses an old format [MeshSerializer_v1.40]; upgrade with the OgreMeshUpgrader tool
06:19:42: Texture 'NQ-rock-A.jpg': Loading 1 faces(PF_R8G8B8,256x256x1) with 5 hardware generated mipmaps from Image. Internal format is PF_R8G8B8,256x256x1.
06:19:42: Mesh: Loading NeoQ2-0filling-B.mesh.
06:19:42: Warning: NeoQ2-0filling-B.mesh uses an old format [MeshSerializer_v1.40]; upgrade with the OgreMeshUpgrader tool
06:19:42: Mesh: Loading NeoQ2-0lough.mesh.
06:19:42: Warning: NeoQ2-0lough.mesh uses an old format [MeshSerializer_v1.40]; upgrade with the OgreMeshUpgrader tool
06:19:42: Mesh: Loading NeoQ2-0Building-under-construction.mesh.
06:19:42: Warning: NeoQ2-0Building-under-construction.mesh uses an old format [MeshSerializer_v1.40]; upgrade with the OgreMeshUpgrader tool
06:19:42: Texture 'G-S-A-Slo.jpg': Loading 1 faces(PF_R8G8B8,256x256x1) with 5 hardware generated mipmaps from Image. Internal format is PF_R8G8B8,256x256x1.
06:19:42: Texture 'N-C-T.jpg': Loading 1 faces(PF_R8G8B8,512x1024x1) with 5 hardware generated mipmaps from Image. Internal format is PF_R8G8B8,512x1024x1.
06:19:42: Texture 'B-U-C-ground.jpg': Loading 1 faces(PF_R8G8B8,1024x1024x1) with 5 hardware generated mipmaps from Image. Internal format is PF_R8G8B8,1024x1024x1.
06:19:42: Texture 'NQ-2-0-ground.png': Loading 1 faces(PF_A8R8G8B8,512x512x1) with 5 hardware generated mipmaps from Image. Internal format is PF_A8R8G8B8,512x512x1.
06:19:42: Mesh: Loading NeoQ2-0Building-under-constructionColisionante.mesh.
06:19:42: Warning: NeoQ2-0Building-under-constructionColisionante.mesh uses an old format [MeshSerializer_v1.40]; upgrade with the OgreMeshUpgrader tool
06:19:42: Mesh: Loading NeoQ2-0medium-school.mesh.
06:19:42: Warning: NeoQ2-0medium-school.mesh uses an old format [MeshSerializer_v1.40]; upgrade with the OgreMeshUpgrader tool
06:19:42: Texture 'Md-Schl.jpg': Loading 1 faces(PF_R8G8B8,580x521x1) with 5 hardware generated mipmaps from Image. Internal format is PF_R8G8B8,580x521x1.
06:19:42: Texture 'Md-Schl-E.png': Loading 1 faces(PF_A8R8G8B8,580x521x1) with 5 hardware generated mipmaps from Image. Internal format is PF_A8R8G8B8,580x521x1.
06:19:42: Mesh: Loading NeoQ2-0medium-schoolColisionante.mesh.
06:19:42: Warning: NeoQ2-0medium-schoolColisionante.mesh uses an old format [MeshSerializer_v1.40]; upgrade with the OgreMeshUpgrader tool
06:19:42: Mesh: Loading NeoQ2-0high-school.mesh.
06:19:42: Warning: NeoQ2-0high-school.mesh uses an old format [MeshSerializer_v1.40]; upgrade with the OgreMeshUpgrader tool
06:19:42: Texture 'NQ2-0highschool.jpg': Loading 1 faces(PF_R8G8B8,578x365x1) with 5 hardware generated mipmaps from Image. Internal format is PF_R8G8B8,578x365x1.
06:19:42: Texture 'marmol-floor.jpg': Loading 1 faces(PF_R8G8B8,512x512x1) with 5 hardware generated mipmaps from Image. Internal format is PF_R8G8B8,512x512x1.
06:19:42: Texture 'stucco-plaster.jpg': Loading 1 faces(PF_R8G8B8,512x512x1) with 5 hardware generated mipmaps from Image. Internal format is PF_R8G8B8,512x512x1.
06:19:42: Mesh: Loading NeoQ2-0high-schoolColisionante.mesh.
06:19:42: Warning: NeoQ2-0high-schoolColisionante.mesh uses an old format [MeshSerializer_v1.40]; upgrade with the OgreMeshUpgrader tool
06:19:42: Mesh: Loading NeoQ2-0airport.mesh.
06:19:42: Warning: NeoQ2-0airport.mesh uses an old format [MeshSerializer_v1.40]; upgrade with the OgreMeshUpgrader tool
06:19:42: Texture 'NQ-track-airport.jpg': Loading 1 faces(PF_R8G8B8,256x5454x1) with 5 hardware generated mipmaps from Image. Internal format is PF_R8G8B8,256x5454x1.
06:19:42: Mesh: Loading NeoQ2-0main-filling-cityworld.mesh.
06:19:44: Mesh: Loading curvedavenueninetydeg.mesh.
06:19:44: Warning: curvedavenueninetydeg.mesh uses an old format [MeshSerializer_v1.41]; upgrade with the OgreMeshUpgrader tool
06:19:44: Texture 'streetlamp.dds': Loading 1 faces(PF_DXT1,128x128x1) with 5 custom mipmaps from Image. Internal format is PF_DXT1,128x128x1.
06:19:44: Texture 'roadtexturehighdetailbrokenwhiteline.dds': Loading 1 faces(PF_DXT1,512x256x1) with 5 custom mipmaps from Image. Internal format is PF_DXT1,512x256x1.
06:19:44: Texture 'sidewalkedge.dds': Loading 1 faces(PF_DXT1,256x256x1) with 5 custom mipmaps from Image. Internal format is PF_DXT1,256x256x1.
06:19:44: Texture 'sidewalk01.dds': Loading 1 faces(PF_DXT1,256x256x1) with 5 custom mipmaps from Image. Internal format is PF_DXT1,256x256x1.
06:19:44: Mesh: Loading curvedavenueninetydegbox.mesh.
06:19:44: Warning: curvedavenueninetydegbox.mesh uses an old format [MeshSerializer_v1.41]; upgrade with the OgreMeshUpgrader tool
06:19:44: Texture 'blacksteelrivets.dds': Loading 1 faces(PF_DXT1,64x64x1) with 5 custom mipmaps from Image. Internal format is PF_DXT1,64x64x1.
06:19:44: Mesh: Loading straightavenuesidewalk.mesh.
06:19:44: Warning: straightavenuesidewalk.mesh uses an old format [MeshSerializer_v1.41]; upgrade with the OgreMeshUpgrader tool
06:19:44: Mesh: Loading straightavenuesidewalk_lod1.mesh.
06:19:44: Warning: straightavenuesidewalk_lod1.mesh uses an old format [MeshSerializer_v1.41]; upgrade with the OgreMeshUpgrader tool
06:19:44: Mesh: Loading straightavenuesidewalk_lod2.mesh.
06:19:44: Warning: straightavenuesidewalk_lod2.mesh uses an old format [MeshSerializer_v1.41]; upgrade with the OgreMeshUpgrader tool
06:19:44: Mesh: Loading straightavenuesidewalkbox.mesh.
06:19:44: Warning: straightavenuesidewalkbox.mesh uses an old format [MeshSerializer_v1.41]; upgrade with the OgreMeshUpgrader tool
06:19:44: Mesh: Loading troadavenuesidewalk.mesh.
06:19:44: Warning: troadavenuesidewalk.mesh uses an old format [MeshSerializer_v1.41]; upgrade with the OgreMeshUpgrader tool
06:19:44: Texture 'roadtexturehighdetailstopcrosswalk.dds': Loading 1 faces(PF_DXT1,512x256x1) with 5 custom mipmaps from Image. Internal format is PF_DXT1,512x256x1.
06:19:44: Texture 'roadtexturehighdetailbrokenwhitelinecrosswalk.dds': Loading 1 faces(PF_DXT1,512x256x1) with 5 custom mipmaps from Image. Internal format is PF_DXT1,512x256x1.
06:19:44: Texture 'roadtexturehighdetailbrokenwhitelineintersection.dds': Loading 1 faces(PF_DXT1,512x256x1) with 5 custom mipmaps from Image. Internal format is PF_DXT1,512x256x1.
06:19:44: Texture 'roadtexturehighdetailnolines.dds': Loading 1 faces(PF_DXT1,512x256x1) with 5 custom mipmaps from Image. Internal format is PF_DXT1,512x256x1.
06:19:44: Mesh: Loading troadavenuesidewalk_lod1.mesh.
06:19:44: Warning: troadavenuesidewalk_lod1.mesh uses an old format [MeshSerializer_v1.41]; upgrade with the OgreMeshUpgrader tool
06:19:44: Mesh: Loading troadavenuesidewalk_lod2.mesh.
06:19:44: Warning: troadavenuesidewalk_lod2.mesh uses an old format [MeshSerializer_v1.41]; upgrade with the OgreMeshUpgrader tool
06:19:44: Mesh: Loading troadavenuesidewalkbox.mesh.
06:19:44: Warning: troadavenuesidewalkbox.mesh uses an old format [MeshSerializer_v1.41]; upgrade with the OgreMeshUpgrader tool
06:19:44: Mesh: Loading straightroadsidewalk.mesh.
06:19:44: Warning: straightroadsidewalk.mesh uses an old format [MeshSerializer_v1.41]; upgrade with the OgreMeshUpgrader tool
06:19:44: Texture 'roadtexturehighdetail.dds': Loading 1 faces(PF_DXT1,512x256x1) with 5 custom mipmaps from Image. Internal format is PF_DXT1,512x256x1.
06:19:44: Mesh: Loading straightroadsidewalk_lod1.mesh.
06:19:44: Warning: straightroadsidewalk_lod1.mesh uses an old format [MeshSerializer_v1.41]; upgrade with the OgreMeshUpgrader tool
06:19:44: Mesh: Loading straightroadsidewalk_lod2.mesh.
06:19:44: Warning: straightroadsidewalk_lod2.mesh uses an old format [MeshSerializer_v1.41]; upgrade with the OgreMeshUpgrader tool
06:19:44: Mesh: Loading crossroadstopsign.mesh.
06:19:44: Warning: crossroadstopsign.mesh uses an old format [MeshSerializer_v1.41]; upgrade with the OgreMeshUpgrader tool
06:19:44: Mesh: Loading crossroadstopsignbox.mesh.
06:19:44: Warning: crossroadstopsignbox.mesh uses an old format [MeshSerializer_v1.41]; upgrade with the OgreMeshUpgrader tool
06:19:44: Mesh: Loading straightroadbusstop.mesh.
06:19:44: Warning: straightroadbusstop.mesh uses an old format [MeshSerializer_v1.41]; upgrade with the OgreMeshUpgrader tool
06:19:44: Mesh: Loading straightroadbusstop_lod1.mesh.
06:19:44: Warning: straightroadbusstop_lod1.mesh uses an old format [MeshSerializer_v1.41]; upgrade with the OgreMeshUpgrader tool
06:19:44: Mesh: Loading straightroadbusstop_lod2.mesh.
06:19:44: Warning: straightroadbusstop_lod2.mesh uses an old format [MeshSerializer_v1.41]; upgrade with the OgreMeshUpgrader tool
06:19:44: Mesh: Loading straightroadbusstopbox.mesh.
06:19:44: Warning: straightroadbusstopbox.mesh uses an old format [MeshSerializer_v1.41]; upgrade with the OgreMeshUpgrader tool
06:19:44: Mesh: Loading officeblock01.mesh.
06:19:44: Warning: officeblock01.mesh uses an old format [MeshSerializer_v1.41]; upgrade with the OgreMeshUpgrader tool
06:19:44: Texture 'wall_largeblocks_darkgrey.dds': Loading 1 faces(PF_DXT1,256x256x1) with 5 custom mipmaps from Image. Internal format is PF_DXT1,256x256x1.
06:19:44: Texture 'Metalroof01.dds': Loading 1 faces(PF_DXT1,256x256x1) with 5 custom mipmaps from Image. Internal format is PF_DXT1,256x256x1.
06:19:44: Texture 'base_wall_largeblocks_darkgrey.dds': Loading 1 faces(PF_DXT1,256x256x1) with 5 custom mipmaps from Image. Internal format is PF_DXT1,256x256x1.
06:19:44: Texture 'window_narrow_darkgrey.dds': Loading 1 faces(PF_DXT1,128x256x1) with 5 custom mipmaps from Image. Internal format is PF_DXT1,128x256x1.
06:19:44: Texture 'window_narrow_tan_croppedspec.dds': Loading 1 faces(PF_DXT5,128x256x1) with 5 custom mipmaps from Image. Internal format is PF_DXT5,128x256x1.
06:19:44: Texture '767chrome.jpg': Loading 1 faces(PF_R8G8B8,1024x263x1) with 5 hardware generated mipmaps from Image. Internal format is PF_R8G8B8,1024x263x1.
06:19:44: Texture 'base_window_narrow_darkgrey.dds': Loading 1 faces(PF_DXT1,128x256x1) with 5 custom mipmaps from Image. Internal format is PF_DXT1,128x256x1.
06:19:44: Texture 'base_window_narrow_darkgreyspec.dds': Loading 1 faces(PF_DXT5,128x256x1) with 5 custom mipmaps from Image. Internal format is PF_DXT5,128x256x1.
06:19:44: Texture 'window_narrow_archtop_darkgrey.dds': Loading 1 faces(PF_DXT1,128x256x1) with 5 custom mipmaps from Image. Internal format is PF_DXT1,128x256x1.
06:19:44: Texture 'window_narrow_archtop_darkgreyspec.dds': Loading 1 faces(PF_DXT5,128x256x1) with 5 custom mipmaps from Image. Internal format is PF_DXT5,128x256x1.
06:19:44: Mesh: Loading officeblock01_lod1.mesh.
06:19:44: Warning: officeblock01_lod1.mesh uses an old format [MeshSerializer_v1.41]; upgrade with the OgreMeshUpgrader tool
06:19:44: Mesh: Loading officeblock01box.mesh.
06:19:44: [RoR|ContentManager|LegacyMaterialResolver] Material '/TEXFACE/Metalroof01.dds' in mesh 'officeblock01box.mesh' group '{bundle USER:/mods/CityWorldNextLocalOverlay.zip}' resolved to 'modularbuildings/TEXFACE/Metalroof01.dds' via reviewed alias (archive_sha256=ebeac2f0204f25ca1955f29ca1583b2afa4517a3a848feb1db203814acac2ef3)
06:19:44: [RoR|ContentManager|LegacyMaterialResolver] Material '/TEXFACE/wall_largeblocks_darkgrey.dds' in mesh 'officeblock01box.mesh' group '{bundle USER:/mods/CityWorldNextLocalOverlay.zip}' resolved to 'modularbuildings/TEXFACE/wall_largeblocks_darkgrey.dds' via reviewed alias (archive_sha256=ebeac2f0204f25ca1955f29ca1583b2afa4517a3a848feb1db203814acac2ef3)
06:19:44: Warning: officeblock01box.mesh uses an old format [MeshSerializer_v1.41]; upgrade with the OgreMeshUpgrader tool
06:19:44: Mesh: Loading skyscraper01.mesh.
06:19:45: Warning: skyscraper01.mesh uses an old format [MeshSerializer_v1.41]; upgrade with the OgreMeshUpgrader tool
06:19:45: Texture 'epicrailroof.dds': Loading 1 faces(PF_DXT1,512x512x1) with 5 custom mipmaps from Image. Internal format is PF_DXT1,512x512x1.
06:19:45: Texture 'Epicrailhqwindow01fixed.dds': Loading 1 faces(PF_DXT1,256x256x1) with 5 custom mipmaps from Image. Internal format is PF_DXT1,256x256x1.
06:19:45: Texture 'Epicrailhqwindow01fixedspec.dds': Loading 1 faces(PF_DXT5,256x256x1) with 5 custom mipmaps from Image. Internal format is PF_DXT5,256x256x1.
06:19:45: Texture 'Epicrailhqwindow06fixed.dds': Loading 1 faces(PF_DXT1,512x512x1) with 5 custom mipmaps from Image. Internal format is PF_DXT1,512x512x1.
06:19:45: Texture 'Epicrailhqwindow06fixedspec.dds': Loading 1 faces(PF_DXT5,512x512x1) with 5 custom mipmaps from Image. Internal format is PF_DXT5,512x512x1.
06:19:45: Texture 'Epicrailhqwindow02fixed.dds': Loading 1 faces(PF_DXT1,256x256x1) with 5 custom mipmaps from Image. Internal format is PF_DXT1,256x256x1.
06:19:45: Texture 'Epicrailhqwindow02fixedspec.dds': Loading 1 faces(PF_DXT5,256x256x1) with 5 custom mipmaps from Image. Internal format is PF_DXT5,256x256x1.
06:19:45: Texture 'Epicrailhqwindow04fixed.dds': Loading 1 faces(PF_DXT1,256x256x1) with 5 custom mipmaps from Image. Internal format is PF_DXT1,256x256x1.
06:19:45: Texture 'Epicrailhqwindow04fixedspec.dds': Loading 1 faces(PF_DXT5,256x256x1) with 5 custom mipmaps from Image. Internal format is PF_DXT5,256x256x1.
06:19:45: Texture 'Epicrailhqwindow03fixed.dds': Loading 1 faces(PF_DXT1,256x256x1) with 5 custom mipmaps from Image. Internal format is PF_DXT1,256x256x1.
06:19:45: Texture 'Epicrailhqwindow03fixedspec.dds': Loading 1 faces(PF_DXT5,256x256x1) with 5 custom mipmaps from Image. Internal format is PF_DXT5,256x256x1.
06:19:45: Texture 'Epicrailhqwindow05fixed.dds': Loading 1 faces(PF_DXT1,256x512x1) with 5 custom mipmaps from Image. Internal format is PF_DXT1,256x512x1.
06:19:45: Texture 'Epicrailhqwindow05fixedspec.dds': Loading 1 faces(PF_DXT5,256x512x1) with 5 custom mipmaps from Image. Internal format is PF_DXT5,256x512x1.
06:19:45: Mesh: Loading skyscraper01_lod1.mesh.
06:19:45: Warning: skyscraper01_lod1.mesh uses an old format [MeshSerializer_v1.41]; upgrade with the OgreMeshUpgrader tool
06:19:45: Mesh: Loading skyscraper01box.mesh.
06:19:45: [RoR|ContentManager|LegacyMaterialResolver] Material '/TEXFACE' in mesh 'skyscraper01box.mesh' group '{bundle USER:/mods/CityWorldNextLocalOverlay.zip}' resolved to 'RoR/LegacyMaterialFallback/ebeac2f0204f/fdad30dd2d77bc72' via generated lit fallback (archive_sha256=ebeac2f0204f25ca1955f29ca1583b2afa4517a3a848feb1db203814acac2ef3)
06:19:45: Warning: skyscraper01box.mesh uses an old format [MeshSerializer_v1.41]; upgrade with the OgreMeshUpgrader tool
06:19:45: Mesh: Loading officeblock02.mesh.
06:19:45: Warning: officeblock02.mesh uses an old format [MeshSerializer_v1.41]; upgrade with the OgreMeshUpgrader tool
06:19:45: Texture 'window_chicago_lightgrey.dds': Loading 1 faces(PF_DXT1,256x256x1) with 5 custom mipmaps from Image. Internal format is PF_DXT1,256x256x1.
06:19:45: Texture 'window_chicago_lightgreyspec.dds': Loading 1 faces(PF_DXT5,256x256x1) with 5 custom mipmaps from Image. Internal format is PF_DXT5,256x256x1.
06:19:45: Texture 'base_window_largearch_lightgrey.dds': Loading 1 faces(PF_DXT1,256x256x1) with 5 custom mipmaps from Image. Internal format is PF_DXT1,256x256x1.
06:19:45: Texture 'base_window_largearch_lightgreyspec.dds': Loading 1 faces(PF_DXT5,256x256x1) with 5 custom mipmaps from Image. Internal format is PF_DXT5,256x256x1.
06:19:45: Texture 'base_window_chicago_lightgrey.dds': Loading 1 faces(PF_DXT1,256x256x1) with 5 custom mipmaps from Image. Internal format is PF_DXT1,256x256x1.
06:19:45: Texture 'base_window_chicago_lightgreyspec.dds': Loading 1 faces(PF_DXT5,256x256x1) with 5 custom mipmaps from Image. Internal format is PF_DXT5,256x256x1.
06:19:45: Mesh: Loading officeblock02_lod1.mesh.
06:19:45: Warning: officeblock02_lod1.mesh uses an old format [MeshSerializer_v1.41]; upgrade with the OgreMeshUpgrader tool
06:19:45: Mesh: Loading officeblock02box.mesh.
06:19:45: Warning: officeblock02box.mesh uses an old format [MeshSerializer_v1.41]; upgrade with the OgreMeshUpgrader tool
06:19:45: Mesh: Loading store01.mesh.
06:19:45: Warning: store01.mesh uses an old format [MeshSerializer_v1.41]; upgrade with the OgreMeshUpgrader tool
06:19:45: Texture 'sign01.dds': Loading 1 faces(PF_DXT1,512x32x1) with 5 custom mipmaps from Image. Internal format is PF_DXT1,512x32x1.
06:19:45: Texture 'cornice01_darkred.dds': Loading 1 faces(PF_DXT1,256x64x1) with 5 custom mipmaps from Image. Internal format is PF_DXT1,256x64x1.
06:19:45: Texture 'brickwall_darkred.dds': Loading 1 faces(PF_DXT1,128x256x1) with 5 custom mipmaps from Image. Internal format is PF_DXT1,128x256x1.
06:19:45: Texture 'brickwindowplain_darkred.dds': Loading 1 faces(PF_DXT1,128x256x1) with 5 custom mipmaps from Image. Internal format is PF_DXT1,128x256x1.
06:19:45: Texture 'brickwindowplain_darkredspec.dds': Loading 1 faces(PF_DXT5,128x256x1) with 5 custom mipmaps from Image. Internal format is PF_DXT5,128x256x1.
06:19:45: Texture 'base_brickdoor_darkred.dds': Loading 1 faces(PF_DXT1,128x256x1) with 5 custom mipmaps from Image. Internal format is PF_DXT1,128x256x1.
06:19:45: Texture 'base_brickdoor_darkredspec.dds': Loading 1 faces(PF_DXT5,128x256x1) with 5 custom mipmaps from Image. Internal format is PF_DXT5,128x256x1.
06:19:45: Texture 'brickwindowarch_darkred.dds': Loading 1 faces(PF_DXT1,128x256x1) with 5 custom mipmaps from Image. Internal format is PF_DXT1,128x256x1.
06:19:45: Texture 'brickwindowarch_darkredspec.dds': Loading 1 faces(PF_DXT5,128x256x1) with 5 custom mipmaps from Image. Internal format is PF_DXT5,128x256x1.
06:19:45: Texture 'base_brickwindow_darkred.dds': Loading 1 faces(PF_DXT1,128x256x1) with 5 custom mipmaps from Image. Internal format is PF_DXT1,128x256x1.
06:19:45: Texture 'base_brickwindow_darkredspec.dds': Loading 1 faces(PF_DXT5,128x256x1) with 5 custom mipmaps from Image. Internal format is PF_DXT5,128x256x1.
06:19:45: Texture 'base_brickentrance_darkred.dds': Loading 1 faces(PF_DXT1,256x256x1) with 5 custom mipmaps from Image. Internal format is PF_DXT1,256x256x1.
06:19:45: Texture 'base_brickentrance_darkredspec.dds': Loading 1 faces(PF_DXT5,256x256x1) with 5 custom mipmaps from Image. Internal format is PF_DXT5,256x256x1.
06:19:45: Mesh: Loading store01_lod1.mesh.
06:19:45: Warning: store01_lod1.mesh uses an old format [MeshSerializer_v1.41]; upgrade with the OgreMeshUpgrader tool
06:19:45: Mesh: Loading store01box.mesh.
06:19:45: [RoR|ContentManager|LegacyMaterialResolver] Material '/TEXFACE/cornice01_darkred.dds' in mesh 'store01box.mesh' group '{bundle USER:/mods/CityWorldNextLocalOverlay.zip}' resolved to 'modularbuildings/TEXFACE/cornice01_darkred.dds' via reviewed alias (archive_sha256=ebeac2f0204f25ca1955f29ca1583b2afa4517a3a848feb1db203814acac2ef3)
06:19:45: Warning: store01box.mesh uses an old format [MeshSerializer_v1.41]; upgrade with the OgreMeshUpgrader tool
06:19:45: Mesh: Loading store02.mesh.
06:19:45: Warning: store02.mesh uses an old format [MeshSerializer_v1.41]; upgrade with the OgreMeshUpgrader tool
06:19:45: Texture 'cornice01_darkblue.dds': Loading 1 faces(PF_DXT1,256x64x1) with 5 custom mipmaps from Image. Internal format is PF_DXT1,256x64x1.
06:19:45: Texture 'cornice01_white.dds': Loading 1 faces(PF_DXT1,128x32x1) with 5 custom mipmaps from Image. Internal format is PF_DXT1,128x32x1.
06:19:45: Texture 'brickwall_darkblue.dds': Loading 1 faces(PF_DXT1,128x256x1) with 5 custom mipmaps from Image. Internal format is PF_DXT1,128x256x1.
06:19:45: Texture 'brickwindowplain_darkblue.dds': Loading 1 faces(PF_DXT1,128x256x1) with 5 custom mipmaps from Image. Internal format is PF_DXT1,128x256x1.
06:19:45: Texture 'brickwall_yeller.dds': Loading 1 faces(PF_DXT1,128x256x1) with 5 custom mipmaps from Image. Internal format is PF_DXT1,128x256x1.
06:19:45: Texture 'brickwindowplain_yeller.dds': Loading 1 faces(PF_DXT1,128x256x1) with 5 custom mipmaps from Image. Internal format is PF_DXT1,128x256x1.
06:19:45: Texture 'brickwall_white.dds': Loading 1 faces(PF_DXT1,128x256x1) with 5 custom mipmaps from Image. Internal format is PF_DXT1,128x256x1.
06:19:45: Texture 'brickwindownonarch_white.dds': Loading 1 faces(PF_DXT1,128x256x1) with 5 custom mipmaps from Image. Internal format is PF_DXT1,128x256x1.
06:19:45: Texture 'brickwindowarch_darkblue.dds': Loading 1 faces(PF_DXT1,128x256x1) with 5 custom mipmaps from Image. Internal format is PF_DXT1,128x256x1.
06:19:45: Texture 'base_brickentrance_darkblue.dds': Loading 1 faces(PF_DXT1,256x256x1) with 5 custom mipmaps from Image. Internal format is PF_DXT1,256x256x1.
06:19:45: Texture 'cornice02_darkred.dds': Loading 1 faces(PF_DXT1,256x64x1) with 5 custom mipmaps from Image. Internal format is PF_DXT1,256x64x1.
06:19:45: Texture 'brickwindow_yeller.dds': Loading 1 faces(PF_DXT1,128x256x1) with 5 custom mipmaps from Image. Internal format is PF_DXT1,128x256x1.
06:19:45: Texture 'base_brickwindow_white.dds': Loading 1 faces(PF_DXT1,128x256x1) with 5 custom mipmaps from Image. Internal format is PF_DXT1,128x256x1.
06:19:45: Texture 'base_brickentrance_white.dds': Loading 1 faces(PF_DXT1,256x256x1) with 5 custom mipmaps from Image. Internal format is PF_DXT1,256x256x1.
06:19:45: Mesh: Loading store02_lod1.mesh.
06:19:45: Warning: store02_lod1.mesh uses an old format [MeshSerializer_v1.41]; upgrade with the OgreMeshUpgrader tool
06:19:45: Mesh: Loading store02box.mesh.
06:19:45: [RoR|ContentManager|LegacyMaterialResolver] Material 'Material.004' in mesh 'store02box.mesh' group '{bundle USER:/mods/CityWorldNextLocalOverlay.zip}' resolved to 'RoR/LegacyMaterialFallback/ebeac2f0204f/c4b5ac27ca637fca' via generated lit fallback (archive_sha256=ebeac2f0204f25ca1955f29ca1583b2afa4517a3a848feb1db203814acac2ef3)
06:19:45: Warning: store02box.mesh uses an old format [MeshSerializer_v1.41]; upgrade with the OgreMeshUpgrader tool
06:19:45: Mesh: Loading store03.mesh.
06:19:45: Warning: store03.mesh uses an old format [MeshSerializer_v1.41]; upgrade with the OgreMeshUpgrader tool
06:19:45: Mesh: Loading store03_lod1.mesh.
06:19:45: Warning: store03_lod1.mesh uses an old format [MeshSerializer_v1.41]; upgrade with the OgreMeshUpgrader tool
06:19:45: Mesh: Loading store03box.mesh.
06:19:45: Warning: store03box.mesh uses an old format [MeshSerializer_v1.41]; upgrade with the OgreMeshUpgrader tool
06:19:45: Mesh: Loading officeblock03.mesh.
06:19:45: Warning: officeblock03.mesh uses an old format [MeshSerializer_v1.41]; upgrade with the OgreMeshUpgrader tool
06:19:45: Texture 'base_window_chicago_darkgrey.dds': Loading 1 faces(PF_DXT1,256x256x1) with 5 custom mipmaps from Image. Internal format is PF_DXT1,256x256x1.
06:19:45: Texture 'window_chicago_darkgrey.dds': Loading 1 faces(PF_DXT1,256x256x1) with 5 custom mipmaps from Image. Internal format is PF_DXT1,256x256x1.
06:19:45: Texture 'window_2small_darkgrey.dds': Loading 1 faces(PF_DXT1,256x256x1) with 5 custom mipmaps from Image. Internal format is PF_DXT1,256x256x1.
06:19:45: Texture 'window_2small_lightgreyspec.dds': Loading 1 faces(PF_DXT5,256x256x1) with 5 custom mipmaps from Image. Internal format is PF_DXT5,256x256x1.
06:19:45: Texture 'base_window_largearch_darkgrey.dds': Loading 1 faces(PF_DXT1,256x256x1) with 5 custom mipmaps from Image. Internal format is PF_DXT1,256x256x1.
06:19:45: Mesh: Loading officeblock03_lod1.mesh.
06:19:45: Warning: officeblock03_lod1.mesh uses an old format [MeshSerializer_v1.41]; upgrade with the OgreMeshUpgrader tool
06:19:45: Mesh: Loading officeblock03box.mesh.
06:19:45: [RoR|ContentManager|LegacyMaterialResolver] Material 'Material.005/TEXFACE/sidewalkedge.dds' in mesh 'officeblock03box.mesh' group '{bundle USER:/mods/CityWorldNextLocalOverlay.zip}' resolved to 'modularbuildings/TEXFACE/sidewalkedge.dds' via reviewed alias (archive_sha256=ebeac2f0204f25ca1955f29ca1583b2afa4517a3a848feb1db203814acac2ef3)
06:19:45: [RoR|ContentManager|LegacyMaterialResolver] Material 'Material.005/TEXFACE/sidewalk01.dds' in mesh 'officeblock03box.mesh' group '{bundle USER:/mods/CityWorldNextLocalOverlay.zip}' resolved to 'modularbuildings/TEXFACE/sidewalk01.dds' via reviewed alias (archive_sha256=ebeac2f0204f25ca1955f29ca1583b2afa4517a3a848feb1db203814acac2ef3)
06:19:45: [RoR|ContentManager|LegacyMaterialResolver] Material 'Material.005/TEXFACE/wall_largeblocks_darkgrey.dds' in mesh 'officeblock03box.mesh' group '{bundle USER:/mods/CityWorldNextLocalOverlay.zip}' resolved to 'modularbuildings/TEXFACE/wall_largeblocks_darkgrey.dds' via reviewed alias (archive_sha256=ebeac2f0204f25ca1955f29ca1583b2afa4517a3a848feb1db203814acac2ef3)
06:19:45: [RoR|ContentManager|LegacyMaterialResolver] Material 'Material.005/TEXFACE/Metalroof01.dds' in mesh 'officeblock03box.mesh' group '{bundle USER:/mods/CityWorldNextLocalOverlay.zip}' resolved to 'modularbuildings/TEXFACE/Metalroof01.dds' via reviewed alias (archive_sha256=ebeac2f0204f25ca1955f29ca1583b2afa4517a3a848feb1db203814acac2ef3)
06:19:45: Warning: officeblock03box.mesh uses an old format [MeshSerializer_v1.41]; upgrade with the OgreMeshUpgrader tool
06:19:45: Mesh: Loading officeblock04.mesh.
06:19:45: Warning: officeblock04.mesh uses an old format [MeshSerializer_v1.41]; upgrade with the OgreMeshUpgrader tool
06:19:45: Texture 'window_standard_tan_cropped.dds': Loading 1 faces(PF_DXT1,256x256x1) with 5 custom mipmaps from Image. Internal format is PF_DXT1,256x256x1.
06:19:45: Texture 'window_standard_tan_croppedspec.dds': Loading 1 faces(PF_DXT5,256x256x1) with 5 custom mipmaps from Image. Internal format is PF_DXT5,256x256x1.
06:19:45: Texture 'window_narrow_tan_cropped.dds': Loading 1 faces(PF_DXT1,128x256x1) with 5 custom mipmaps from Image. Internal format is PF_DXT1,128x256x1.
06:19:45: Texture 'base_window_standard_tan_cropped.dds': Loading 1 faces(PF_DXT1,256x256x1) with 5 custom mipmaps from Image. Internal format is PF_DXT1,256x256x1.
06:19:45: Texture 'base_window_standard_tan_croppedspec.dds': Loading 1 faces(PF_DXT5,256x256x1) with 5 custom mipmaps from Image. Internal format is PF_DXT5,256x256x1.
06:19:45: Texture 'base_window_narrow_tan_cropped.dds': Loading 1 faces(PF_DXT1,124x256x1) with 5 custom mipmaps from Image. Internal format is PF_DXT1,124x256x1.
06:19:45: Texture 'base_window_arch_tan_cropped.dds': Loading 1 faces(PF_DXT1,256x256x1) with 5 custom mipmaps from Image. Internal format is PF_DXT1,256x256x1.
06:19:45: Texture 'base_window_arch_tan_croppedspec.dds': Loading 1 faces(PF_DXT5,256x256x1) with 5 custom mipmaps from Image. Internal format is PF_DXT5,256x256x1.
06:19:45: Mesh: Loading officeblock04_lod1.mesh.
06:19:45: Warning: officeblock04_lod1.mesh uses an old format [MeshSerializer_v1.41]; upgrade with the OgreMeshUpgrader tool
06:19:45: Mesh: Loading officeblock04box.mesh.
06:19:45: Warning: officeblock04box.mesh uses an old format [MeshSerializer_v1.41]; upgrade with the OgreMeshUpgrader tool
06:19:45: Mesh: Loading store04.mesh.
06:19:45: Warning: store04.mesh uses an old format [MeshSerializer_v1.41]; upgrade with the OgreMeshUpgrader tool
06:19:45: Texture 'cornice02end_darkred.jpg': Loading 1 faces(PF_R8G8B8,44x122x1) with 5 hardware generated mipmaps from Image. Internal format is PF_R8G8B8,44x122x1.
06:19:45: Mesh: Loading store04_lod1.mesh.
06:19:45: Warning: store04_lod1.mesh uses an old format [MeshSerializer_v1.41]; upgrade with the OgreMeshUpgrader tool
06:19:45: Mesh: Loading store04box.mesh.
06:19:45: [RoR|ContentManager|LegacyMaterialResolver] Material 'Material.001' in mesh 'store04box.mesh' group '{bundle USER:/mods/CityWorldNextLocalOverlay.zip}' resolved to 'RoR/LegacyMaterialFallback/ebeac2f0204f/c4b5a927ca637ab1' via generated lit fallback (archive_sha256=ebeac2f0204f25ca1955f29ca1583b2afa4517a3a848feb1db203814acac2ef3)
06:19:45: Warning: store04box.mesh uses an old format [MeshSerializer_v1.41]; upgrade with the OgreMeshUpgrader tool
06:19:45: Mesh: Loading parkinglotedge.mesh.
06:19:45: Warning: parkinglotedge.mesh uses an old format [MeshSerializer_v1.41]; upgrade with the OgreMeshUpgrader tool
06:19:45: Texture 'parkingspacewhite.dds': Loading 1 faces(PF_DXT1,128x256x1) with 5 custom mipmaps from Image. Internal format is PF_DXT1,128x256x1.
06:19:45: Mesh: Loading parkinglotentrance.mesh.
06:19:45: Warning: parkinglotentrance.mesh uses an old format [MeshSerializer_v1.41]; upgrade with the OgreMeshUpgrader tool
06:19:45: Texture 'Parkingsign.dds': Loading 1 faces(PF_DXT1,256x64x1) with 5 custom mipmaps from Image. Internal format is PF_DXT1,256x64x1.
06:19:45: Mesh: Loading parkinglotentrancebox.mesh.
06:19:45: Warning: parkinglotentrancebox.mesh uses an old format [MeshSerializer_v1.41]; upgrade with the OgreMeshUpgrader tool
06:19:45: Mesh: Loading store05.mesh.
06:19:45: Warning: store05.mesh uses an old format [MeshSerializer_v1.41]; upgrade with the OgreMeshUpgrader tool
06:19:45: Texture 'brickwindow_white.dds': Loading 1 faces(PF_DXT1,128x256x1) with 5 custom mipmaps from Image. Internal format is PF_DXT1,128x256x1.
06:19:45: Texture 'base_brickwindow_darkblue.dds': Loading 1 faces(PF_DXT1,128x256x1) with 5 custom mipmaps from Image. Internal format is PF_DXT1,128x256x1.
06:19:45: Mesh: Loading store05_lod1.mesh.
06:19:45: Warning: store05_lod1.mesh uses an old format [MeshSerializer_v1.41]; upgrade with the OgreMeshUpgrader tool
06:19:45: Mesh: Loading store05box.mesh.
06:19:45: Warning: store05box.mesh uses an old format [MeshSerializer_v1.41]; upgrade with the OgreMeshUpgrader tool
06:19:45: Mesh: Loading sidewalk.mesh.
06:19:45: Warning: sidewalk.mesh uses an old format [MeshSerializer_v1.41]; upgrade with the OgreMeshUpgrader tool
06:19:45: Mesh: Loading asphalt.mesh.
06:19:45: Warning: asphalt.mesh uses an old format [MeshSerializer_v1.41]; upgrade with the OgreMeshUpgrader tool
06:19:45: Mesh: Loading allyentrance.mesh.
06:19:45: Warning: allyentrance.mesh uses an old format [MeshSerializer_v1.41]; upgrade with the OgreMeshUpgrader tool
06:19:45: Mesh: Loading allyentrancebox.mesh.
06:19:45: Warning: allyentrancebox.mesh uses an old format [MeshSerializer_v1.41]; upgrade with the OgreMeshUpgrader tool
06:19:45: Mesh: Loading avenueoveravenue.mesh.
06:19:45: Warning: avenueoveravenue.mesh uses an old format [MeshSerializer_v1.41]; upgrade with the OgreMeshUpgrader tool
06:19:45: Texture 'uglyibeamgreen.dds': Loading 1 faces(PF_DXT1,4x4x1) with 2 custom mipmaps from Image. Internal format is PF_DXT1,4x4x1.
06:19:45: Mesh: Loading avenueoveravenuebox.mesh.
06:19:45: Warning: avenueoveravenuebox.mesh uses an old format [MeshSerializer_v1.41]; upgrade with the OgreMeshUpgrader tool
06:19:45: Mesh: Loading TAVENUESIDEWALK.mesh.
06:19:45: Warning: TAVENUESIDEWALK.mesh uses an old format [MeshSerializer_v1.41]; upgrade with the OgreMeshUpgrader tool
06:19:45: Mesh: Loading TAVENUESIDEWALK_lod1.mesh.
06:19:45: Warning: TAVENUESIDEWALK_lod1.mesh uses an old format [MeshSerializer_v1.41]; upgrade with the OgreMeshUpgrader tool
06:19:45: Mesh: Loading TAVENUESIDEWALK_lod2.mesh.
06:19:45: Warning: TAVENUESIDEWALK_lod2.mesh uses an old format [MeshSerializer_v1.41]; upgrade with the OgreMeshUpgrader tool
06:19:45: Mesh: Loading TAVENUESIDEWALKbox.mesh.
06:19:45: Warning: TAVENUESIDEWALKbox.mesh uses an old format [MeshSerializer_v1.41]; upgrade with the OgreMeshUpgrader tool
06:19:45: Mesh: Loading firehouse.mesh.
06:19:45: Warning: firehouse.mesh uses an old format [MeshSerializer_v1.41]; upgrade with the OgreMeshUpgrader tool
06:19:45: Texture 'cornice01_concrete_fancy.jpg.dds': Loading 1 faces(PF_DXT1,256x64x1) with 5 custom mipmaps from Image. Internal format is PF_DXT1,256x64x1.
06:19:45: Texture 'brickwindow_darkred2.dds': Loading 1 faces(PF_DXT1,128x256x1) with 5 custom mipmaps from Image. Internal format is PF_DXT1,128x256x1.
06:19:45: Texture 'lowercornice01_concrete.dds': Loading 1 faces(PF_DXT1,256x128x1) with 5 custom mipmaps from Image. Internal format is PF_DXT1,256x128x1.
06:19:45: Texture 'brickfiredepartmentdoor.dds': Loading 1 faces(PF_DXT1,256x256x1) with 5 custom mipmaps from Image. Internal format is PF_DXT1,256x256x1.
06:19:45: Mesh: Loading firehouse_lod1.mesh.
06:19:45: Warning: firehouse_lod1.mesh uses an old format [MeshSerializer_v1.41]; upgrade with the OgreMeshUpgrader tool
06:19:45: Mesh: Loading firehousebox.mesh.
06:19:45: [RoR|ContentManager|LegacyMaterialResolver] Material 'Material.005/TEXFACE/brickwall_darkred.dds' in mesh 'firehousebox.mesh' group '{bundle USER:/mods/CityWorldNextLocalOverlay.zip}' resolved to 'modularbuildings/TEXFACE/brickwall_darkred.dds' via reviewed alias (archive_sha256=ebeac2f0204f25ca1955f29ca1583b2afa4517a3a848feb1db203814acac2ef3)
06:19:45: Warning: firehousebox.mesh uses an old format [MeshSerializer_v1.41]; upgrade with the OgreMeshUpgrader tool
06:19:45: Mesh: Loading busstation.mesh.
06:19:45: Warning: busstation.mesh uses an old format [MeshSerializer_v1.41]; upgrade with the OgreMeshUpgrader tool
06:19:45: Texture 'decowhitepanels.dds': Loading 1 faces(PF_DXT1,256x256x1) with 5 custom mipmaps from Image. Internal format is PF_DXT1,256x256x1.
06:19:45: Texture 'busstationsign2.dds': Loading 1 faces(PF_DXT1,32x512x1) with 5 custom mipmaps from Image. Internal format is PF_DXT1,32x512x1.
06:19:45: Texture 'busstationsign.dds': Loading 1 faces(PF_DXT1,512x64x1) with 5 custom mipmaps from Image. Internal format is PF_DXT1,512x64x1.
06:19:45: Texture 'asphalt.dds': Loading 1 faces(PF_DXT1,512x512x1) with 5 hardware generated mipmaps from Image. Internal format is PF_DXT1,512x512x1.
06:19:45: Texture 'decowindow.dds': Loading 1 faces(PF_DXT5,256x256x1) with 5 custom mipmaps from Image. Internal format is PF_DXT5,256x256x1.
06:19:45: Texture 'decowindowspec.dds': Loading 1 faces(PF_DXT5,256x256x1) with 5 custom mipmaps from Image. Internal format is PF_DXT5,256x256x1.
06:19:45: Mesh: Loading busstationbox.mesh.
06:19:45: [RoR|ContentManager|LegacyMaterialResolver] Material 'modularbuildings/TEXFACE' in mesh 'busstationbox.mesh' group '{bundle USER:/mods/CityWorldNextLocalOverlay.zip}' resolved to 'RoR/LegacyMaterialFallback/ebeac2f0204f/4466d685dbcd8201' via generated lit fallback (archive_sha256=ebeac2f0204f25ca1955f29ca1583b2afa4517a3a848feb1db203814acac2ef3)
06:19:45: Warning: busstationbox.mesh uses an old format [MeshSerializer_v1.41]; upgrade with the OgreMeshUpgrader tool
06:19:45: Mesh: Loading officeblock05.mesh.
06:19:45: Warning: officeblock05.mesh uses an old format [MeshSerializer_v1.41]; upgrade with the OgreMeshUpgrader tool
06:19:45: Texture 'cornice04_tan.dds': Loading 1 faces(PF_DXT1,256x256x1) with 5 custom mipmaps from Image. Internal format is PF_DXT1,256x256x1.
06:19:45: Texture 'window_standard_tanbrick.dds': Loading 1 faces(PF_DXT1,256x256x1) with 5 custom mipmaps from Image. Internal format is PF_DXT1,256x256x1.
06:19:45: Mesh: Loading officeblock05_lod1.mesh.
06:19:45: Warning: officeblock05_lod1.mesh uses an old format [MeshSerializer_v1.41]; upgrade with the OgreMeshUpgrader tool
06:19:45: Mesh: Loading officeblock05box.mesh.
06:19:45: Warning: officeblock05box.mesh uses an old format [MeshSerializer_v1.41]; upgrade with the OgreMeshUpgrader tool
06:19:45: Mesh: Loading busstationentrance1.mesh.
06:19:45: Warning: busstationentrance1.mesh uses an old format [MeshSerializer_v1.41]; upgrade with the OgreMeshUpgrader tool
06:19:45: Mesh: Loading busstationentrance1box.mesh.
06:19:45: Warning: busstationentrance1box.mesh uses an old format [MeshSerializer_v1.41]; upgrade with the OgreMeshUpgrader tool
06:19:45: Mesh: Loading busstationentrance2.mesh.
06:19:45: Warning: busstationentrance2.mesh uses an old format [MeshSerializer_v1.41]; upgrade with the OgreMeshUpgrader tool
06:19:45: Mesh: Loading busstationentrance2box.mesh.
06:19:45: Warning: busstationentrance2box.mesh uses an old format [MeshSerializer_v1.41]; upgrade with the OgreMeshUpgrader tool
06:19:45: Mesh: Loading highrise01.mesh.
06:19:45: Warning: highrise01.mesh uses an old format [MeshSerializer_v1.41]; upgrade with the OgreMeshUpgrader tool
06:19:45: Texture 'base_window_standard_lightgrey.dds': Loading 1 faces(PF_DXT1,256x256x1) with 5 custom mipmaps from Image. Internal format is PF_DXT1,256x256x1.
06:19:45: Texture 'base_window_narrow_lightgrey.dds': Loading 1 faces(PF_DXT1,128x256x1) with 5 custom mipmaps from Image. Internal format is PF_DXT1,128x256x1.
06:19:45: Texture 'base_window_arch_lightgrey.dds': Loading 1 faces(PF_DXT1,256x256x1) with 5 custom mipmaps from Image. Internal format is PF_DXT1,256x256x1.
06:19:45: Texture 'window_narrow_lightdarkgrey.dds': Loading 1 faces(PF_DXT1,128x256x1) with 5 custom mipmaps from Image. Internal format is PF_DXT1,128x256x1.
06:19:45: Texture 'window_standard_lightdarkgrey.dds': Loading 1 faces(PF_DXT1,256x256x1) with 5 custom mipmaps from Image. Internal format is PF_DXT1,256x256x1.
06:19:45: Texture 'window_chicago_lightdarkgrey.dds': Loading 1 faces(PF_DXT1,256x256x1) with 5 custom mipmaps from Image. Internal format is PF_DXT1,256x256x1.
06:19:45: Texture 'lowercornice02_concrete.dds': Loading 1 faces(PF_DXT1,256x128x1) with 5 custom mipmaps from Image. Internal format is PF_DXT1,256x128x1.
06:19:45: Mesh: Loading highrise01_lod1.mesh.
06:19:45: Warning: highrise01_lod1.mesh uses an old format [MeshSerializer_v1.41]; upgrade with the OgreMeshUpgrader tool
06:19:45: Mesh: Loading highrise01box.mesh.
06:19:45: [RoR|ContentManager|LegacyMaterialResolver] Material 'Material.019/TEXFACE' in mesh 'highrise01box.mesh' group '{bundle USER:/mods/CityWorldNextLocalOverlay.zip}' resolved to 'RoR/LegacyMaterialFallback/ebeac2f0204f/401a81f96bfe31b3' via generated lit fallback (archive_sha256=ebeac2f0204f25ca1955f29ca1583b2afa4517a3a848feb1db203814acac2ef3)
06:19:45: Warning: highrise01box.mesh uses an old format [MeshSerializer_v1.41]; upgrade with the OgreMeshUpgrader tool
06:19:45: Mesh: Loading officeblock06.mesh.
06:19:45: Warning: officeblock06.mesh uses an old format [MeshSerializer_v1.41]; upgrade with the OgreMeshUpgrader tool
06:19:45: Texture 'window_column_tanbrick.dds': Loading 1 faces(PF_DXT1,256x256x1) with 5 custom mipmaps from Image. Internal format is PF_DXT1,256x256x1.
06:19:45: Texture 'window_arch_tanbrick.dds': Loading 1 faces(PF_DXT1,256x256x1) with 5 custom mipmaps from Image. Internal format is PF_DXT1,256x256x1.
06:19:45: Texture 'window_arch_tanbrickspec.dds': Loading 1 faces(PF_DXT5,256x256x1) with 5 custom mipmaps from Image. Internal format is PF_DXT5,256x256x1.
06:19:45: Texture 'window_columnarch_tanbrick.dds': Loading 1 faces(PF_DXT1,256x256x1) with 5 custom mipmaps from Image. Internal format is PF_DXT1,256x256x1.
06:19:45: Texture 'window_columnbase_tanbrick.dds': Loading 1 faces(PF_DXT1,256x256x1) with 5 custom mipmaps from Image. Internal format is PF_DXT1,256x256x1.
06:19:45: Mesh: Loading officeblock06_lod1.mesh.
06:19:45: Warning: officeblock06_lod1.mesh uses an old format [MeshSerializer_v1.41]; upgrade with the OgreMeshUpgrader tool
06:19:45: Mesh: Loading officeblock06box.mesh.
06:19:45: Warning: officeblock06box.mesh uses an old format [MeshSerializer_v1.41]; upgrade with the OgreMeshUpgrader tool
06:19:45: Mesh: Loading parkinggarage.mesh.
06:19:45: Warning: parkinggarage.mesh uses an old format [MeshSerializer_v1.41]; upgrade with the OgreMeshUpgrader tool
06:19:45: Texture 'concretebaretan.dds': Loading 1 faces(PF_DXT1,256x256x1) with 5 custom mipmaps from Image. Internal format is PF_DXT1,256x256x1.
06:19:45: Texture 'concreteparkingspace.dds': Loading 1 faces(PF_DXT1,128x256x1) with 5 custom mipmaps from Image. Internal format is PF_DXT1,128x256x1.
06:19:45: Texture 'garage_base_window.dds': Loading 1 faces(PF_DXT1,256x256x1) with 5 custom mipmaps from Image. Internal format is PF_DXT1,256x256x1.
06:19:45: Texture 'garage_base_windowspec.dds': Loading 1 faces(PF_DXT5,256x256x1) with 5 custom mipmaps from Image. Internal format is PF_DXT5,256x256x1.
06:19:45: Texture 'garage_window_window_topfloor.dds': Loading 1 faces(PF_DXT5,256x256x1) with 5 custom mipmaps from Image. Internal format is PF_DXT5,256x256x1.
06:19:45: Texture 'garage_window_secondfloor_nocolumn.dds': Loading 1 faces(PF_DXT5,256x256x1) with 5 custom mipmaps from Image. Internal format is PF_DXT5,256x256x1.
06:19:45: Texture 'garage_side_window.dds': Loading 1 faces(PF_DXT5,256x256x1) with 5 custom mipmaps from Image. Internal format is PF_DXT5,256x256x1.
06:19:45: Texture 'garage_side_windowspec.dds': Loading 1 faces(PF_DXT5,256x256x1) with 5 custom mipmaps from Image. Internal format is PF_DXT5,256x256x1.
06:19:45: Texture 'garage_cornice.dds': Loading 1 faces(PF_DXT1,256x128x1) with 5 custom mipmaps from Image. Internal format is PF_DXT1,256x128x1.
06:19:45: Texture 'garage_window_mainwindow.dds': Loading 1 faces(PF_DXT5,256x256x1) with 5 custom mipmaps from Image. Internal format is PF_DXT5,256x256x1.
06:19:45: Texture 'garage_window_secondfloor_column.dds': Loading 1 faces(PF_DXT5,256x256x1) with 5 custom mipmaps from Image. Internal format is PF_DXT5,256x256x1.
06:19:45: Texture 'garage_base_door.dds': Loading 1 faces(PF_DXT1,256x256x1) with 5 custom mipmaps from Image. Internal format is PF_DXT1,256x256x1.
06:19:45: Texture 'garage_base_doorspec.dds': Loading 1 faces(PF_DXT5,256x256x1) with 5 custom mipmaps from Image. Internal format is PF_DXT5,256x256x1.
06:19:45: Mesh: Loading parkinggarage_lod1.mesh.
06:19:45: Warning: parkinggarage_lod1.mesh uses an old format [MeshSerializer_v1.41]; upgrade with the OgreMeshUpgrader tool
06:19:45: Mesh: Loading parkinggaragebox.mesh.
06:19:45: [RoR|ContentManager|LegacyMaterialResolver] Material 'Material.044/TEXFACE/concretebaretan.dds' in mesh 'parkinggaragebox.mesh' group '{bundle USER:/mods/CityWorldNextLocalOverlay.zip}' resolved to 'modularbuildings/TEXFACE/concretebaretan.dds' via reviewed alias (archive_sha256=ebeac2f0204f25ca1955f29ca1583b2afa4517a3a848feb1db203814acac2ef3)
06:19:45: [RoR|ContentManager|LegacyMaterialResolver] Material 'Material.044/TEXFACE/sidewalkedge.dds' in mesh 'parkinggaragebox.mesh' group '{bundle USER:/mods/CityWorldNextLocalOverlay.zip}' resolved to 'modularbuildings/TEXFACE/sidewalkedge.dds' via reviewed alias (archive_sha256=ebeac2f0204f25ca1955f29ca1583b2afa4517a3a848feb1db203814acac2ef3)
06:19:45: [RoR|ContentManager|LegacyMaterialResolver] Material 'Material.044/TEXFACE/sidewalk01.dds' in mesh 'parkinggaragebox.mesh' group '{bundle USER:/mods/CityWorldNextLocalOverlay.zip}' resolved to 'modularbuildings/TEXFACE/sidewalk01.dds' via reviewed alias (archive_sha256=ebeac2f0204f25ca1955f29ca1583b2afa4517a3a848feb1db203814acac2ef3)
06:19:45: [RoR|ContentManager|LegacyMaterialResolver] Material 'Material.044/TEXFACE/asphalt.dds' in mesh 'parkinggaragebox.mesh' group '{bundle USER:/mods/CityWorldNextLocalOverlay.zip}' resolved to 'modularbuildings/TEXFACE/asphalt.dds' via reviewed alias (archive_sha256=ebeac2f0204f25ca1955f29ca1583b2afa4517a3a848feb1db203814acac2ef3)
06:19:45: [RoR|ContentManager|LegacyMaterialResolver] Material 'Material.044/TEXFACE' in mesh 'parkinggaragebox.mesh' group '{bundle USER:/mods/CityWorldNextLocalOverlay.zip}' resolved to 'RoR/LegacyMaterialFallback/ebeac2f0204f/5479dbd877b2c9a9' via generated lit fallback (archive_sha256=ebeac2f0204f25ca1955f29ca1583b2afa4517a3a848feb1db203814acac2ef3)
06:19:45: Warning: parkinggaragebox.mesh uses an old format [MeshSerializer_v1.41]; upgrade with the OgreMeshUpgrader tool
06:19:45: Mesh: Loading garageentrance.mesh.
06:19:45: Warning: garageentrance.mesh uses an old format [MeshSerializer_v1.41]; upgrade with the OgreMeshUpgrader tool
06:19:45: Mesh: Loading garageentrancebox.mesh.
06:19:45: Warning: garageentrancebox.mesh uses an old format [MeshSerializer_v1.41]; upgrade with the OgreMeshUpgrader tool
06:19:45: Mesh: Loading store06.mesh.
06:19:45: Warning: store06.mesh uses an old format [MeshSerializer_v1.41]; upgrade with the OgreMeshUpgrader tool
06:19:45: Texture 'brickwindowarch_darkred2.jpg.dds': Loading 1 faces(PF_DXT1,128x256x1) with 5 custom mipmaps from Image. Internal format is PF_DXT1,128x256x1.
06:19:45: Texture 'cornice02_darkred2.jpg.dds': Loading 1 faces(PF_DXT1,256x64x1) with 5 custom mipmaps from Image. Internal format is PF_DXT1,256x64x1.
06:19:45: Mesh: Loading store06_lod1.mesh.
06:19:45: Warning: store06_lod1.mesh uses an old format [MeshSerializer_v1.41]; upgrade with the OgreMeshUpgrader tool
06:19:45: Mesh: Loading store06box.mesh.
06:19:45: Warning: store06box.mesh uses an old format [MeshSerializer_v1.41]; upgrade with the OgreMeshUpgrader tool
06:19:45: Mesh: Loading officeblock07.mesh.
06:19:45: Warning: officeblock07.mesh uses an old format [MeshSerializer_v1.41]; upgrade with the OgreMeshUpgrader tool
06:19:45: Texture 'cornice04_lightgrey.dds': Loading 1 faces(PF_DXT1,256x256x1) with 5 custom mipmaps from Image. Internal format is PF_DXT1,256x256x1.
06:19:45: Mesh: Loading officeblock07_lod1.mesh.
06:19:45: Warning: officeblock07_lod1.mesh uses an old format [MeshSerializer_v1.41]; upgrade with the OgreMeshUpgrader tool
06:19:45: Mesh: Loading officeblock07box.mesh.
06:19:45: [RoR|ContentManager|LegacyMaterialResolver] Material 'Material.025/TEXFACE/sidewalkedge.dds' in mesh 'officeblock07box.mesh' group '{bundle USER:/mods/CityWorldNextLocalOverlay.zip}' resolved to 'modularbuildings/TEXFACE/sidewalkedge.dds' via reviewed alias (archive_sha256=ebeac2f0204f25ca1955f29ca1583b2afa4517a3a848feb1db203814acac2ef3)
06:19:45: [RoR|ContentManager|LegacyMaterialResolver] Material 'Material.025/TEXFACE/sidewalk01.dds' in mesh 'officeblock07box.mesh' group '{bundle USER:/mods/CityWorldNextLocalOverlay.zip}' resolved to 'modularbuildings/TEXFACE/sidewalk01.dds' via reviewed alias (archive_sha256=ebeac2f0204f25ca1955f29ca1583b2afa4517a3a848feb1db203814acac2ef3)
06:19:45: [RoR|ContentManager|LegacyMaterialResolver] Material 'Material.025/TEXFACE/Metalroof01.dds' in mesh 'officeblock07box.mesh' group '{bundle USER:/mods/CityWorldNextLocalOverlay.zip}' resolved to 'modularbuildings/TEXFACE/Metalroof01.dds' via reviewed alias (archive_sha256=ebeac2f0204f25ca1955f29ca1583b2afa4517a3a848feb1db203814acac2ef3)
06:19:45: Warning: officeblock07box.mesh uses an old format [MeshSerializer_v1.41]; upgrade with the OgreMeshUpgrader tool
06:19:45: Mesh: Loading store07.mesh.
06:19:45: Warning: store07.mesh uses an old format [MeshSerializer_v1.41]; upgrade with the OgreMeshUpgrader tool
06:19:45: Texture 'brickwindowplain_darkred2.dds': Loading 1 faces(PF_DXT1,128x256x1) with 5 custom mipmaps from Image. Internal format is PF_DXT1,128x256x1.
06:19:45: Texture 'brickwindowwide_darkred.dds': Loading 1 faces(PF_DXT1,256x256x1) with 5 custom mipmaps from Image. Internal format is PF_DXT1,256x256x1.
06:19:45: Texture 'brickwindowwide_darkredspec.dds': Loading 1 faces(PF_DXT5,256x256x1) with 5 custom mipmaps from Image. Internal format is PF_DXT5,256x256x1.
06:19:45: Mesh: Loading store07_lod1.mesh.
06:19:45: Warning: store07_lod1.mesh uses an old format [MeshSerializer_v1.41]; upgrade with the OgreMeshUpgrader tool
06:19:45: Mesh: Loading store07box.mesh.
06:19:45: Warning: store07box.mesh uses an old format [MeshSerializer_v1.41]; upgrade with the OgreMeshUpgrader tool
06:19:45: Mesh: Loading highrise02.mesh.
06:19:45: Warning: highrise02.mesh uses an old format [MeshSerializer_v1.41]; upgrade with the OgreMeshUpgrader tool
06:19:45: Texture 'cornice05_lightgrey.dds': Loading 1 faces(PF_DXT1,256x256x1) with 5 custom mipmaps from Image. Internal format is PF_DXT1,256x256x1.
06:19:45: Texture 'base_window_tallarchentrance_lightgrey.dds': Loading 1 faces(PF_DXT1,256x512x1) with 5 custom mipmaps from Image. Internal format is PF_DXT1,256x512x1.
06:19:45: Texture 'base_window_tallarch_lightgreyspec.dds': Loading 1 faces(PF_DXT5,256x512x1) with 5 custom mipmaps from Image. Internal format is PF_DXT5,256x512x1.
06:19:45: Texture 'window_chicago_lightgrey2.dds': Loading 1 faces(PF_DXT1,256x256x1) with 5 custom mipmaps from Image. Internal format is PF_DXT1,256x256x1.
06:19:45: Texture 'window_standard_lightgrey2.dds': Loading 1 faces(PF_DXT1,256x256x1) with 5 custom mipmaps from Image. Internal format is PF_DXT1,256x256x1.
06:19:45: Texture 'base_window_tallsmallarch_lightgrey.dds': Loading 1 faces(PF_DXT1,256x512x1) with 5 custom mipmaps from Image. Internal format is PF_DXT1,256x512x1.
06:19:45: Texture 'base_window_tallsmallarch_lightgreyspec.dds': Loading 1 faces(PF_DXT5,256x512x1) with 5 custom mipmaps from Image. Internal format is PF_DXT5,256x512x1.
06:19:45: Texture 'base_window_tallarch_lightgrey.dds': Loading 1 faces(PF_DXT1,256x512x1) with 5 custom mipmaps from Image. Internal format is PF_DXT1,256x512x1.
06:19:45: Mesh: Loading highrise02_lod1.mesh.
06:19:45: Warning: highrise02_lod1.mesh uses an old format [MeshSerializer_v1.41]; upgrade with the OgreMeshUpgrader tool
06:19:45: Mesh: Loading highrise02box.mesh.
06:19:45: Warning: highrise02box.mesh uses an old format [MeshSerializer_v1.41]; upgrade with the OgreMeshUpgrader tool
06:19:45: Mesh: Loading policedepartment.mesh.
06:19:45: Warning: policedepartment.mesh uses an old format [MeshSerializer_v1.41]; upgrade with the OgreMeshUpgrader tool
06:19:45: Texture 'brickwindowplain_darkred3.dds': Loading 1 faces(PF_DXT1,128x256x1) with 5 custom mipmaps from Image. Internal format is PF_DXT1,128x256x1.
06:19:45: Texture 'cornice02_tan.dds': Loading 1 faces(PF_DXT1,256x64x1) with 5 custom mipmaps from Image. Internal format is PF_DXT1,256x64x1.
06:19:45: Texture 'lowercornice03_concrete.dds': Loading 1 faces(PF_DXT1,256x128x1) with 5 custom mipmaps from Image. Internal format is PF_DXT1,256x128x1.
06:19:45: Texture 'policedepartmentsign.dds': Loading 1 faces(PF_DXT1,512x64x1) with 5 custom mipmaps from Image. Internal format is PF_DXT1,512x64x1.
06:19:45: Texture 'base_brickentrance_columns.dds': Loading 1 faces(PF_DXT1,256x256x1) with 5 custom mipmaps from Image. Internal format is PF_DXT1,256x256x1.
06:19:45: Texture 'base_brickentrance_columnsspec.dds': Loading 1 faces(PF_DXT5,256x256x1) with 5 custom mipmaps from Image. Internal format is PF_DXT5,256x256x1.
06:19:45: Mesh: Loading policedepartment_lod1.mesh.
06:19:45: Warning: policedepartment_lod1.mesh uses an old format [MeshSerializer_v1.41]; upgrade with the OgreMeshUpgrader tool
06:19:45: Mesh: Loading policedepartmentbox.mesh.
06:19:45: [RoR|ContentManager|LegacyMaterialResolver] Material 'Material.005/TEXFACE/cornice02_tan.dds' in mesh 'policedepartmentbox.mesh' group '{bundle USER:/mods/CityWorldNextLocalOverlay.zip}' resolved to 'modularbuildings/TEXFACE/cornice02_tan.dds' via reviewed alias (archive_sha256=ebeac2f0204f25ca1955f29ca1583b2afa4517a3a848feb1db203814acac2ef3)
06:19:45: Warning: policedepartmentbox.mesh uses an old format [MeshSerializer_v1.41]; upgrade with the OgreMeshUpgrader tool
06:19:45: Mesh: Loading officeblock08.mesh.
06:19:45: Warning: officeblock08.mesh uses an old format [MeshSerializer_v1.41]; upgrade with the OgreMeshUpgrader tool
06:19:45: Mesh: Loading officeblock08_lod1.mesh.
06:19:45: Warning: officeblock08_lod1.mesh uses an old format [MeshSerializer_v1.41]; upgrade with the OgreMeshUpgrader tool
06:19:45: Mesh: Loading officeblock08box.mesh.
06:19:45: Warning: officeblock08box.mesh uses an old format [MeshSerializer_v1.41]; upgrade with the OgreMeshUpgrader tool
06:19:45: Mesh: Loading skyscraper02.mesh.
06:19:45: Warning: VET_COLOUR_ARGB element type is deprecated and incurs conversion on load. Use OgreMeshUpgrader on 'skyscraper02.mesh' as soon as possible.
06:19:45: Warning: VET_COLOUR_ARGB element type is deprecated and incurs conversion on load. Use OgreMeshUpgrader on 'skyscraper02.mesh' as soon as possible.
06:19:45: Warning: VET_COLOUR_ARGB element type is deprecated and incurs conversion on load. Use OgreMeshUpgrader on 'skyscraper02.mesh' as soon as possible.
06:19:45: Warning: VET_COLOUR_ARGB element type is deprecated and incurs conversion on load. Use OgreMeshUpgrader on 'skyscraper02.mesh' as soon as possible.
06:19:45: Warning: VET_COLOUR_ARGB element type is deprecated and incurs conversion on load. Use OgreMeshUpgrader on 'skyscraper02.mesh' as soon as possible.
06:19:45: Warning: VET_COLOUR_ARGB element type is deprecated and incurs conversion on load. Use OgreMeshUpgrader on 'skyscraper02.mesh' as soon as possible.
06:19:45: Warning: VET_COLOUR_ARGB element type is deprecated and incurs conversion on load. Use OgreMeshUpgrader on 'skyscraper02.mesh' as soon as possible.
06:19:45: Warning: VET_COLOUR_ARGB element type is deprecated and incurs conversion on load. Use OgreMeshUpgrader on 'skyscraper02.mesh' as soon as possible.
06:19:45: Warning: VET_COLOUR_ARGB element type is deprecated and incurs conversion on load. Use OgreMeshUpgrader on 'skyscraper02.mesh' as soon as possible.
06:19:45: Warning: VET_COLOUR_ARGB element type is deprecated and incurs conversion on load. Use OgreMeshUpgrader on 'skyscraper02.mesh' as soon as possible.
06:19:45: Warning: VET_COLOUR_ARGB element type is deprecated and incurs conversion on load. Use OgreMeshUpgrader on 'skyscraper02.mesh' as soon as possible.
06:19:45: Warning: skyscraper02.mesh uses an old format [MeshSerializer_v1.41]; upgrade with the OgreMeshUpgrader tool
06:19:45: Texture '40wallstreetcornicestandard.dds': Loading 1 faces(PF_DXT1,256x128x1) with 5 custom mipmaps from Image. Internal format is PF_DXT1,256x128x1.
06:19:45: Texture 'window_smooth_standard_lightgreytan.dds': Loading 1 faces(PF_DXT1,256x256x1) with 5 custom mipmaps from Image. Internal format is PF_DXT1,256x256x1.
06:19:45: Texture 'window_smooth_narrow_lightgreytan.dds': Loading 1 faces(PF_DXT1,128x256x1) with 5 custom mipmaps from Image. Internal format is PF_DXT1,128x256x1.
06:19:45: Texture 'window_smooth_standard_lightgreygreen.dds': Loading 1 faces(PF_DXT1,256x256x1) with 5 custom mipmaps from Image. Internal format is PF_DXT1,256x256x1.
06:19:45: Texture '40wallstreetwindow01.dds': Loading 1 faces(PF_DXT1,256x256x1) with 5 custom mipmaps from Image. Internal format is PF_DXT1,256x256x1.
06:19:45: Texture '40wallstreetwindow01spec.dds': Loading 1 faces(PF_DXT5,256x256x1) with 5 custom mipmaps from Image. Internal format is PF_DXT5,256x256x1.
06:19:45: Texture 'window_smooth_narrow_lightgreygreen.dds': Loading 1 faces(PF_DXT1,128x256x1) with 5 custom mipmaps from Image. Internal format is PF_DXT1,128x256x1.
06:19:45: Texture 'coppersheathing.dds': Loading 1 faces(PF_DXT1,256x256x1) with 5 custom mipmaps from Image. Internal format is PF_DXT1,256x256x1.
06:19:45: Texture 'gothicwindow.dds': Loading 1 faces(PF_DXT1,128x256x1) with 5 custom mipmaps from Image. Internal format is PF_DXT1,128x256x1.
06:19:45: Texture 'gothicwindowspec.dds': Loading 1 faces(PF_DXT5,128x256x1) with 5 custom mipmaps from Image. Internal format is PF_DXT5,128x256x1.
06:19:45: Mesh: Loading skyscraper02_lod1.mesh.
06:19:45: Warning: VET_COLOUR_ARGB element type is deprecated and incurs conversion on load. Use OgreMeshUpgrader on 'skyscraper02_lod1.mesh' as soon as possible.
06:19:45: Warning: VET_COLOUR_ARGB element type is deprecated and incurs conversion on load. Use OgreMeshUpgrader on 'skyscraper02_lod1.mesh' as soon as possible.
06:19:45: Warning: VET_COLOUR_ARGB element type is deprecated and incurs conversion on load. Use OgreMeshUpgrader on 'skyscraper02_lod1.mesh' as soon as possible.
06:19:45: Warning: VET_COLOUR_ARGB element type is deprecated and incurs conversion on load. Use OgreMeshUpgrader on 'skyscraper02_lod1.mesh' as soon as possible.
06:19:45: Warning: VET_COLOUR_ARGB element type is deprecated and incurs conversion on load. Use OgreMeshUpgrader on 'skyscraper02_lod1.mesh' as soon as possible.
06:19:45: Warning: VET_COLOUR_ARGB element type is deprecated and incurs conversion on load. Use OgreMeshUpgrader on 'skyscraper02_lod1.mesh' as soon as possible.
06:19:45: Warning: VET_COLOUR_ARGB element type is deprecated and incurs conversion on load. Use OgreMeshUpgrader on 'skyscraper02_lod1.mesh' as soon as possible.
06:19:45: Warning: VET_COLOUR_ARGB element type is deprecated and incurs conversion on load. Use OgreMeshUpgrader on 'skyscraper02_lod1.mesh' as soon as possible.
06:19:45: Warning: skyscraper02_lod1.mesh uses an old format [MeshSerializer_v1.41]; upgrade with the OgreMeshUpgrader tool
06:19:45: Mesh: Loading skyscraper02box.mesh.
06:19:45: Warning: VET_COLOUR_ARGB element type is deprecated and incurs conversion on load. Use OgreMeshUpgrader on 'skyscraper02box.mesh' as soon as possible.
06:19:45: Warning: VET_COLOUR_ARGB element type is deprecated and incurs conversion on load. Use OgreMeshUpgrader on 'skyscraper02box.mesh' as soon as possible.
06:19:45: Warning: VET_COLOUR_ARGB element type is deprecated and incurs conversion on load. Use OgreMeshUpgrader on 'skyscraper02box.mesh' as soon as possible.
06:19:45: Warning: VET_COLOUR_ARGB element type is deprecated and incurs conversion on load. Use OgreMeshUpgrader on 'skyscraper02box.mesh' as soon as possible.
06:19:45: Warning: VET_COLOUR_ARGB element type is deprecated and incurs conversion on load. Use OgreMeshUpgrader on 'skyscraper02box.mesh' as soon as possible.
06:19:45: Warning: VET_COLOUR_ARGB element type is deprecated and incurs conversion on load. Use OgreMeshUpgrader on 'skyscraper02box.mesh' as soon as possible.
06:19:45: Warning: skyscraper02box.mesh uses an old format [MeshSerializer_v1.41]; upgrade with the OgreMeshUpgrader tool
06:19:45: Mesh: Loading helipad.mesh.
06:19:45: Warning: helipad.mesh uses an old format [MeshSerializer_v1.41]; upgrade with the OgreMeshUpgrader tool
06:19:45: Texture 'Helipad.dds': Loading 1 faces(PF_DXT1,256x256x1) with 5 custom mipmaps from Image. Internal format is PF_DXT1,256x256x1.
06:19:45: Mesh: Loading warehouse01.mesh.
06:19:45: Warning: warehouse01.mesh uses an old format [MeshSerializer_v1.41]; upgrade with the OgreMeshUpgrader tool
06:19:45: Texture 'warehouse_largewindow.dds': Loading 1 faces(PF_DXT1,256x168x1) with 5 custom mipmaps from Image. Internal format is PF_DXT1,256x168x1.
06:19:45: Texture 'warehouse_largewindowspec.dds': Loading 1 faces(PF_DXT5,256x168x1) with 5 custom mipmaps from Image. Internal format is PF_DXT5,256x168x1.
06:19:45: Texture 'warehouse_smallwindow_entrance.dds': Loading 1 faces(PF_DXT1,256x168x1) with 5 custom mipmaps from Image. Internal format is PF_DXT1,256x168x1.
06:19:45: Texture 'warehouse_smallwindow_entrancespec.dds': Loading 1 faces(PF_DXT5,256x168x1) with 5 custom mipmaps from Image. Internal format is PF_DXT5,256x168x1.
06:19:45: Texture 'warehouse_smallwindow_top.dds': Loading 1 faces(PF_DXT1,256x256x1) with 5 custom mipmaps from Image. Internal format is PF_DXT1,256x256x1.
06:19:45: Texture 'warehouse_smallwindow_topspec.dds': Loading 1 faces(PF_DXT5,256x256x1) with 5 custom mipmaps from Image. Internal format is PF_DXT5,256x256x1.
06:19:45: Texture 'warehouse_largewindow_top.dds': Loading 1 faces(PF_DXT1,256x168x1) with 5 custom mipmaps from Image. Internal format is PF_DXT1,256x168x1.
06:19:45: Texture 'warehouse_largewindow_topspec.dds': Loading 1 faces(PF_DXT5,256x168x1) with 5 custom mipmaps from Image. Internal format is PF_DXT5,256x168x1.
06:19:45: Texture 'warehouse_smallwindow.dds': Loading 1 faces(PF_DXT1,256x168x1) with 5 custom mipmaps from Image. Internal format is PF_DXT1,256x168x1.
06:19:45: Texture 'warehouse_smallwindowspec.dds': Loading 1 faces(PF_DXT5,256x168x1) with 5 custom mipmaps from Image. Internal format is PF_DXT5,256x168x1.
06:19:45: Texture 'warehouse_largewindow_loadingdock.dds': Loading 1 faces(PF_DXT1,256x168x1) with 5 custom mipmaps from Image. Internal format is PF_DXT1,256x168x1.
06:19:45: Texture 'warehouse_largewindow_loadingdockspec.dds': Loading 1 faces(PF_DXT5,256x168x1) with 5 custom mipmaps from Image. Internal format is PF_DXT5,256x168x1.
06:19:45: Mesh: Loading warehouse01_lod1.mesh.
06:19:45: Warning: warehouse01_lod1.mesh uses an old format [MeshSerializer_v1.41]; upgrade with the OgreMeshUpgrader tool
06:19:45: Mesh: Loading warehouse01box.mesh.
06:19:45: Warning: warehouse01box.mesh uses an old format [MeshSerializer_v1.41]; upgrade with the OgreMeshUpgrader tool
06:19:45: Mesh: Loading elevatedhighwaypillar.mesh.
06:19:45: Warning: elevatedhighwaypillar.mesh uses an old format [MeshSerializer_v1.41]; upgrade with the OgreMeshUpgrader tool
06:19:45: Texture 'concretetan.dds': Loading 1 faces(PF_DXT1,256x256x1) with 5 custom mipmaps from Image. Internal format is PF_DXT1,256x256x1.
06:19:45: Texture 'concreteindent.dds': Loading 1 faces(PF_DXT1,128x64x1) with 5 custom mipmaps from Image. Internal format is PF_DXT1,128x64x1.
06:19:45: Texture 'blacksteelbeam.dds': Loading 1 faces(PF_DXT1,256x128x1) with 5 custom mipmaps from Image. Internal format is PF_DXT1,256x128x1.
06:19:45: Mesh: Loading elevatedhighwaypillar_lod1.mesh.
06:19:45: Warning: elevatedhighwaypillar_lod1.mesh uses an old format [MeshSerializer_v1.41]; upgrade with the OgreMeshUpgrader tool
06:19:45: Mesh: Loading elevatedhighwaypillar_lod2.mesh.
06:19:45: Warning: elevatedhighwaypillar_lod2.mesh uses an old format [MeshSerializer_v1.41]; upgrade with the OgreMeshUpgrader tool
06:19:45: Mesh: Loading elevatedhighwaypillarbox.mesh.
06:19:45: Warning: elevatedhighwaypillarbox.mesh uses an old format [MeshSerializer_v1.41]; upgrade with the OgreMeshUpgrader tool
06:19:45: Mesh: Loading elevatedhighway.mesh.
06:19:45: Warning: elevatedhighway.mesh uses an old format [MeshSerializer_v1.41]; upgrade with the OgreMeshUpgrader tool
06:19:45: Mesh: Loading elevatedhighway_lod1.mesh.
06:19:45: Warning: elevatedhighway_lod1.mesh uses an old format [MeshSerializer_v1.41]; upgrade with the OgreMeshUpgrader tool
06:19:45: Mesh: Loading elevatedhighway_lod2.mesh.
06:19:45: Warning: elevatedhighway_lod2.mesh uses an old format [MeshSerializer_v1.41]; upgrade with the OgreMeshUpgrader tool
06:19:45: Mesh: Loading elevatedhighwaybox.mesh.
06:19:45: Warning: elevatedhighwaybox.mesh uses an old format [MeshSerializer_v1.41]; upgrade with the OgreMeshUpgrader tool
06:19:45: Mesh: Loading elevatedhighwayramp.mesh.
06:19:45: Warning: elevatedhighwayramp.mesh uses an old format [MeshSerializer_v1.41]; upgrade with the OgreMeshUpgrader tool
06:19:45: Mesh: Loading straightavenuehalf.mesh.
06:19:45: Warning: straightavenuehalf.mesh uses an old format [MeshSerializer_v1.41]; upgrade with the OgreMeshUpgrader tool
06:19:45: Mesh: Loading straightavenuehalfbox.mesh.
06:19:45: Warning: straightavenuehalfbox.mesh uses an old format [MeshSerializer_v1.41]; upgrade with the OgreMeshUpgrader tool
06:19:45: Mesh: Loading RAMP.mesh.
06:19:45: Warning: RAMP.mesh uses an old format [MeshSerializer_v1.41]; upgrade with the OgreMeshUpgrader tool
06:19:45: Texture 'ramp.dds': Loading 1 faces(PF_DXT1,512x512x1) with 5 custom mipmaps from Image. Internal format is PF_DXT1,512x512x1.
06:19:45: Mesh: Loading RAMPbox.mesh.
06:19:45: [RoR|ContentManager|LegacyMaterialResolver] Material 'penguinvilleblock02/TEXFACE/ramp.tga' in mesh 'RAMPbox.mesh' group '{bundle USER:/mods/CityWorldNextLocalOverlay.zip}' resolved to 'dneroads/TEXFACE/ramp.tga' via reviewed alias (archive_sha256=ebeac2f0204f25ca1955f29ca1583b2afa4517a3a848feb1db203814acac2ef3)
06:19:45: Warning: RAMPbox.mesh uses an old format [MeshSerializer_v1.41]; upgrade with the OgreMeshUpgrader tool
06:19:45: Mesh: Loading urbanbaja01.mesh.
06:19:45: Warning: VET_COLOUR_ARGB element type is deprecated and incurs conversion on load. Use OgreMeshUpgrader on 'urbanbaja01.mesh' as soon as possible.
06:19:45: Warning: VET_COLOUR_ARGB element type is deprecated and incurs conversion on load. Use OgreMeshUpgrader on 'urbanbaja01.mesh' as soon as possible.
06:19:45: Warning: VET_COLOUR_ARGB element type is deprecated and incurs conversion on load. Use OgreMeshUpgrader on 'urbanbaja01.mesh' as soon as possible.
06:19:45: Warning: VET_COLOUR_ARGB element type is deprecated and incurs conversion on load. Use OgreMeshUpgrader on 'urbanbaja01.mesh' as soon as possible.
06:19:45: Warning: VET_COLOUR_ARGB element type is deprecated and incurs conversion on load. Use OgreMeshUpgrader on 'urbanbaja01.mesh' as soon as possible.
06:19:45: Warning: VET_COLOUR_ARGB element type is deprecated and incurs conversion on load. Use OgreMeshUpgrader on 'urbanbaja01.mesh' as soon as possible.
06:19:45: Warning: VET_COLOUR_ARGB element type is deprecated and incurs conversion on load. Use OgreMeshUpgrader on 'urbanbaja01.mesh' as soon as possible.
06:19:45: Warning: VET_COLOUR_ARGB element type is deprecated and incurs conversion on load. Use OgreMeshUpgrader on 'urbanbaja01.mesh' as soon as possible.
06:19:45: Warning: VET_COLOUR_ARGB element type is deprecated and incurs conversion on load. Use OgreMeshUpgrader on 'urbanbaja01.mesh' as soon as possible.
06:19:45: Warning: VET_COLOUR_ARGB element type is deprecated and incurs conversion on load. Use OgreMeshUpgrader on 'urbanbaja01.mesh' as soon as possible.
06:19:45: Warning: VET_COLOUR_ARGB element type is deprecated and incurs conversion on load. Use OgreMeshUpgrader on 'urbanbaja01.mesh' as soon as possible.
06:19:45: Warning: VET_COLOUR_ARGB element type is deprecated and incurs conversion on load. Use OgreMeshUpgrader on 'urbanbaja01.mesh' as soon as possible.
06:19:45: Warning: VET_COLOUR_ARGB element type is deprecated and incurs conversion on load. Use OgreMeshUpgrader on 'urbanbaja01.mesh' as soon as possible.
06:19:45: Warning: VET_COLOUR_ARGB element type is deprecated and incurs conversion on load. Use OgreMeshUpgrader on 'urbanbaja01.mesh' as soon as possible.
06:19:45: Warning: VET_COLOUR_ARGB element type is deprecated and incurs conversion on load. Use OgreMeshUpgrader on 'urbanbaja01.mesh' as soon as possible.
06:19:45: Warning: VET_COLOUR_ARGB element type is deprecated and incurs conversion on load. Use OgreMeshUpgrader on 'urbanbaja01.mesh' as soon as possible.
06:19:45: Warning: VET_COLOUR_ARGB element type is deprecated and incurs conversion on load. Use OgreMeshUpgrader on 'urbanbaja01.mesh' as soon as possible.
06:19:45: Warning: VET_COLOUR_ARGB element type is deprecated and incurs conversion on load. Use OgreMeshUpgrader on 'urbanbaja01.mesh' as soon as possible.
06:19:45: Warning: VET_COLOUR_ARGB element type is deprecated and incurs conversion on load. Use OgreMeshUpgrader on 'urbanbaja01.mesh' as soon as possible.
06:19:45: Warning: VET_COLOUR_ARGB element type is deprecated and incurs conversion on load. Use OgreMeshUpgrader on 'urbanbaja01.mesh' as soon as possible.
06:19:45: Warning: VET_COLOUR_ARGB element type is deprecated and incurs conversion on load. Use OgreMeshUpgrader on 'urbanbaja01.mesh' as soon as possible.
06:19:45: Warning: VET_COLOUR_ARGB element type is deprecated and incurs conversion on load. Use OgreMeshUpgrader on 'urbanbaja01.mesh' as soon as possible.
06:19:45: Warning: urbanbaja01.mesh uses an old format [MeshSerializer_v1.41]; upgrade with the OgreMeshUpgrader tool
06:19:45: Mesh: Loading urbanbaja01_lod1.mesh.
06:19:45: Warning: VET_COLOUR_ARGB element type is deprecated and incurs conversion on load. Use OgreMeshUpgrader on 'urbanbaja01_lod1.mesh' as soon as possible.
06:19:45: Warning: VET_COLOUR_ARGB element type is deprecated and incurs conversion on load. Use OgreMeshUpgrader on 'urbanbaja01_lod1.mesh' as soon as possible.
06:19:45: Warning: VET_COLOUR_ARGB element type is deprecated and incurs conversion on load. Use OgreMeshUpgrader on 'urbanbaja01_lod1.mesh' as soon as possible.
06:19:45: Warning: VET_COLOUR_ARGB element type is deprecated and incurs conversion on load. Use OgreMeshUpgrader on 'urbanbaja01_lod1.mesh' as soon as possible.
06:19:45: Warning: VET_COLOUR_ARGB element type is deprecated and incurs conversion on load. Use OgreMeshUpgrader on 'urbanbaja01_lod1.mesh' as soon as possible.
06:19:45: Warning: VET_COLOUR_ARGB element type is deprecated and incurs conversion on load. Use OgreMeshUpgrader on 'urbanbaja01_lod1.mesh' as soon as possible.
06:19:45: Warning: VET_COLOUR_ARGB element type is deprecated and incurs conversion on load. Use OgreMeshUpgrader on 'urbanbaja01_lod1.mesh' as soon as possible.
06:19:45: Warning: VET_COLOUR_ARGB element type is deprecated and incurs conversion on load. Use OgreMeshUpgrader on 'urbanbaja01_lod1.mesh' as soon as possible.
06:19:45: Warning: VET_COLOUR_ARGB element type is deprecated and incurs conversion on load. Use OgreMeshUpgrader on 'urbanbaja01_lod1.mesh' as soon as possible.
06:19:45: Warning: VET_COLOUR_ARGB element type is deprecated and incurs conversion on load. Use OgreMeshUpgrader on 'urbanbaja01_lod1.mesh' as soon as possible.
06:19:45: Warning: VET_COLOUR_ARGB element type is deprecated and incurs conversion on load. Use OgreMeshUpgrader on 'urbanbaja01_lod1.mesh' as soon as possible.
06:19:45: Warning: VET_COLOUR_ARGB element type is deprecated and incurs conversion on load. Use OgreMeshUpgrader on 'urbanbaja01_lod1.mesh' as soon as possible.
06:19:45: Warning: VET_COLOUR_ARGB element type is deprecated and incurs conversion on load. Use OgreMeshUpgrader on 'urbanbaja01_lod1.mesh' as soon as possible.
06:19:45: Warning: VET_COLOUR_ARGB element type is deprecated and incurs conversion on load. Use OgreMeshUpgrader on 'urbanbaja01_lod1.mesh' as soon as possible.
06:19:45: Warning: VET_COLOUR_ARGB element type is deprecated and incurs conversion on load. Use OgreMeshUpgrader on 'urbanbaja01_lod1.mesh' as soon as possible.
06:19:45: Warning: VET_COLOUR_ARGB element type is deprecated and incurs conversion on load. Use OgreMeshUpgrader on 'urbanbaja01_lod1.mesh' as soon as possible.
06:19:45: Warning: VET_COLOUR_ARGB element type is deprecated and incurs conversion on load. Use OgreMeshUpgrader on 'urbanbaja01_lod1.mesh' as soon as possible.
06:19:45: Warning: VET_COLOUR_ARGB element type is deprecated and incurs conversion on load. Use OgreMeshUpgrader on 'urbanbaja01_lod1.mesh' as soon as possible.
06:19:45: Warning: VET_COLOUR_ARGB element type is deprecated and incurs conversion on load. Use OgreMeshUpgrader on 'urbanbaja01_lod1.mesh' as soon as possible.
06:19:45: Warning: VET_COLOUR_ARGB element type is deprecated and incurs conversion on load. Use OgreMeshUpgrader on 'urbanbaja01_lod1.mesh' as soon as possible.
06:19:45: Warning: VET_COLOUR_ARGB element type is deprecated and incurs conversion on load. Use OgreMeshUpgrader on 'urbanbaja01_lod1.mesh' as soon as possible.
06:19:45: Warning: VET_COLOUR_ARGB element type is deprecated and incurs conversion on load. Use OgreMeshUpgrader on 'urbanbaja01_lod1.mesh' as soon as possible.
06:19:45: Warning: urbanbaja01_lod1.mesh uses an old format [MeshSerializer_v1.41]; upgrade with the OgreMeshUpgrader tool
06:19:45: Mesh: Loading urbanbaja01box.mesh.
06:19:45: Warning: VET_COLOUR_ARGB element type is deprecated and incurs conversion on load. Use OgreMeshUpgrader on 'urbanbaja01box.mesh' as soon as possible.
06:19:45: Warning: urbanbaja01box.mesh uses an old format [MeshSerializer_v1.41]; upgrade with the OgreMeshUpgrader tool
06:19:45: Mesh: Loading urbanbaja02.mesh.
06:19:45: Warning: urbanbaja02.mesh uses an old format [MeshSerializer_v1.41]; upgrade with the OgreMeshUpgrader tool
06:19:45: Mesh: Loading urbanbaja02box.mesh.
06:19:45: Warning: urbanbaja02box.mesh uses an old format [MeshSerializer_v1.41]; upgrade with the OgreMeshUpgrader tool
06:19:45: Mesh: Loading skyscraper03.mesh.
06:19:45: Warning: skyscraper03.mesh uses an old format [MeshSerializer_v1.41]; upgrade with the OgreMeshUpgrader tool
06:19:45: Texture 'window_standard_darkgrey.dds': Loading 1 faces(PF_DXT1,256x256x1) with 5 custom mipmaps from Image. Internal format is PF_DXT1,256x256x1.
06:19:45: Texture 'lightgreybrick.dds': Loading 1 faces(PF_DXT1,256x256x1) with 5 custom mipmaps from Image. Internal format is PF_DXT1,256x256x1.
06:19:45: Mesh: Loading skyscraper03box.mesh.
06:19:45: Warning: skyscraper03box.mesh uses an old format [MeshSerializer_v1.41]; upgrade with the OgreMeshUpgrader tool
06:19:45: Mesh: Loading hospital.mesh.
06:19:45: Warning: hospital.mesh uses an old format [MeshSerializer_v1.41]; upgrade with the OgreMeshUpgrader tool
06:19:45: Texture 'betterbrickdiffuse.dds': Loading 1 faces(PF_DXT1,256x256x1) with 5 custom mipmaps from Image. Internal format is PF_DXT1,256x256x1.
06:19:45: Texture 'asphaltshingles.dds': Loading 1 faces(PF_DXT1,256x256x1) with 5 custom mipmaps from Image. Internal format is PF_DXT1,256x256x1.
06:19:45: Mesh: Loading hospital_lod1.mesh.
06:19:45: Warning: hospital_lod1.mesh uses an old format [MeshSerializer_v1.41]; upgrade with the OgreMeshUpgrader tool
06:19:45: Mesh: Loading hospitalbox.mesh.
06:19:45: Warning: hospitalbox.mesh uses an old format [MeshSerializer_v1.41]; upgrade with the OgreMeshUpgrader tool
06:19:45: Mesh: Loading crossroadavenuesidewalk.mesh.
06:19:45: Warning: crossroadavenuesidewalk.mesh uses an old format [MeshSerializer_v1.41]; upgrade with the OgreMeshUpgrader tool
06:19:45: Mesh: Loading crossroadavenuesidewalkbox.mesh.
06:19:45: Warning: crossroadavenuesidewalkbox.mesh uses an old format [MeshSerializer_v1.41]; upgrade with the OgreMeshUpgrader tool
06:19:45: Mesh: Loading troadstopsign.mesh.
06:19:45: Warning: troadstopsign.mesh uses an old format [MeshSerializer_v1.41]; upgrade with the OgreMeshUpgrader tool
06:19:45: Mesh: Loading troadstopsign_lod1.mesh.
06:19:45: Warning: troadstopsign_lod1.mesh uses an old format [MeshSerializer_v1.41]; upgrade with the OgreMeshUpgrader tool
06:19:45: Mesh: Loading troadstopsign_lod2.mesh.
06:19:45: Warning: troadstopsign_lod2.mesh uses an old format [MeshSerializer_v1.41]; upgrade with the OgreMeshUpgrader tool
06:19:45: Mesh: Loading troadstopsignbox.mesh.
06:19:45: Warning: troadstopsignbox.mesh uses an old format [MeshSerializer_v1.41]; upgrade with the OgreMeshUpgrader tool
06:19:45: Mesh: Loading curvedroadninteydegsidewalk.mesh.
06:19:45: Warning: curvedroadninteydegsidewalk.mesh uses an old format [MeshSerializer_v1.41]; upgrade with the OgreMeshUpgrader tool
06:19:45: Mesh: Loading curvedroadninteydegsidewalkbox.mesh.
06:19:45: Warning: curvedroadninteydegsidewalkbox.mesh uses an old format [MeshSerializer_v1.41]; upgrade with the OgreMeshUpgrader tool
06:19:45: Mesh: Loading elevatedhighwaycurve.mesh.
06:19:45: Warning: elevatedhighwaycurve.mesh uses an old format [MeshSerializer_v1.41]; upgrade with the OgreMeshUpgrader tool
06:19:45: Mesh: Loading elevatedhighwaycurvebox.mesh.
06:19:45: Warning: elevatedhighwaycurvebox.mesh uses an old format [MeshSerializer_v1.41]; upgrade with the OgreMeshUpgrader tool
06:19:45: Mesh: Loading elevatedhighwayonramp.mesh.
06:19:45: Warning: elevatedhighwayonramp.mesh uses an old format [MeshSerializer_v1.41]; upgrade with the OgreMeshUpgrader tool
06:19:45: [RoR|ContentManager|LegacyTextureResolver] Texture 'RoR/LegacyTextureFallback/ebeac2f0204f/4cdcde3752be/f1065bf44e2295b7.dds' in group '{bundle USER:/mods/CityWorldNextLocalOverlay.zip}' used a procedural 4x4 compatibility fallback (archive_sha256=ebeac2f0204f25ca1955f29ca1583b2afa4517a3a848feb1db203814acac2ef3)
06:19:45: Texture 'RoR/LegacyTextureFallback/ebeac2f0204f/4cdcde3752be/f1065bf44e2295b7.dds': Loading 1 faces(PF_A8R8G8B8,4x4x1) with 2 hardware generated mipmaps from Image. Internal format is PF_A8R8G8B8,4x4x1.
06:19:45: Mesh: Loading elevatedhighwayonrampbox.mesh.
06:19:45: Warning: elevatedhighwayonrampbox.mesh uses an old format [MeshSerializer_v1.41]; upgrade with the OgreMeshUpgrader tool
06:19:45: Mesh: Loading failcorp.mesh.
06:19:45: Warning: failcorp.mesh uses an old format [MeshSerializer_v1.41]; upgrade with the OgreMeshUpgrader tool
06:19:45: Texture 'concretedarkgrey.dds': Loading 1 faces(PF_DXT1,256x256x1) with 5 custom mipmaps from Image. Internal format is PF_DXT1,256x256x1.
06:19:45: Texture 'failcorplogo.dds': Loading 1 faces(PF_DXT1,256x64x1) with 5 custom mipmaps from Image. Internal format is PF_DXT1,256x64x1.
06:19:45: Texture 'modernistwindow01.dds': Loading 1 faces(PF_DXT1,256x128x1) with 5 custom mipmaps from Image. Internal format is PF_DXT1,256x128x1.
06:19:45: Texture 'modernistwindow01spec.dds': Loading 1 faces(PF_DXT5,256x128x1) with 5 custom mipmaps from Image. Internal format is PF_DXT5,256x128x1.
06:19:45: Texture 'modernistbasewindow.dds': Loading 1 faces(PF_DXT1,256x256x1) with 5 custom mipmaps from Image. Internal format is PF_DXT1,256x256x1.
06:19:45: Texture 'modernistbasewindowspec.dds': Loading 1 faces(PF_DXT5,256x256x1) with 5 custom mipmaps from Image. Internal format is PF_DXT5,256x256x1.
06:19:45: Texture 'modernistentrance.dds': Loading 1 faces(PF_DXT1,256x256x1) with 5 custom mipmaps from Image. Internal format is PF_DXT1,256x256x1.
06:19:45: Texture 'modernistentrancespec.dds': Loading 1 faces(PF_DXT5,256x256x1) with 5 custom mipmaps from Image. Internal format is PF_DXT5,256x256x1.
06:19:45: Texture 'concretelightgrey.dds': Loading 1 faces(PF_DXT1,256x256x1) with 5 custom mipmaps from Image. Internal format is PF_DXT1,256x256x1.
06:19:45: Texture 'failsign.dds': Loading 1 faces(PF_DXT1,512x128x1) with 5 custom mipmaps from Image. Internal format is PF_DXT1,512x128x1.
06:19:45: Texture 'antenna.dds': Loading 1 faces(PF_DXT1,256x256x1) with 5 custom mipmaps from Image. Internal format is PF_DXT1,256x256x1.
06:19:45: Texture 'failsign2.dds': Loading 1 faces(PF_DXT1,128x128x1) with 5 custom mipmaps from Image. Internal format is PF_DXT1,128x128x1.
06:19:45: Mesh: Loading failcorpbox.mesh.
06:19:45: Warning: failcorpbox.mesh uses an old format [MeshSerializer_v1.41]; upgrade with the OgreMeshUpgrader tool
06:19:45: Mesh: Loading tavenueroadsidewalk.mesh.
06:19:45: Warning: tavenueroadsidewalk.mesh uses an old format [MeshSerializer_v1.41]; upgrade with the OgreMeshUpgrader tool
06:19:45: Mesh: Loading tavenueroadsidewalkbox.mesh.
06:19:45: Warning: tavenueroadsidewalkbox.mesh uses an old format [MeshSerializer_v1.41]; upgrade with the OgreMeshUpgrader tool
06:19:45: Mesh: Loading elevatedhighwaypillarwide.mesh.
06:19:45: Warning: elevatedhighwaypillarwide.mesh uses an old format [MeshSerializer_v1.41]; upgrade with the OgreMeshUpgrader tool
06:19:45: Mesh: Loading elevatedhighwaypillarwidebox.mesh.
06:19:45: Warning: elevatedhighwaypillarwidebox.mesh uses an old format [MeshSerializer_v1.41]; upgrade with the OgreMeshUpgrader tool
06:19:45: Mesh: Loading store09.mesh.
06:19:45: Warning: store09.mesh uses an old format [MeshSerializer_v1.41]; upgrade with the OgreMeshUpgrader tool
06:19:45: Texture 'facade01baseentrance.dds': Loading 1 faces(PF_DXT1,256x256x1) with 5 custom mipmaps from Image. Internal format is PF_DXT1,256x256x1.
06:19:45: Texture 'facade01baseentrancespec.dds': Loading 1 faces(PF_DXT5,256x256x1) with 5 custom mipmaps from Image. Internal format is PF_DXT5,256x256x1.
06:19:45: Texture 'facade01basewindow.dds': Loading 1 faces(PF_DXT1,256x256x1) with 5 custom mipmaps from Image. Internal format is PF_DXT1,256x256x1.
06:19:45: Texture 'facade01basewindowspec.dds': Loading 1 faces(PF_DXT5,256x256x1) with 5 custom mipmaps from Image. Internal format is PF_DXT5,256x256x1.
06:19:45: Texture 'facade01cornice.dds': Loading 1 faces(PF_DXT1,256x64x1) with 5 custom mipmaps from Image. Internal format is PF_DXT1,256x64x1.
06:19:45: Texture 'facade01topwindow.dds': Loading 1 faces(PF_DXT1,256x512x1) with 5 custom mipmaps from Image. Internal format is PF_DXT1,256x512x1.
06:19:45: Texture 'facade01topwindowspec.dds': Loading 1 faces(PF_DXT5,256x512x1) with 5 custom mipmaps from Image. Internal format is PF_DXT5,256x512x1.
06:19:45: Texture 'facade01window.dds': Loading 1 faces(PF_DXT1,256x256x1) with 5 custom mipmaps from Image. Internal format is PF_DXT1,256x256x1.
06:19:45: Texture 'facade01windowspec.dds': Loading 1 faces(PF_DXT5,256x256x1) with 5 custom mipmaps from Image. Internal format is PF_DXT5,256x256x1.
06:19:45: Mesh: Loading store09_lod1.mesh.
06:19:45: Warning: store09_lod1.mesh uses an old format [MeshSerializer_v1.41]; upgrade with the OgreMeshUpgrader tool
06:19:45: Mesh: Loading store09box.mesh.
06:19:45: [RoR|ContentManager|LegacyMaterialResolver] Material 'textface/TEXFACE/sidewalkedge.dds' in mesh 'store09box.mesh' group '{bundle USER:/mods/CityWorldNextLocalOverlay.zip}' resolved to 'modularbuildings/TEXFACE/sidewalkedge.dds' via reviewed alias (archive_sha256=ebeac2f0204f25ca1955f29ca1583b2afa4517a3a848feb1db203814acac2ef3)
06:19:45: [RoR|ContentManager|LegacyMaterialResolver] Material 'textface/TEXFACE/sidewalk01.dds' in mesh 'store09box.mesh' group '{bundle USER:/mods/CityWorldNextLocalOverlay.zip}' resolved to 'modularbuildings/TEXFACE/sidewalk01.dds' via reviewed alias (archive_sha256=ebeac2f0204f25ca1955f29ca1583b2afa4517a3a848feb1db203814acac2ef3)
06:19:45: [RoR|ContentManager|LegacyMaterialResolver] Material 'textface/TEXFACE/Metalroof01.dds' in mesh 'store09box.mesh' group '{bundle USER:/mods/CityWorldNextLocalOverlay.zip}' resolved to 'modularbuildings/TEXFACE/Metalroof01.dds' via reviewed alias (archive_sha256=ebeac2f0204f25ca1955f29ca1583b2afa4517a3a848feb1db203814acac2ef3)
06:19:45: Warning: store09box.mesh uses an old format [MeshSerializer_v1.41]; upgrade with the OgreMeshUpgrader tool
06:19:45: Mesh: Loading store10.mesh.
06:19:45: Warning: store10.mesh uses an old format [MeshSerializer_v1.41]; upgrade with the OgreMeshUpgrader tool
06:19:45: Texture 'facade03topwindow.dds': Loading 1 faces(PF_DXT1,128x256x1) with 5 custom mipmaps from Image. Internal format is PF_DXT1,128x256x1.
06:19:45: Texture 'facade03topwindowspec.dds': Loading 1 faces(PF_DXT5,128x256x1) with 5 custom mipmaps from Image. Internal format is PF_DXT5,128x256x1.
06:19:45: Texture 'facade03door.dds': Loading 1 faces(PF_DXT1,128x256x1) with 5 custom mipmaps from Image. Internal format is PF_DXT1,128x256x1.
06:19:45: Texture 'facade03base.dds': Loading 1 faces(PF_DXT1,128x256x1) with 5 custom mipmaps from Image. Internal format is PF_DXT1,128x256x1.
06:19:45: Texture 'facade03basespec.dds': Loading 1 faces(PF_DXT5,128x256x1) with 5 custom mipmaps from Image. Internal format is PF_DXT5,128x256x1.
06:19:45: Texture 'facade02window.dds': Loading 1 faces(PF_DXT1,128x256x1) with 5 custom mipmaps from Image. Internal format is PF_DXT1,128x256x1.
06:19:45: Texture 'facade02windowspec.dds': Loading 1 faces(PF_DXT5,128x256x1) with 5 custom mipmaps from Image. Internal format is PF_DXT5,128x256x1.
06:19:45: Texture 'facade02topwindow.dds': Loading 1 faces(PF_DXT1,128x256x1) with 5 custom mipmaps from Image. Internal format is PF_DXT1,128x256x1.
06:19:45: Texture 'facade02topwindowspec.dds': Loading 1 faces(PF_DXT5,128x256x1) with 5 custom mipmaps from Image. Internal format is PF_DXT5,128x256x1.
06:19:45: Texture 'facade02basedoor.dds': Loading 1 faces(PF_DXT1,128x256x1) with 5 custom mipmaps from Image. Internal format is PF_DXT1,128x256x1.
06:19:45: Texture 'blueawning.dds': Loading 1 faces(PF_DXT1,256x256x1) with 5 custom mipmaps from Image. Internal format is PF_DXT1,256x256x1.
06:19:45: Texture 'facade02basewindow.dds': Loading 1 faces(PF_DXT1,128x256x1) with 5 custom mipmaps from Image. Internal format is PF_DXT1,128x256x1.
06:19:45: Texture 'facade02basewindowspec.dds': Loading 1 faces(PF_DXT5,128x256x1) with 5 custom mipmaps from Image. Internal format is PF_DXT5,128x256x1.
06:19:45: Texture 'facade02cornice.dds': Loading 1 faces(PF_DXT1,256x64x1) with 5 custom mipmaps from Image. Internal format is PF_DXT1,256x64x1.
06:19:45: Texture 'facade03window.dds': Loading 1 faces(PF_DXT1,128x256x1) with 5 custom mipmaps from Image. Internal format is PF_DXT1,128x256x1.
06:19:45: Texture 'facade03windowspec.dds': Loading 1 faces(PF_DXT5,128x256x1) with 5 custom mipmaps from Image. Internal format is PF_DXT5,128x256x1.
06:19:45: Texture 'facade03cornice.dds': Loading 1 faces(PF_DXT1,256x52x1) with 5 custom mipmaps from Image. Internal format is PF_DXT1,256x52x1.
06:19:45: Texture 'roofcrap1.dds': Loading 1 faces(PF_DXT1,128x128x1) with 5 custom mipmaps from Image. Internal format is PF_DXT1,128x128x1.
06:19:45: Texture 'chimney01.dds': Loading 1 faces(PF_DXT1,128x128x1) with 5 custom mipmaps from Image. Internal format is PF_DXT1,128x128x1.
06:19:45: Texture 'chimney2.dds': Loading 1 faces(PF_DXT1,128x128x1) with 5 custom mipmaps from Image. Internal format is PF_DXT1,128x128x1.
06:19:45: Texture 'facade03brick.dds': Loading 1 faces(PF_DXT1,128x256x1) with 5 custom mipmaps from Image. Internal format is PF_DXT1,128x256x1.
06:19:45: Mesh: Loading store10_lod1.mesh.
06:19:45: [RoR|ContentManager|LegacyMaterialResolver] Material 'modularbuildings/SOLID/TEX/betterbrickdiffuse.dds' in mesh 'store10_lod1.mesh' group '{bundle USER:/mods/CityWorldNextLocalOverlay.zip}' resolved to 'modularbuildings/TEXFACE/betterbrickdiffuse.dds' via reviewed alias (archive_sha256=ebeac2f0204f25ca1955f29ca1583b2afa4517a3a848feb1db203814acac2ef3)
06:19:45: Warning: store10_lod1.mesh uses an old format [MeshSerializer_v1.41]; upgrade with the OgreMeshUpgrader tool
06:19:45: Mesh: Loading store10box.mesh.
06:19:45: Warning: store10box.mesh uses an old format [MeshSerializer_v1.41]; upgrade with the OgreMeshUpgrader tool
06:19:45: Mesh: Loading store08.mesh.
06:19:45: Warning: store08.mesh uses an old format [MeshSerializer_v1.41]; upgrade with the OgreMeshUpgrader tool
06:19:45: Mesh: Loading store08_lod1.mesh.
06:19:45: Warning: store08_lod1.mesh uses an old format [MeshSerializer_v1.41]; upgrade with the OgreMeshUpgrader tool
06:19:45: Mesh: Loading store08box.mesh.
06:19:45: [RoR|ContentManager|LegacyMaterialResolver] Material 'Material.005/TEXFACE/asphaltshingles.dds' in mesh 'store08box.mesh' group '{bundle USER:/mods/CityWorldNextLocalOverlay.zip}' resolved to 'modularbuildings/TEXFACE/asphaltshingles.dds' via reviewed alias (archive_sha256=ebeac2f0204f25ca1955f29ca1583b2afa4517a3a848feb1db203814acac2ef3)
06:19:45: [RoR|ContentManager|LegacyMaterialResolver] Material 'Material.005/TEXFACE/betterbrickdiffuse.dds' in mesh 'store08box.mesh' group '{bundle USER:/mods/CityWorldNextLocalOverlay.zip}' resolved to 'modularbuildings/TEXFACE/betterbrickdiffuse.dds' via reviewed alias (archive_sha256=ebeac2f0204f25ca1955f29ca1583b2afa4517a3a848feb1db203814acac2ef3)
06:19:45: Warning: store08box.mesh uses an old format [MeshSerializer_v1.41]; upgrade with the OgreMeshUpgrader tool
06:19:45: Mesh: Loading townhouse01blue.mesh.
06:19:45: Warning: townhouse01blue.mesh uses an old format [MeshSerializer_v1.41]; upgrade with the OgreMeshUpgrader tool
06:19:45: Texture 'base_brickdoor_darkblue.dds': Loading 1 faces(PF_DXT1,128x256x1) with 5 custom mipmaps from Image. Internal format is PF_DXT1,128x256x1.
06:19:45: Mesh: Loading townhouse01box.mesh.
06:19:45: [RoR|ContentManager|LegacyMaterialResolver] Material 'Material.005/TEXFACE' in mesh 'townhouse01box.mesh' group '{bundle USER:/mods/CityWorldNextLocalOverlay.zip}' resolved to 'RoR/LegacyMaterialFallback/ebeac2f0204f/a88415499257302a' via generated lit fallback (archive_sha256=ebeac2f0204f25ca1955f29ca1583b2afa4517a3a848feb1db203814acac2ef3)
06:19:45: Warning: townhouse01box.mesh uses an old format [MeshSerializer_v1.41]; upgrade with the OgreMeshUpgrader tool
06:19:45: Mesh: Loading townhouse01yeller.mesh.
06:19:45: Warning: townhouse01yeller.mesh uses an old format [MeshSerializer_v1.41]; upgrade with the OgreMeshUpgrader tool
06:19:45: Texture 'brickwindowarch_yeller.dds': Loading 1 faces(PF_DXT1,128x256x1) with 5 custom mipmaps from Image. Internal format is PF_DXT1,128x256x1.
06:19:45: Texture 'base_brickdoor_yeller.dds': Loading 1 faces(PF_DXT1,128x256x1) with 5 custom mipmaps from Image. Internal format is PF_DXT1,128x256x1.
06:19:45: Mesh: Loading townhouse01red.mesh.
06:19:45: Warning: townhouse01red.mesh uses an old format [MeshSerializer_v1.41]; upgrade with the OgreMeshUpgrader tool
06:19:45: Texture 'brickwindow_darkred.dds': Loading 1 faces(PF_DXT1,128x256x1) with 5 custom mipmaps from Image. Internal format is PF_DXT1,128x256x1.
06:19:45: Mesh: Loading townhouse01white.mesh.
06:19:45: Warning: townhouse01white.mesh uses an old format [MeshSerializer_v1.41]; upgrade with the OgreMeshUpgrader tool
06:19:45: Texture 'base_brickdoor_white.dds': Loading 1 faces(PF_DXT1,128x256x1) with 5 custom mipmaps from Image. Internal format is PF_DXT1,128x256x1.
06:19:45: Mesh: Loading roundabout.mesh.
06:19:45: Warning: roundabout.mesh uses an old format [MeshSerializer_v1.41]; upgrade with the OgreMeshUpgrader tool
06:19:45: Texture '26-grass.dds': Loading 1 faces(PF_DXT1,512x512x1) with 5 custom mipmaps from Image. Internal format is PF_DXT1,512x512x1.
06:19:45: Mesh: Loading roundaboutbox.mesh.
06:19:45: Warning: roundaboutbox.mesh uses an old format [MeshSerializer_v1.41]; upgrade with the OgreMeshUpgrader tool
06:19:45: Mesh: Loading fancytrafficlight3.mesh.
06:19:45: Warning: fancytrafficlight3.mesh uses an old format [MeshSerializer_v1.41]; upgrade with the OgreMeshUpgrader tool
06:19:45: Texture 'trafficlighttextures.dds': Loading 1 faces(PF_DXT5,256x256x1) with 5 hardware generated mipmaps from Image. Internal format is PF_DXT5,256x256x1.
06:19:45: Mesh: Loading fancytrafficlight3_lod1.mesh.
06:19:45: Warning: fancytrafficlight3_lod1.mesh uses an old format [MeshSerializer_v1.41]; upgrade with the OgreMeshUpgrader tool
06:19:45: Mesh: Loading fancytrafficlight3_lod2.mesh.
06:19:45: Warning: fancytrafficlight3_lod2.mesh uses an old format [MeshSerializer_v1.41]; upgrade with the OgreMeshUpgrader tool
06:19:45: Mesh: Loading fancytrafficlight3_lod3.mesh.
06:19:45: Warning: fancytrafficlight3_lod3.mesh uses an old format [MeshSerializer_v1.41]; upgrade with the OgreMeshUpgrader tool
06:19:45: Mesh: Loading fancytrafficlight3box.mesh.
06:19:45: Warning: fancytrafficlight3box.mesh uses an old format [MeshSerializer_v1.41]; upgrade with the OgreMeshUpgrader tool
06:19:45: Mesh: Loading fancytrafficlight.mesh.
06:19:45: Warning: fancytrafficlight.mesh uses an old format [MeshSerializer_v1.41]; upgrade with the OgreMeshUpgrader tool
06:19:45: Mesh: Loading fancytrafficlight_lod2.mesh.
06:19:45: Warning: fancytrafficlight_lod2.mesh uses an old format [MeshSerializer_v1.41]; upgrade with the OgreMeshUpgrader tool
06:19:45: Mesh: Loading fancytrafficlight_lod3.mesh.
06:19:45: Warning: fancytrafficlight_lod3.mesh uses an old format [MeshSerializer_v1.41]; upgrade with the OgreMeshUpgrader tool
06:19:45: Mesh: Loading fancytrafficlightbox.mesh.
06:19:45: Warning: fancytrafficlightbox.mesh uses an old format [MeshSerializer_v1.41]; upgrade with the OgreMeshUpgrader tool
06:19:45: Mesh: Loading fancytrafficlight2.mesh.
06:19:45: Warning: fancytrafficlight2.mesh uses an old format [MeshSerializer_v1.41]; upgrade with the OgreMeshUpgrader tool
06:19:45: Mesh: Loading fancytrafficlight2_lod1.mesh.
06:19:45: Warning: fancytrafficlight2_lod1.mesh uses an old format [MeshSerializer_v1.41]; upgrade with the OgreMeshUpgrader tool
06:19:45: Mesh: Loading fancytrafficlight2_lod2.mesh.
06:19:45: Warning: fancytrafficlight2_lod2.mesh uses an old format [MeshSerializer_v1.41]; upgrade with the OgreMeshUpgrader tool
06:19:45: Mesh: Loading fancytrafficlight2_lod3.mesh.
06:19:45: Warning: fancytrafficlight2_lod3.mesh uses an old format [MeshSerializer_v1.41]; upgrade with the OgreMeshUpgrader tool
06:19:45: Mesh: Loading fancytrafficlight2box.mesh.
06:19:45: Warning: fancytrafficlight2box.mesh uses an old format [MeshSerializer_v1.41]; upgrade with the OgreMeshUpgrader tool
06:19:45: Mesh: Loading fancytrafficlight4.mesh.
06:19:45: Warning: fancytrafficlight4.mesh uses an old format [MeshSerializer_v1.41]; upgrade with the OgreMeshUpgrader tool
06:19:45: Mesh: Loading fancytrafficlight4_lod1.mesh.
06:19:45: Warning: fancytrafficlight4_lod1.mesh uses an old format [MeshSerializer_v1.41]; upgrade with the OgreMeshUpgrader tool
06:19:45: Mesh: Loading fancytrafficlight4_lod2.mesh.
06:19:45: Warning: fancytrafficlight4_lod2.mesh uses an old format [MeshSerializer_v1.41]; upgrade with the OgreMeshUpgrader tool
06:19:45: Mesh: Loading fancytrafficlight4_lod3.mesh.
06:19:45: Warning: fancytrafficlight4_lod3.mesh uses an old format [MeshSerializer_v1.41]; upgrade with the OgreMeshUpgrader tool
06:19:45: Mesh: Loading busstopNJT.mesh.
06:19:45: Warning: busstopNJT.mesh uses an old format [MeshSerializer_v1.41]; upgrade with the OgreMeshUpgrader tool
06:19:45: Texture 'busstopdiffuse.png': Loading 1 faces(PF_A8R8G8B8,1024x1024x1) with 5 hardware generated mipmaps from Image. Internal format is PF_A8R8G8B8,1024x1024x1.
06:19:45: Texture 'busstopNJTtrans.dds': Loading 1 faces(PF_DXT3,32x32x1) with 5 custom mipmaps from Image. Internal format is PF_DXT3,32x32x1.
06:19:45: Texture 'busstopNJTtrans_spec.jpg': Loading 1 faces(PF_R8G8B8,400x271x1) with 5 hardware generated mipmaps from Image. Internal format is PF_R8G8B8,400x271x1.
06:19:45: Mesh: Loading busstopNJTbox.mesh.
06:19:45: Warning: busstopNJTbox.mesh uses an old format [MeshSerializer_v1.41]; upgrade with the OgreMeshUpgrader tool
06:19:45: Mesh: Loading avenuebusstop.mesh.
06:19:45: Warning: avenuebusstop.mesh uses an old format [MeshSerializer_v1.41]; upgrade with the OgreMeshUpgrader tool
06:19:45: Mesh: Loading avenuebusstop_lod1.mesh.
06:19:45: Warning: avenuebusstop_lod1.mesh uses an old format [MeshSerializer_v1.41]; upgrade with the OgreMeshUpgrader tool
06:19:45: Mesh: Loading avenuebusstop_lod2.mesh.
06:19:45: Warning: avenuebusstop_lod2.mesh uses an old format [MeshSerializer_v1.41]; upgrade with the OgreMeshUpgrader tool
06:19:45: Mesh: Loading avenuebusstopbox.mesh.
06:19:45: Warning: avenuebusstopbox.mesh uses an old format [MeshSerializer_v1.41]; upgrade with the OgreMeshUpgrader tool
06:19:45: Mesh: Loading asiainsurance.mesh.
06:19:45: Warning: VET_COLOUR_ARGB element type is deprecated and incurs conversion on load. Use OgreMeshUpgrader on 'asiainsurance.mesh' as soon as possible.
06:19:45: Warning: VET_COLOUR_ARGB element type is deprecated and incurs conversion on load. Use OgreMeshUpgrader on 'asiainsurance.mesh' as soon as possible.
06:19:45: Warning: VET_COLOUR_ARGB element type is deprecated and incurs conversion on load. Use OgreMeshUpgrader on 'asiainsurance.mesh' as soon as possible.
06:19:45: Warning: VET_COLOUR_ARGB element type is deprecated and incurs conversion on load. Use OgreMeshUpgrader on 'asiainsurance.mesh' as soon as possible.
06:19:45: Warning: VET_COLOUR_ARGB element type is deprecated and incurs conversion on load. Use OgreMeshUpgrader on 'asiainsurance.mesh' as soon as possible.
06:19:45: Warning: VET_COLOUR_ARGB element type is deprecated and incurs conversion on load. Use OgreMeshUpgrader on 'asiainsurance.mesh' as soon as possible.
06:19:45: Warning: asiainsurance.mesh uses an old format [MeshSerializer_v1.41]; upgrade with the OgreMeshUpgrader tool
06:19:45: Texture 'asiaconcrete.dds': Loading 1 faces(PF_DXT1,256x256x1) with 5 custom mipmaps from Image. Internal format is PF_DXT1,256x256x1.
06:19:45: Texture 'asiawindow.dds': Loading 1 faces(PF_DXT1,256x256x1) with 5 custom mipmaps from Image. Internal format is PF_DXT1,256x256x1.
06:19:45: Texture 'asiawindow_spec.dds': Loading 1 faces(PF_DXT5,256x256x1) with 5 custom mipmaps from Image. Internal format is PF_DXT5,256x256x1.
06:19:45: Texture 'darkcrete.dds': Loading 1 faces(PF_DXT1,256x256x1) with 5 custom mipmaps from Image. Internal format is PF_DXT1,256x256x1.
06:19:45: Texture 'redcrete.dds': Loading 1 faces(PF_DXT1,256x256x1) with 5 custom mipmaps from Image. Internal format is PF_DXT1,256x256x1.
06:19:45: Texture 'marble.dds': Loading 1 faces(PF_DXT1,256x256x1) with 5 custom mipmaps from Image. Internal format is PF_DXT1,256x256x1.
06:19:45: Texture 'marble_spec.dds': Loading 1 faces(PF_DXT5,256x256x1) with 5 custom mipmaps from Image. Internal format is PF_DXT5,256x256x1.
06:19:45: Texture 'asiafacade.dds': Loading 1 faces(PF_DXT1,1024x256x1) with 5 custom mipmaps from Image. Internal format is PF_DXT1,1024x256x1.
06:19:45: Texture 'asiafacade_spec.dds': Loading 1 faces(PF_DXT5,1024x256x1) with 5 custom mipmaps from Image. Internal format is PF_DXT5,1024x256x1.
06:19:45: Mesh: Loading asiainsurancebox.mesh.
06:19:45: [RoR|ContentManager|LegacyMaterialResolver] Material '09_-_Default' in mesh 'asiainsurancebox.mesh' group '{bundle USER:/mods/CityWorldNextLocalOverlay.zip}' resolved to 'RoR/LegacyMaterialFallback/ebeac2f0204f/92f57aacb7ee63c4' via generated lit fallback (archive_sha256=ebeac2f0204f25ca1955f29ca1583b2afa4517a3a848feb1db203814acac2ef3)
06:19:45: Warning: VET_COLOUR_ARGB element type is deprecated and incurs conversion on load. Use OgreMeshUpgrader on 'asiainsurancebox.mesh' as soon as possible.
06:19:45: Warning: asiainsurancebox.mesh uses an old format [MeshSerializer_v1.41]; upgrade with the OgreMeshUpgrader tool
06:19:45: Mesh: Loading DTEFl.mesh.
06:19:45: Warning: DTEFl.mesh uses an old format [MeshSerializer_v1.41]; upgrade with the OgreMeshUpgrader tool
06:19:45: Texture 'highwaysignsupport.dds': Loading 1 faces(PF_DXT1,256x256x1) with 5 hardware generated mipmaps from Image. Internal format is PF_DXT1,256x256x1.
06:19:45: Texture 'freewaysigns.dds': Loading 1 faces(PF_DXT1,512x512x1) with 5 hardware generated mipmaps from Image. Internal format is PF_DXT1,512x512x1.
06:19:45: Texture 'signback01.dds': Loading 1 faces(PF_DXT1,128x128x1) with 5 hardware generated mipmaps from Image. Internal format is PF_DXT1,128x128x1.
06:19:45: Mesh: Loading DTEFr.mesh.
06:19:45: Warning: DTEFr.mesh uses an old format [MeshSerializer_v1.41]; upgrade with the OgreMeshUpgrader tool
06:19:45: Mesh: Loading DTEFbox.mesh.
06:19:45: Warning: DTEFbox.mesh uses an old format [MeshSerializer_v1.41]; upgrade with the OgreMeshUpgrader tool
06:19:45: Mesh: Loading MSf1.mesh.
06:19:45: Warning: MSf1.mesh uses an old format [MeshSerializer_v1.41]; upgrade with the OgreMeshUpgrader tool
06:19:45: Texture 'signback03.dds': Loading 1 faces(PF_DXT1,128x128x1) with 5 hardware generated mipmaps from Image. Internal format is PF_DXT1,128x128x1.
06:19:45: Mesh: Loading MSnbox.mesh.
06:19:45: Warning: MSnbox.mesh uses an old format [MeshSerializer_v1.41]; upgrade with the OgreMeshUpgrader tool
06:19:45: Mesh: Loading MSn.mesh.
06:19:45: Warning: MSn.mesh uses an old format [MeshSerializer_v1.41]; upgrade with the OgreMeshUpgrader tool
06:19:45: Mesh: Loading MSf2.mesh.
06:19:45: Warning: MSf2.mesh uses an old format [MeshSerializer_v1.41]; upgrade with the OgreMeshUpgrader tool
06:19:45: Texture 'signback02.dds': Loading 1 faces(PF_DXT1,128x128x1) with 5 hardware generated mipmaps from Image. Internal format is PF_DXT1,128x128x1.
06:19:45: Mesh: Loading MSf2box.mesh.
06:19:45: Warning: MSf2box.mesh uses an old format [MeshSerializer_v1.41]; upgrade with the OgreMeshUpgrader tool
06:19:45: Mesh: Loading FreewayEnds.mesh.
06:19:45: Warning: FreewayEnds.mesh uses an old format [MeshSerializer_v1.41]; upgrade with the OgreMeshUpgrader tool
06:19:45: Mesh: Loading freewayendsbox.mesh.
06:19:45: Warning: freewayendsbox.mesh uses an old format [MeshSerializer_v1.41]; upgrade with the OgreMeshUpgrader tool
06:19:45: Mesh: Loading fancytrafficlight5.mesh.
06:19:45: Warning: fancytrafficlight5.mesh uses an old format [MeshSerializer_v1.41]; upgrade with the OgreMeshUpgrader tool
06:19:45: Mesh: Loading fancytrafficlight5_lod1.mesh.
06:19:45: Warning: fancytrafficlight5_lod1.mesh uses an old format [MeshSerializer_v1.41]; upgrade with the OgreMeshUpgrader tool
06:19:45: Mesh: Loading fancytrafficlight5_lod2.mesh.
06:19:45: Warning: fancytrafficlight5_lod2.mesh uses an old format [MeshSerializer_v1.41]; upgrade with the OgreMeshUpgrader tool
06:19:45: Mesh: Loading fancytrafficlight5_lod3.mesh.
06:19:45: Warning: fancytrafficlight5_lod3.mesh uses an old format [MeshSerializer_v1.41]; upgrade with the OgreMeshUpgrader tool
06:19:45: Mesh: Loading fancytrafficlight5box.mesh.
06:19:45: Warning: fancytrafficlight5box.mesh uses an old format [MeshSerializer_v1.41]; upgrade with the OgreMeshUpgrader tool
06:19:45: Mesh: Loading fancytrafficlight6.mesh.
06:19:45: Warning: fancytrafficlight6.mesh uses an old format [MeshSerializer_v1.41]; upgrade with the OgreMeshUpgrader tool
06:19:45: Mesh: Loading fancytrafficlight6_lod1.mesh.
06:19:45: Warning: fancytrafficlight6_lod1.mesh uses an old format [MeshSerializer_v1.41]; upgrade with the OgreMeshUpgrader tool
06:19:45: Mesh: Loading fancytrafficlight6_lod2.mesh.
06:19:45: Warning: fancytrafficlight6_lod2.mesh uses an old format [MeshSerializer_v1.41]; upgrade with the OgreMeshUpgrader tool
06:19:45: Mesh: Loading fancytrafficlight6_lod3.mesh.
06:19:45: Warning: fancytrafficlight6_lod3.mesh uses an old format [MeshSerializer_v1.41]; upgrade with the OgreMeshUpgrader tool
06:19:45: Mesh: Loading avenuenopoles.mesh.
06:19:45: Warning: avenuenopoles.mesh uses an old format [MeshSerializer_v1.41]; upgrade with the OgreMeshUpgrader tool
06:19:45: Mesh: Loading rorng_city_gateway_block_40m_lod0.mesh.
06:19:45: Mesh: Loading rorng_city_gateway_block_40m_collision_barrier_left.mesh.
06:19:45: Mesh: Loading rorng_city_gateway_block_40m_collision_barrier_right.mesh.
06:19:45: Mesh: Loading rorng_city_gateway_block_40m_collision_road.mesh.
06:19:45: Texture 'flare.dds': Loading 1 faces(PF_DXT5,128x128x1) with 5 custom mipmaps from Image. Internal format is PF_DXT5,128x128x1.
06:19:45: [RoR|TerrainObject|Lights] odef=rorng_city_gateway_block_40m.odef spotlights=0 point_lights=8
06:19:45: Mesh: Loading rorng_city_bridge_transition_12m_lod0.mesh.
06:19:45: Mesh: Loading rorng_city_bridge_transition_12m_collision_barrier_left.mesh.
06:19:45: Mesh: Loading rorng_city_bridge_transition_12m_collision_barrier_right.mesh.
06:19:45: Mesh: Loading rorng_city_bridge_transition_12m_collision_road.mesh.
06:19:45: Mesh: Loading rorng_city_bridge_curve_left_15deg_20m_lod0.mesh.
06:19:45: Mesh: Loading rorng_city_bridge_curve_left_15deg_20m_collision_barrier_left.mesh.
06:19:45: Mesh: Loading rorng_city_bridge_curve_left_15deg_20m_collision_barrier_right.mesh.
06:19:45: Mesh: Loading rorng_city_bridge_curve_left_15deg_20m_collision_road.mesh.
06:19:45: Mesh: Loading rorng_city_bridge_span_20m_lod0.mesh.
06:19:45: Mesh: Loading rorng_city_bridge_span_20m_collision_barrier_left.mesh.
06:19:45: Mesh: Loading rorng_city_bridge_span_20m_collision_barrier_right.mesh.
06:19:45: Mesh: Loading rorng_city_bridge_span_20m_collision_road.mesh.
06:19:45: RTSS: using 2c3a67ed69eb2b45d0879220f1d3ba9f_VS for Pass 0 of 'rigsofrods/WallpaperMat'
06:19:45: RTSS: using 0edfb3f0978a2915ef74ad50734e28c8_FS for Pass 0 of 'rigsofrods/WallpaperMat'
06:19:45: RTSS: using e73c7192a801d65a4bc4b8996fe43f7a_VS for Pass 0 of 'ImGui/material'
06:19:45: RTSS: using 837f3874c816f8f40226deb62182ebb1_FS for Pass 0 of 'ImGui/material'
06:19:45: RTSS: using 8340a5709a0a468830c9eca28daa7d10_VS for Pass 0 of 'tracks/skyboxcol'
06:19:45: RTSS: using b8e0864820f7d44e58234ec701b0db12_FS for Pass 0 of 'tracks/skyboxcol'
06:19:45: RTSS: using 4b23046936a0d3b197116992a2aa3e0b_VS for Pass 0 of 'concreto'
06:19:45: RTSS: using 1b60d5aabfb4e41053e1ea2f1fd6e4d1_FS for Pass 0 of 'concreto'
06:19:45: RTSS: using 4b23046936a0d3b197116992a2aa3e0b_VS for Pass 0 of 'pavimento'
06:19:45: RTSS: using 1b60d5aabfb4e41053e1ea2f1fd6e4d1_FS for Pass 0 of 'pavimento'
06:19:45: RTSS: using 4b23046936a0d3b197116992a2aa3e0b_VS for Pass 0 of 'calleunsolosentido'
06:19:45: RTSS: using 1b60d5aabfb4e41053e1ea2f1fd6e4d1_FS for Pass 0 of 'calleunsolosentido'
06:19:45: RTSS: using 4b23046936a0d3b197116992a2aa3e0b_VS for Pass 0 of 'dneroads/TEXFACE/streetlamp.tga'
06:19:45: RTSS: using 1b60d5aabfb4e41053e1ea2f1fd6e4d1_FS for Pass 0 of 'dneroads/TEXFACE/streetlamp.tga'
06:19:45: RTSS: using 4b23046936a0d3b197116992a2aa3e0b_VS for Pass 0 of 'dneroads/TEXFACE/roadtexturehighdetailbrokenwhiteline.dds'
06:19:45: RTSS: using 1b60d5aabfb4e41053e1ea2f1fd6e4d1_FS for Pass 0 of 'dneroads/TEXFACE/roadtexturehighdetailbrokenwhiteline.dds'
06:19:45: RTSS: using 4b23046936a0d3b197116992a2aa3e0b_VS for Pass 0 of 'dneroads/TEXFACE/sidewalkedge.dds'
06:19:45: RTSS: using 1b60d5aabfb4e41053e1ea2f1fd6e4d1_FS for Pass 0 of 'dneroads/TEXFACE/sidewalkedge.dds'
06:19:45: RTSS: using 4b23046936a0d3b197116992a2aa3e0b_VS for Pass 0 of 'dneroads/TEXFACE/sidewalk01.dds'
06:19:45: RTSS: using 1b60d5aabfb4e41053e1ea2f1fd6e4d1_FS for Pass 0 of 'dneroads/TEXFACE/sidewalk01.dds'
06:19:45: RTSS: using 4b23046936a0d3b197116992a2aa3e0b_VS for Pass 0 of 'dneroads/TEXFACE/roadtexturehighdetailstopcrosswalk.psd'
06:19:45: RTSS: using 1b60d5aabfb4e41053e1ea2f1fd6e4d1_FS for Pass 0 of 'dneroads/TEXFACE/roadtexturehighdetailstopcrosswalk.psd'
06:19:45: RTSS: using 4b23046936a0d3b197116992a2aa3e0b_VS for Pass 0 of 'dneroads/TEXFACE/roadtexturehighdetailbrokenwhitelinecrosswalk.psd'
06:19:45: RTSS: using 1b60d5aabfb4e41053e1ea2f1fd6e4d1_FS for Pass 0 of 'dneroads/TEXFACE/roadtexturehighdetailbrokenwhitelinecrosswalk.psd'
06:19:45: RTSS: using 4b23046936a0d3b197116992a2aa3e0b_VS for Pass 0 of 'dneroads/TEXFACE/roadtexturehighdetailbrokenwhitelineintersection.psd'
06:19:45: RTSS: using 1b60d5aabfb4e41053e1ea2f1fd6e4d1_FS for Pass 0 of 'dneroads/TEXFACE/roadtexturehighdetailbrokenwhitelineintersection.psd'
06:19:45: RTSS: using 4b23046936a0d3b197116992a2aa3e0b_VS for Pass 0 of 'dneroads/TEXFACE/roadtexturehighdetailnolines.dds'
06:19:45: RTSS: using 1b60d5aabfb4e41053e1ea2f1fd6e4d1_FS for Pass 0 of 'dneroads/TEXFACE/roadtexturehighdetailnolines.dds'
06:19:45: RTSS: using 4b23046936a0d3b197116992a2aa3e0b_VS for Pass 0 of 'dneroads/TEXFACE/roadtexturehighdetail.dds'
06:19:45: RTSS: using 1b60d5aabfb4e41053e1ea2f1fd6e4d1_FS for Pass 0 of 'dneroads/TEXFACE/roadtexturehighdetail.dds'
06:19:45: RTSS: using 4b23046936a0d3b197116992a2aa3e0b_VS for Pass 0 of 'modularbuildings/TEXFACE/wall_largeblocks_darkgrey.dds'
06:19:45: RTSS: using 1b60d5aabfb4e41053e1ea2f1fd6e4d1_FS for Pass 0 of 'modularbuildings/TEXFACE/wall_largeblocks_darkgrey.dds'
06:19:45: RTSS: using 4b23046936a0d3b197116992a2aa3e0b_VS for Pass 0 of 'modularbuildings/TEXFACE/Metalroof01.dds'
06:19:45: RTSS: using 1b60d5aabfb4e41053e1ea2f1fd6e4d1_FS for Pass 0 of 'modularbuildings/TEXFACE/Metalroof01.dds'
06:19:45: RTSS: using 4b23046936a0d3b197116992a2aa3e0b_VS for Pass 0 of 'modularbuildings/TEXFACE/base_wall_largeblocks_darkgrey.dds'
06:19:45: RTSS: using 1b60d5aabfb4e41053e1ea2f1fd6e4d1_FS for Pass 0 of 'modularbuildings/TEXFACE/base_wall_largeblocks_darkgrey.dds'
06:19:45: RTSS: using 8a4f79308ac39a0db2a903436248e9d4_VS for Pass 0 of 'modularbuildings/TEXFACE/window_narrow_darkgrey.dds'
06:19:45: RTSS: using 2f3176fa8c3cfebfa0234ceb159deaef_FS for Pass 0 of 'modularbuildings/TEXFACE/window_narrow_darkgrey.dds'
06:19:45: RTSS: using 8a4f79308ac39a0db2a903436248e9d4_VS for Pass 0 of 'modularbuildings/TEXFACE/base_window_narrow_darkgrey.dds'
06:19:45: RTSS: using 2f3176fa8c3cfebfa0234ceb159deaef_FS for Pass 0 of 'modularbuildings/TEXFACE/base_window_narrow_darkgrey.dds'
06:19:45: RTSS: using 8a4f79308ac39a0db2a903436248e9d4_VS for Pass 0 of 'modularbuildings/TEXFACE/window_narrow_archtop_darkgrey.dds'
06:19:45: RTSS: using 2f3176fa8c3cfebfa0234ceb159deaef_FS for Pass 0 of 'modularbuildings/TEXFACE/window_narrow_archtop_darkgrey.dds'
06:19:45: RTSS: using 4b23046936a0d3b197116992a2aa3e0b_VS for Pass 0 of 'modularbuildings/TEXFACE/sidewalkedge.dds'
06:19:45: RTSS: using 1b60d5aabfb4e41053e1ea2f1fd6e4d1_FS for Pass 0 of 'modularbuildings/TEXFACE/sidewalkedge.dds'
06:19:45: RTSS: using 4b23046936a0d3b197116992a2aa3e0b_VS for Pass 0 of 'modularbuildings/TEXFACE/sidewalk01.dds'
06:19:45: RTSS: using 1b60d5aabfb4e41053e1ea2f1fd6e4d1_FS for Pass 0 of 'modularbuildings/TEXFACE/sidewalk01.dds'
06:19:45: RTSS: using 4b23046936a0d3b197116992a2aa3e0b_VS for Pass 0 of 'modularbuildings/TEXFACE/epicrailroof.dds'
06:19:45: RTSS: using 1b60d5aabfb4e41053e1ea2f1fd6e4d1_FS for Pass 0 of 'modularbuildings/TEXFACE/epicrailroof.dds'
06:19:45: RTSS: using 8a4f79308ac39a0db2a903436248e9d4_VS for Pass 0 of 'modularbuildings/TEXFACE/Epicrailhqwindow01fixed.dds'
06:19:45: RTSS: using 2f3176fa8c3cfebfa0234ceb159deaef_FS for Pass 0 of 'modularbuildings/TEXFACE/Epicrailhqwindow01fixed.dds'
06:19:45: RTSS: using 8a4f79308ac39a0db2a903436248e9d4_VS for Pass 0 of 'modularbuildings/TEXFACE/Epicrailhqwindow06fixed.dds'
06:19:45: RTSS: using 2f3176fa8c3cfebfa0234ceb159deaef_FS for Pass 0 of 'modularbuildings/TEXFACE/Epicrailhqwindow06fixed.dds'
06:19:45: RTSS: using 8a4f79308ac39a0db2a903436248e9d4_VS for Pass 0 of 'modularbuildings/TEXFACE/Epicrailhqwindow02fixed.dds'
06:19:45: RTSS: using 2f3176fa8c3cfebfa0234ceb159deaef_FS for Pass 0 of 'modularbuildings/TEXFACE/Epicrailhqwindow02fixed.dds'
06:19:45: RTSS: using 8a4f79308ac39a0db2a903436248e9d4_VS for Pass 0 of 'modularbuildings/TEXFACE/Epicrailhqwindow04fixed.dds'
06:19:45: RTSS: using 2f3176fa8c3cfebfa0234ceb159deaef_FS for Pass 0 of 'modularbuildings/TEXFACE/Epicrailhqwindow04fixed.dds'
06:19:45: RTSS: using 8a4f79308ac39a0db2a903436248e9d4_VS for Pass 0 of 'modularbuildings/TEXFACE/Epicrailhqwindow03fixed.dds'
06:19:45: RTSS: using 2f3176fa8c3cfebfa0234ceb159deaef_FS for Pass 0 of 'modularbuildings/TEXFACE/Epicrailhqwindow03fixed.dds'
06:19:45: RTSS: using 8a4f79308ac39a0db2a903436248e9d4_VS for Pass 0 of 'modularbuildings/TEXFACE/Epicrailhqwindow05fixed.dds'
06:19:45: RTSS: using 2f3176fa8c3cfebfa0234ceb159deaef_FS for Pass 0 of 'modularbuildings/TEXFACE/Epicrailhqwindow05fixed.dds'
06:19:45: RTSS: using 8a4f79308ac39a0db2a903436248e9d4_VS for Pass 0 of 'modularbuildings/TEXFACE/window_chicago_lightgrey.dds'
06:19:45: RTSS: using 2f3176fa8c3cfebfa0234ceb159deaef_FS for Pass 0 of 'modularbuildings/TEXFACE/window_chicago_lightgrey.dds'
06:19:45: RTSS: using 8a4f79308ac39a0db2a903436248e9d4_VS for Pass 0 of 'modularbuildings/TEXFACE/base_window_largearch_lightgrey.dds'
06:19:45: RTSS: using 2f3176fa8c3cfebfa0234ceb159deaef_FS for Pass 0 of 'modularbuildings/TEXFACE/base_window_largearch_lightgrey.dds'
06:19:45: RTSS: using 8a4f79308ac39a0db2a903436248e9d4_VS for Pass 0 of 'modularbuildings/TEXFACE/base_window_chicago_lightgrey.dds'
06:19:45: RTSS: using 2f3176fa8c3cfebfa0234ceb159deaef_FS for Pass 0 of 'modularbuildings/TEXFACE/base_window_chicago_lightgrey.dds'
06:19:45: RTSS: using 4b23046936a0d3b197116992a2aa3e0b_VS for Pass 0 of 'modularbuildings/TEXFACE/sign01.dds'
06:19:45: RTSS: using 1b60d5aabfb4e41053e1ea2f1fd6e4d1_FS for Pass 0 of 'modularbuildings/TEXFACE/sign01.dds'
06:19:45: RTSS: using 4b23046936a0d3b197116992a2aa3e0b_VS for Pass 0 of 'modularbuildings/TEXFACE/cornice01_darkred.dds'
06:19:45: RTSS: using 1b60d5aabfb4e41053e1ea2f1fd6e4d1_FS for Pass 0 of 'modularbuildings/TEXFACE/cornice01_darkred.dds'
06:19:45: RTSS: using 4b23046936a0d3b197116992a2aa3e0b_VS for Pass 0 of 'modularbuildings/TEXFACE/brickwall_darkred.dds'
06:19:45: RTSS: using 1b60d5aabfb4e41053e1ea2f1fd6e4d1_FS for Pass 0 of 'modularbuildings/TEXFACE/brickwall_darkred.dds'
06:19:45: RTSS: using 8a4f79308ac39a0db2a903436248e9d4_VS for Pass 0 of 'modularbuildings/TEXFACE/brickwindowplain_darkred.dds'
06:19:45: RTSS: using 2f3176fa8c3cfebfa0234ceb159deaef_FS for Pass 0 of 'modularbuildings/TEXFACE/brickwindowplain_darkred.dds'
06:19:45: RTSS: using 8a4f79308ac39a0db2a903436248e9d4_VS for Pass 0 of 'modularbuildings/TEXFACE/base_brickdoor_darkred.dds'
06:19:45: RTSS: using 2f3176fa8c3cfebfa0234ceb159deaef_FS for Pass 0 of 'modularbuildings/TEXFACE/base_brickdoor_darkred.dds'
06:19:45: RTSS: using 8a4f79308ac39a0db2a903436248e9d4_VS for Pass 0 of 'modularbuildings/TEXFACE/brickwindowarch_darkred.dds'
06:19:45: RTSS: using 2f3176fa8c3cfebfa0234ceb159deaef_FS for Pass 0 of 'modularbuildings/TEXFACE/brickwindowarch_darkred.dds'
06:19:45: RTSS: using 8a4f79308ac39a0db2a903436248e9d4_VS for Pass 0 of 'modularbuildings/TEXFACE/base_brickwindow_darkred.dds'
06:19:45: RTSS: using 2f3176fa8c3cfebfa0234ceb159deaef_FS for Pass 0 of 'modularbuildings/TEXFACE/base_brickwindow_darkred.dds'
06:19:45: RTSS: using 8a4f79308ac39a0db2a903436248e9d4_VS for Pass 0 of 'modularbuildings/TEXFACE/base_brickentrance_darkred.dds'
06:19:45: RTSS: using 2f3176fa8c3cfebfa0234ceb159deaef_FS for Pass 0 of 'modularbuildings/TEXFACE/base_brickentrance_darkred.dds'
06:19:45: RTSS: using 4b23046936a0d3b197116992a2aa3e0b_VS for Pass 0 of 'modularbuildings/TEXFACE/cornice01_darkblue.dds'
06:19:45: RTSS: using 1b60d5aabfb4e41053e1ea2f1fd6e4d1_FS for Pass 0 of 'modularbuildings/TEXFACE/cornice01_darkblue.dds'
06:19:45: RTSS: using 4b23046936a0d3b197116992a2aa3e0b_VS for Pass 0 of 'modularbuildings/TEXFACE/cornice01_white.dds'
06:19:45: RTSS: using 1b60d5aabfb4e41053e1ea2f1fd6e4d1_FS for Pass 0 of 'modularbuildings/TEXFACE/cornice01_white.dds'
06:19:45: RTSS: using 4b23046936a0d3b197116992a2aa3e0b_VS for Pass 0 of 'modularbuildings/TEXFACE/brickwall_darkblue.dds'
06:19:45: RTSS: using 1b60d5aabfb4e41053e1ea2f1fd6e4d1_FS for Pass 0 of 'modularbuildings/TEXFACE/brickwall_darkblue.dds'
06:19:45: RTSS: using 8a4f79308ac39a0db2a903436248e9d4_VS for Pass 0 of 'modularbuildings/TEXFACE/brickwindowplain_darkblue.dds'
06:19:45: RTSS: using 2f3176fa8c3cfebfa0234ceb159deaef_FS for Pass 0 of 'modularbuildings/TEXFACE/brickwindowplain_darkblue.dds'
06:19:45: RTSS: using 4b23046936a0d3b197116992a2aa3e0b_VS for Pass 0 of 'modularbuildings/TEXFACE/brickwall_yeller.dds'
06:19:45: RTSS: using 1b60d5aabfb4e41053e1ea2f1fd6e4d1_FS for Pass 0 of 'modularbuildings/TEXFACE/brickwall_yeller.dds'
06:19:45: RTSS: using 8a4f79308ac39a0db2a903436248e9d4_VS for Pass 0 of 'modularbuildings/TEXFACE/brickwindowplain_yeller.dds'
06:19:45: RTSS: using 2f3176fa8c3cfebfa0234ceb159deaef_FS for Pass 0 of 'modularbuildings/TEXFACE/brickwindowplain_yeller.dds'
06:19:45: RTSS: using 4b23046936a0d3b197116992a2aa3e0b_VS for Pass 0 of 'modularbuildings/TEXFACE/brickwall_white.dds'
06:19:45: RTSS: using 1b60d5aabfb4e41053e1ea2f1fd6e4d1_FS for Pass 0 of 'modularbuildings/TEXFACE/brickwall_white.dds'
06:19:45: RTSS: using 8a4f79308ac39a0db2a903436248e9d4_VS for Pass 0 of 'modularbuildings/TEXFACE/brickwindownonarch_white.dds'
06:19:45: RTSS: using 2f3176fa8c3cfebfa0234ceb159deaef_FS for Pass 0 of 'modularbuildings/TEXFACE/brickwindownonarch_white.dds'
06:19:45: RTSS: using 8a4f79308ac39a0db2a903436248e9d4_VS for Pass 0 of 'modularbuildings/TEXFACE/brickwindowarch_darkblue.dds'
06:19:45: RTSS: using 2f3176fa8c3cfebfa0234ceb159deaef_FS for Pass 0 of 'modularbuildings/TEXFACE/brickwindowarch_darkblue.dds'
06:19:45: RTSS: using 8a4f79308ac39a0db2a903436248e9d4_VS for Pass 0 of 'modularbuildings/TEXFACE/base_brickentrance_darkblue.dds'
06:19:45: RTSS: using 2f3176fa8c3cfebfa0234ceb159deaef_FS for Pass 0 of 'modularbuildings/TEXFACE/base_brickentrance_darkblue.dds'
06:19:45: RTSS: using 4b23046936a0d3b197116992a2aa3e0b_VS for Pass 0 of 'modularbuildings/TEXFACE/cornice02_darkred.dds'
06:19:45: RTSS: using 1b60d5aabfb4e41053e1ea2f1fd6e4d1_FS for Pass 0 of 'modularbuildings/TEXFACE/cornice02_darkred.dds'
06:19:45: RTSS: using 8a4f79308ac39a0db2a903436248e9d4_VS for Pass 0 of 'modularbuildings/TEXFACE/brickwindow_yeller.dds'
06:19:45: RTSS: using 2f3176fa8c3cfebfa0234ceb159deaef_FS for Pass 0 of 'modularbuildings/TEXFACE/brickwindow_yeller.dds'
06:19:45: RTSS: using 8a4f79308ac39a0db2a903436248e9d4_VS for Pass 0 of 'modularbuildings/TEXFACE/base_brickwindow_white.dds'
06:19:45: RTSS: using 2f3176fa8c3cfebfa0234ceb159deaef_FS for Pass 0 of 'modularbuildings/TEXFACE/base_brickwindow_white.dds'
06:19:45: RTSS: using 8a4f79308ac39a0db2a903436248e9d4_VS for Pass 0 of 'modularbuildings/TEXFACE/base_brickentrance_white.dds'
06:19:45: RTSS: using 2f3176fa8c3cfebfa0234ceb159deaef_FS for Pass 0 of 'modularbuildings/TEXFACE/base_brickentrance_white.dds'
06:19:45: RTSS: using 8a4f79308ac39a0db2a903436248e9d4_VS for Pass 0 of 'modularbuildings/TEXFACE/base_window_chicago_darkgrey.dds'
06:19:45: RTSS: using 2f3176fa8c3cfebfa0234ceb159deaef_FS for Pass 0 of 'modularbuildings/TEXFACE/base_window_chicago_darkgrey.dds'
06:19:45: RTSS: using 8a4f79308ac39a0db2a903436248e9d4_VS for Pass 0 of 'modularbuildings/TEXFACE/window_chicago_darkgrey.dds'
06:19:45: RTSS: using 2f3176fa8c3cfebfa0234ceb159deaef_FS for Pass 0 of 'modularbuildings/TEXFACE/window_chicago_darkgrey.dds'
06:19:45: RTSS: using 8a4f79308ac39a0db2a903436248e9d4_VS for Pass 0 of 'modularbuildings/TEXFACE/window_2small_darkgrey.dds'
06:19:45: RTSS: using 2f3176fa8c3cfebfa0234ceb159deaef_FS for Pass 0 of 'modularbuildings/TEXFACE/window_2small_darkgrey.dds'
06:19:45: RTSS: using 8a4f79308ac39a0db2a903436248e9d4_VS for Pass 0 of 'modularbuildings/TEXFACE/base_window_largearch_darkgrey.dds'
06:19:45: RTSS: using 2f3176fa8c3cfebfa0234ceb159deaef_FS for Pass 0 of 'modularbuildings/TEXFACE/base_window_largearch_darkgrey.dds'
06:19:45: RTSS: using 8a4f79308ac39a0db2a903436248e9d4_VS for Pass 0 of 'modularbuildings/TEXFACE/window_standard_tan_cropped.dds'
06:19:45: RTSS: using 2f3176fa8c3cfebfa0234ceb159deaef_FS for Pass 0 of 'modularbuildings/TEXFACE/window_standard_tan_cropped.dds'
06:19:45: RTSS: using 8a4f79308ac39a0db2a903436248e9d4_VS for Pass 0 of 'modularbuildings/TEXFACE/window_narrow_tan_cropped.dds'
06:19:45: RTSS: using 2f3176fa8c3cfebfa0234ceb159deaef_FS for Pass 0 of 'modularbuildings/TEXFACE/window_narrow_tan_cropped.dds'
06:19:45: RTSS: using 8a4f79308ac39a0db2a903436248e9d4_VS for Pass 0 of 'modularbuildings/TEXFACE/base_window_standard_tan_cropped.dds'
06:19:45: RTSS: using 2f3176fa8c3cfebfa0234ceb159deaef_FS for Pass 0 of 'modularbuildings/TEXFACE/base_window_standard_tan_cropped.dds'
06:19:45: RTSS: using 8a4f79308ac39a0db2a903436248e9d4_VS for Pass 0 of 'modularbuildings/TEXFACE/base_window_narrow_tan_cropped.dds'
06:19:45: RTSS: using 2f3176fa8c3cfebfa0234ceb159deaef_FS for Pass 0 of 'modularbuildings/TEXFACE/base_window_narrow_tan_cropped.dds'
06:19:45: RTSS: using 8a4f79308ac39a0db2a903436248e9d4_VS for Pass 0 of 'modularbuildings/TEXFACE/base_window_arch_tan_cropped.dds'
06:19:45: RTSS: using 2f3176fa8c3cfebfa0234ceb159deaef_FS for Pass 0 of 'modularbuildings/TEXFACE/base_window_arch_tan_cropped.dds'
06:19:45: RTSS: using 4b23046936a0d3b197116992a2aa3e0b_VS for Pass 0 of 'modularbuildings/TEXFACE/cornice02end_darkred.jpg'
06:19:45: RTSS: using 1b60d5aabfb4e41053e1ea2f1fd6e4d1_FS for Pass 0 of 'modularbuildings/TEXFACE/cornice02end_darkred.jpg'
06:19:45: RTSS: using 4b23046936a0d3b197116992a2aa3e0b_VS for Pass 0 of 'modularbuildings/TEXFACE/cornice02_darkred.jpg'
06:19:45: RTSS: using 1b60d5aabfb4e41053e1ea2f1fd6e4d1_FS for Pass 0 of 'modularbuildings/TEXFACE/cornice02_darkred.jpg'
06:19:45: RTSS: using 4b23046936a0d3b197116992a2aa3e0b_VS for Pass 0 of 'dneroads/TEXFACE/parkingspacewhite.dds'
06:19:45: RTSS: using 1b60d5aabfb4e41053e1ea2f1fd6e4d1_FS for Pass 0 of 'dneroads/TEXFACE/parkingspacewhite.dds'
06:19:45: RTSS: using 4b23046936a0d3b197116992a2aa3e0b_VS for Pass 0 of 'dneroads/TEXFACE/Metalroof01.dds'
06:19:45: RTSS: using 1b60d5aabfb4e41053e1ea2f1fd6e4d1_FS for Pass 0 of 'dneroads/TEXFACE/Metalroof01.dds'
06:19:45: RTSS: using 4b23046936a0d3b197116992a2aa3e0b_VS for Pass 0 of 'dneroads/TEXFACE/Parkingsign.dds'
06:19:45: RTSS: using 1b60d5aabfb4e41053e1ea2f1fd6e4d1_FS for Pass 0 of 'dneroads/TEXFACE/Parkingsign.dds'
06:19:45: RTSS: using 8a4f79308ac39a0db2a903436248e9d4_VS for Pass 0 of 'modularbuildings/TEXFACE/brickwindow_white.jpg'
06:19:45: RTSS: using 2f3176fa8c3cfebfa0234ceb159deaef_FS for Pass 0 of 'modularbuildings/TEXFACE/brickwindow_white.jpg'
06:19:45: RTSS: using 8a4f79308ac39a0db2a903436248e9d4_VS for Pass 0 of 'modularbuildings/TEXFACE/base_brickwindow_darkblue.jpg'
06:19:45: RTSS: using 2f3176fa8c3cfebfa0234ceb159deaef_FS for Pass 0 of 'modularbuildings/TEXFACE/base_brickwindow_darkblue.jpg'
06:19:45: RTSS: using 4b23046936a0d3b197116992a2aa3e0b_VS for Pass 0 of 'dneroads/TEXFACE/uglyibeamgreen.jpg'
06:19:45: RTSS: using 1b60d5aabfb4e41053e1ea2f1fd6e4d1_FS for Pass 0 of 'dneroads/TEXFACE/uglyibeamgreen.jpg'
06:19:45: RTSS: using 4b23046936a0d3b197116992a2aa3e0b_VS for Pass 0 of 'modularbuildings/TEXFACE/cornice01_concrete_fancy.jpg.dds'
06:19:45: RTSS: using 1b60d5aabfb4e41053e1ea2f1fd6e4d1_FS for Pass 0 of 'modularbuildings/TEXFACE/cornice01_concrete_fancy.jpg.dds'
06:19:45: RTSS: using 8a4f79308ac39a0db2a903436248e9d4_VS for Pass 0 of 'modularbuildings/TEXFACE/brickwindow_darkred2.dds'
06:19:45: RTSS: using 2f3176fa8c3cfebfa0234ceb159deaef_FS for Pass 0 of 'modularbuildings/TEXFACE/brickwindow_darkred2.dds'
06:19:45: RTSS: using 4b23046936a0d3b197116992a2aa3e0b_VS for Pass 0 of 'modularbuildings/TEXFACE/lowercornice01_concrete.dds'
06:19:45: RTSS: using 1b60d5aabfb4e41053e1ea2f1fd6e4d1_FS for Pass 0 of 'modularbuildings/TEXFACE/lowercornice01_concrete.dds'
06:19:45: RTSS: using 4b23046936a0d3b197116992a2aa3e0b_VS for Pass 0 of 'modularbuildings/TEXFACE/brickfiredepartmentdoor.dds'
06:19:45: RTSS: using 1b60d5aabfb4e41053e1ea2f1fd6e4d1_FS for Pass 0 of 'modularbuildings/TEXFACE/brickfiredepartmentdoor.dds'
06:19:45: RTSS: using 4b23046936a0d3b197116992a2aa3e0b_VS for Pass 0 of 'modularbuildings/TEXFACE/parkingspacewhite.dds'
06:19:45: RTSS: using 1b60d5aabfb4e41053e1ea2f1fd6e4d1_FS for Pass 0 of 'modularbuildings/TEXFACE/parkingspacewhite.dds'
06:19:45: RTSS: using 4b23046936a0d3b197116992a2aa3e0b_VS for Pass 0 of 'modularbuildings/TEXFACE/cornice04_tan.dds'
06:19:45: RTSS: using 1b60d5aabfb4e41053e1ea2f1fd6e4d1_FS for Pass 0 of 'modularbuildings/TEXFACE/cornice04_tan.dds'
06:19:45: RTSS: using 8a4f79308ac39a0db2a903436248e9d4_VS for Pass 0 of 'modularbuildings/TEXFACE/window_standard_tanbrick.dds'
06:19:45: RTSS: using 2f3176fa8c3cfebfa0234ceb159deaef_FS for Pass 0 of 'modularbuildings/TEXFACE/window_standard_tanbrick.dds'
06:19:45: RTSS: using 8a4f79308ac39a0db2a903436248e9d4_VS for Pass 0 of 'modularbuildings/TEXFACE/base_window_standard_lightgrey.dds'
06:19:45: RTSS: using 2f3176fa8c3cfebfa0234ceb159deaef_FS for Pass 0 of 'modularbuildings/TEXFACE/base_window_standard_lightgrey.dds'
06:19:45: RTSS: using 8a4f79308ac39a0db2a903436248e9d4_VS for Pass 0 of 'modularbuildings/TEXFACE/base_window_narrow_lightgrey.dds'
06:19:45: RTSS: using 2f3176fa8c3cfebfa0234ceb159deaef_FS for Pass 0 of 'modularbuildings/TEXFACE/base_window_narrow_lightgrey.dds'
06:19:45: RTSS: using 8a4f79308ac39a0db2a903436248e9d4_VS for Pass 0 of 'modularbuildings/TEXFACE/base_window_arch_lightgrey.dds'
06:19:45: RTSS: using 2f3176fa8c3cfebfa0234ceb159deaef_FS for Pass 0 of 'modularbuildings/TEXFACE/base_window_arch_lightgrey.dds'
06:19:45: RTSS: using 8a4f79308ac39a0db2a903436248e9d4_VS for Pass 0 of 'modularbuildings/TEXFACE/window_narrow_lightdarkgrey.dds'
06:19:45: RTSS: using 2f3176fa8c3cfebfa0234ceb159deaef_FS for Pass 0 of 'modularbuildings/TEXFACE/window_narrow_lightdarkgrey.dds'
06:19:45: RTSS: using 8a4f79308ac39a0db2a903436248e9d4_VS for Pass 0 of 'modularbuildings/TEXFACE/window_standard_lightdarkgrey.dds'
06:19:45: RTSS: using 2f3176fa8c3cfebfa0234ceb159deaef_FS for Pass 0 of 'modularbuildings/TEXFACE/window_standard_lightdarkgrey.dds'
06:19:45: RTSS: using 8a4f79308ac39a0db2a903436248e9d4_VS for Pass 0 of 'modularbuildings/TEXFACE/window_chicago_lightdarkgrey.dds'
06:19:45: RTSS: using 2f3176fa8c3cfebfa0234ceb159deaef_FS for Pass 0 of 'modularbuildings/TEXFACE/window_chicago_lightdarkgrey.dds'
06:19:45: RTSS: using 4b23046936a0d3b197116992a2aa3e0b_VS for Pass 0 of 'modularbuildings/TEXFACE/lowercornice02_concrete.dds'
06:19:45: RTSS: using 1b60d5aabfb4e41053e1ea2f1fd6e4d1_FS for Pass 0 of 'modularbuildings/TEXFACE/lowercornice02_concrete.dds'
06:19:45: RTSS: using 8a4f79308ac39a0db2a903436248e9d4_VS for Pass 0 of 'modularbuildings/TEXFACE/window_column_tanbrick.png'
06:19:45: RTSS: using 2f3176fa8c3cfebfa0234ceb159deaef_FS for Pass 0 of 'modularbuildings/TEXFACE/window_column_tanbrick.png'
06:19:45: RTSS: using 8a4f79308ac39a0db2a903436248e9d4_VS for Pass 0 of 'modularbuildings/TEXFACE/window_arch_tanbrick.dds'
06:19:45: RTSS: using 2f3176fa8c3cfebfa0234ceb159deaef_FS for Pass 0 of 'modularbuildings/TEXFACE/window_arch_tanbrick.dds'
06:19:45: RTSS: using 8a4f79308ac39a0db2a903436248e9d4_VS for Pass 0 of 'modularbuildings/TEXFACE/window_columnarch_tanbrick.dds'
06:19:45: RTSS: using 2f3176fa8c3cfebfa0234ceb159deaef_FS for Pass 0 of 'modularbuildings/TEXFACE/window_columnarch_tanbrick.dds'
06:19:45: RTSS: using 8a4f79308ac39a0db2a903436248e9d4_VS for Pass 0 of 'modularbuildings/TEXFACE/window_columnbase_tanbrick.dds'
06:19:45: RTSS: using 2f3176fa8c3cfebfa0234ceb159deaef_FS for Pass 0 of 'modularbuildings/TEXFACE/window_columnbase_tanbrick.dds'
06:19:45: RTSS: using 4b23046936a0d3b197116992a2aa3e0b_VS for Pass 0 of 'modularbuildings/TEXFACE/asphalt.dds'
06:19:45: RTSS: using 1b60d5aabfb4e41053e1ea2f1fd6e4d1_FS for Pass 0 of 'modularbuildings/TEXFACE/asphalt.dds'
06:19:45: RTSS: using 4b23046936a0d3b197116992a2aa3e0b_VS for Pass 0 of 'modularbuildings/TEXFACE/concretebaretan.dds'
06:19:45: RTSS: using 1b60d5aabfb4e41053e1ea2f1fd6e4d1_FS for Pass 0 of 'modularbuildings/TEXFACE/concretebaretan.dds'
06:19:45: RTSS: using 4b23046936a0d3b197116992a2aa3e0b_VS for Pass 0 of 'modularbuildings/TEXFACE/concreteparkingspace.dds'
06:19:45: RTSS: using 1b60d5aabfb4e41053e1ea2f1fd6e4d1_FS for Pass 0 of 'modularbuildings/TEXFACE/concreteparkingspace.dds'
06:19:45: RTSS: using 4b23046936a0d3b197116992a2aa3e0b_VS for Pass 0 of 'modularbuildings/TEXFACE/garage_side_window.dds'
06:19:45: RTSS: using 6e25c347719e110f81a50fb3df19738c_FS for Pass 0 of 'modularbuildings/TEXFACE/garage_side_window.dds'
06:19:45: RTSS: using 4b23046936a0d3b197116992a2aa3e0b_VS for Pass 0 of 'modularbuildings/TEXFACE/garage_cornice.dds'
06:19:45: RTSS: using 1b60d5aabfb4e41053e1ea2f1fd6e4d1_FS for Pass 0 of 'modularbuildings/TEXFACE/garage_cornice.dds'
06:19:45: RTSS: using 8a4f79308ac39a0db2a903436248e9d4_VS for Pass 0 of 'modularbuildings/TEXFACE/garage_base_window.dds'
06:19:45: RTSS: using 2f3176fa8c3cfebfa0234ceb159deaef_FS for Pass 0 of 'modularbuildings/TEXFACE/garage_base_window.dds'
06:19:45: RTSS: using 4b23046936a0d3b197116992a2aa3e0b_VS for Pass 0 of 'modularbuildings/TEXFACE/garage_window_secondfloor_nocolumn.dds'
06:19:45: RTSS: using 6e25c347719e110f81a50fb3df19738c_FS for Pass 0 of 'modularbuildings/TEXFACE/garage_window_secondfloor_nocolumn.dds'
06:19:45: RTSS: using 4b23046936a0d3b197116992a2aa3e0b_VS for Pass 0 of 'modularbuildings/TEXFACE/garage_window_mainwindow.dds'
06:19:45: RTSS: using 6e25c347719e110f81a50fb3df19738c_FS for Pass 0 of 'modularbuildings/TEXFACE/garage_window_mainwindow.dds'
06:19:45: RTSS: using 4b23046936a0d3b197116992a2aa3e0b_VS for Pass 0 of 'modularbuildings/TEXFACE/garage_window_window_topfloor.dds'
06:19:45: RTSS: using 6e25c347719e110f81a50fb3df19738c_FS for Pass 0 of 'modularbuildings/TEXFACE/garage_window_window_topfloor.dds'
06:19:45: RTSS: using 4b23046936a0d3b197116992a2aa3e0b_VS for Pass 0 of 'dneroads/TEXFACE/asphalt.dds'
06:19:45: RTSS: using 1b60d5aabfb4e41053e1ea2f1fd6e4d1_FS for Pass 0 of 'dneroads/TEXFACE/asphalt.dds'
06:19:45: RTSS: using 8a4f79308ac39a0db2a903436248e9d4_VS for Pass 0 of 'modularbuildings/TEXFACE/brickwindowarch_darkred2.jpg.dds'
06:19:45: RTSS: using 2f3176fa8c3cfebfa0234ceb159deaef_FS for Pass 0 of 'modularbuildings/TEXFACE/brickwindowarch_darkred2.jpg.dds'
06:19:45: RTSS: using 4b23046936a0d3b197116992a2aa3e0b_VS for Pass 0 of 'modularbuildings/TEXFACE/cornice02_darkred2.jpg.dds'
06:19:45: RTSS: using 1b60d5aabfb4e41053e1ea2f1fd6e4d1_FS for Pass 0 of 'modularbuildings/TEXFACE/cornice02_darkred2.jpg.dds'
06:19:45: RTSS: using 4b23046936a0d3b197116992a2aa3e0b_VS for Pass 0 of 'modularbuildings/TEXFACE/cornice04_lightgrey.dds'
06:19:45: RTSS: using 1b60d5aabfb4e41053e1ea2f1fd6e4d1_FS for Pass 0 of 'modularbuildings/TEXFACE/cornice04_lightgrey.dds'
06:19:45: RTSS: using 8a4f79308ac39a0db2a903436248e9d4_VS for Pass 0 of 'modularbuildings/TEXFACE/base_window_tallsmallarch_lightgrey.dds'
06:19:45: RTSS: using 2f3176fa8c3cfebfa0234ceb159deaef_FS for Pass 0 of 'modularbuildings/TEXFACE/base_window_tallsmallarch_lightgrey.dds'
06:19:45: RTSS: using 8a4f79308ac39a0db2a903436248e9d4_VS for Pass 0 of 'modularbuildings/TEXFACE/window_standard_lightgrey2.dds'
06:19:45: RTSS: using 2f3176fa8c3cfebfa0234ceb159deaef_FS for Pass 0 of 'modularbuildings/TEXFACE/window_standard_lightgrey2.dds'
06:19:45: RTSS: using 8a4f79308ac39a0db2a903436248e9d4_VS for Pass 0 of 'modularbuildings/TEXFACE/base_window_tallarchentrance_lightgrey.dds'
06:19:45: RTSS: using 2f3176fa8c3cfebfa0234ceb159deaef_FS for Pass 0 of 'modularbuildings/TEXFACE/base_window_tallarchentrance_lightgrey.dds'
06:19:45: RTSS: using 4b23046936a0d3b197116992a2aa3e0b_VS for Pass 0 of 'modularbuildings/TEXFACE/cornice05_lightgrey.dds'
06:19:45: RTSS: using 1b60d5aabfb4e41053e1ea2f1fd6e4d1_FS for Pass 0 of 'modularbuildings/TEXFACE/cornice05_lightgrey.dds'
06:19:45: RTSS: using 8a4f79308ac39a0db2a903436248e9d4_VS for Pass 0 of 'modularbuildings/TEXFACE/window_chicago_lightgrey2.dds'
06:19:45: RTSS: using 2f3176fa8c3cfebfa0234ceb159deaef_FS for Pass 0 of 'modularbuildings/TEXFACE/window_chicago_lightgrey2.dds'
06:19:45: RTSS: using 8a4f79308ac39a0db2a903436248e9d4_VS for Pass 0 of 'modularbuildings/TEXFACE/base_brickentrance_columns.dds'
06:19:45: RTSS: using 2f3176fa8c3cfebfa0234ceb159deaef_FS for Pass 0 of 'modularbuildings/TEXFACE/base_brickentrance_columns.dds'
06:19:45: RTSS: using 4b23046936a0d3b197116992a2aa3e0b_VS for Pass 0 of 'modularbuildings/TEXFACE/lowercornice03_concrete.dds'
06:19:45: RTSS: using 1b60d5aabfb4e41053e1ea2f1fd6e4d1_FS for Pass 0 of 'modularbuildings/TEXFACE/lowercornice03_concrete.dds'
06:19:45: RTSS: using 4b23046936a0d3b197116992a2aa3e0b_VS for Pass 0 of 'modularbuildings/TEXFACE/cornice02_tan.dds'
06:19:45: RTSS: using 1b60d5aabfb4e41053e1ea2f1fd6e4d1_FS for Pass 0 of 'modularbuildings/TEXFACE/cornice02_tan.dds'
06:19:45: RTSS: using 8a4f79308ac39a0db2a903436248e9d4_VS for Pass 0 of 'modularbuildings/TEXFACE/brickwindowplain_darkred3.dds'
06:19:45: RTSS: using 2f3176fa8c3cfebfa0234ceb159deaef_FS for Pass 0 of 'modularbuildings/TEXFACE/brickwindowplain_darkred3.dds'
06:19:45: RTSS: using 4b23046936a0d3b197116992a2aa3e0b_VS for Pass 0 of 'helipad/TEXFACE/Helipad.psd'
06:19:45: RTSS: using 1b60d5aabfb4e41053e1ea2f1fd6e4d1_FS for Pass 0 of 'helipad/TEXFACE/Helipad.psd'
06:19:45: RTSS: using 4b23046936a0d3b197116992a2aa3e0b_VS for Pass 0 of 'dneroads/TEXFACE/concretetan.dds'
06:19:45: RTSS: using 1b60d5aabfb4e41053e1ea2f1fd6e4d1_FS for Pass 0 of 'dneroads/TEXFACE/concretetan.dds'
06:19:45: RTSS: using 4b23046936a0d3b197116992a2aa3e0b_VS for Pass 0 of 'dneroads/TEXFACE/concreteindent.dds'
06:19:45: RTSS: using 1b60d5aabfb4e41053e1ea2f1fd6e4d1_FS for Pass 0 of 'dneroads/TEXFACE/concreteindent.dds'
06:19:45: RTSS: using 4b23046936a0d3b197116992a2aa3e0b_VS for Pass 0 of 'dneroads/TEXFACE/blacksteelbeam.dds'
06:19:45: RTSS: using 1b60d5aabfb4e41053e1ea2f1fd6e4d1_FS for Pass 0 of 'dneroads/TEXFACE/blacksteelbeam.dds'
06:19:45: RTSS: using 4b23046936a0d3b197116992a2aa3e0b_VS for Pass 0 of 'dneroads/TEXFACE/blacksteelrivets.dds'
06:19:45: RTSS: using 1b60d5aabfb4e41053e1ea2f1fd6e4d1_FS for Pass 0 of 'dneroads/TEXFACE/blacksteelrivets.dds'
06:19:45: RTSS: using 4b23046936a0d3b197116992a2aa3e0b_VS for Pass 0 of 'dneroads/TEXFACE/ramp.tga'
06:19:45: RTSS: using 1b60d5aabfb4e41053e1ea2f1fd6e4d1_FS for Pass 0 of 'dneroads/TEXFACE/ramp.tga'
06:19:45: RTSS: using 8a4f79308ac39a0db2a903436248e9d4_VS for Pass 0 of 'modularbuildings/TEXFACE/brickwindow_white.dds'
06:19:45: RTSS: using 2f3176fa8c3cfebfa0234ceb159deaef_FS for Pass 0 of 'modularbuildings/TEXFACE/brickwindow_white.dds'
06:19:45: RTSS: using 8a4f79308ac39a0db2a903436248e9d4_VS for Pass 0 of 'modularbuildings/TEXFACE/window_standard_darkgrey.dds'
06:19:45: RTSS: using 2f3176fa8c3cfebfa0234ceb159deaef_FS for Pass 0 of 'modularbuildings/TEXFACE/window_standard_darkgrey.dds'
06:19:45: RTSS: using 4b23046936a0d3b197116992a2aa3e0b_VS for Pass 0 of 'modularbuildings/TEXFACE/lightgreybrick.dds'
06:19:45: RTSS: using 1b60d5aabfb4e41053e1ea2f1fd6e4d1_FS for Pass 0 of 'modularbuildings/TEXFACE/lightgreybrick.dds'
06:19:45: RTSS: using 4b23046936a0d3b197116992a2aa3e0b_VS for Pass 0 of 'modularbuildings/TEXFACE/betterbrickdiffuse.dds'
06:19:45: RTSS: using 1b60d5aabfb4e41053e1ea2f1fd6e4d1_FS for Pass 0 of 'modularbuildings/TEXFACE/betterbrickdiffuse.dds'
06:19:45: RTSS: using 4b23046936a0d3b197116992a2aa3e0b_VS for Pass 0 of 'modularbuildings/TEXFACE/asphaltshingles.dds'
06:19:45: RTSS: using 1b60d5aabfb4e41053e1ea2f1fd6e4d1_FS for Pass 0 of 'modularbuildings/TEXFACE/asphaltshingles.dds'
06:19:45: RTSS: using 4b23046936a0d3b197116992a2aa3e0b_VS for Pass 0 of 'modularbuildings/TEXFACE/concretedarkgrey.dds'
06:19:45: RTSS: using 1b60d5aabfb4e41053e1ea2f1fd6e4d1_FS for Pass 0 of 'modularbuildings/TEXFACE/concretedarkgrey.dds'
06:19:45: RTSS: using 4b23046936a0d3b197116992a2aa3e0b_VS for Pass 0 of 'modularbuildings/TEXFACE/failcorplogo.dds'
06:19:45: RTSS: using 1b60d5aabfb4e41053e1ea2f1fd6e4d1_FS for Pass 0 of 'modularbuildings/TEXFACE/failcorplogo.dds'
06:19:45: RTSS: using 8a4f79308ac39a0db2a903436248e9d4_VS for Pass 0 of 'modularbuildings/TEXFACE/modernistwindow01.dds'
06:19:45: RTSS: using 2f3176fa8c3cfebfa0234ceb159deaef_FS for Pass 0 of 'modularbuildings/TEXFACE/modernistwindow01.dds'
06:19:45: RTSS: using 8a4f79308ac39a0db2a903436248e9d4_VS for Pass 0 of 'modularbuildings/TEXFACE/modernistbasewindow.dds'
06:19:45: RTSS: using 2f3176fa8c3cfebfa0234ceb159deaef_FS for Pass 0 of 'modularbuildings/TEXFACE/modernistbasewindow.dds'
06:19:45: RTSS: using 8a4f79308ac39a0db2a903436248e9d4_VS for Pass 0 of 'modularbuildings/TEXFACE/modernistentrance.dds'
06:19:45: RTSS: using 2f3176fa8c3cfebfa0234ceb159deaef_FS for Pass 0 of 'modularbuildings/TEXFACE/modernistentrance.dds'
06:19:45: RTSS: using 4b23046936a0d3b197116992a2aa3e0b_VS for Pass 0 of 'modularbuildings/TEXFACE/concretelightgrey.dds'
06:19:45: RTSS: using 1b60d5aabfb4e41053e1ea2f1fd6e4d1_FS for Pass 0 of 'modularbuildings/TEXFACE/concretelightgrey.dds'
06:19:45: RTSS: using 4b23046936a0d3b197116992a2aa3e0b_VS for Pass 0 of 'modularbuildings/TEXFACE/concretetan.dds'
06:19:45: RTSS: using 1b60d5aabfb4e41053e1ea2f1fd6e4d1_FS for Pass 0 of 'modularbuildings/TEXFACE/concretetan.dds'
06:19:45: RTSS: using 4b23046936a0d3b197116992a2aa3e0b_VS for Pass 0 of 'modularbuildings/TEXFACE/failsign.dds'
06:19:45: RTSS: using 1b60d5aabfb4e41053e1ea2f1fd6e4d1_FS for Pass 0 of 'modularbuildings/TEXFACE/failsign.dds'
06:19:45: RTSS: using 4b23046936a0d3b197116992a2aa3e0b_VS for Pass 0 of 'modularbuildings/TEXFACE/antenna.tga'
06:19:45: RTSS: using 1b60d5aabfb4e41053e1ea2f1fd6e4d1_FS for Pass 0 of 'modularbuildings/TEXFACE/antenna.tga'
06:19:45: RTSS: using 4b23046936a0d3b197116992a2aa3e0b_VS for Pass 0 of 'modularbuildings/TEXFACE/failsign2.dds'
06:19:45: RTSS: using 1b60d5aabfb4e41053e1ea2f1fd6e4d1_FS for Pass 0 of 'modularbuildings/TEXFACE/failsign2.dds'
06:19:45: RTSS: using 8a4f79308ac39a0db2a903436248e9d4_VS for Pass 0 of 'modularbuildings/TEXFACE/brickwindowarch_yeller.dds'
06:19:45: RTSS: using 2f3176fa8c3cfebfa0234ceb159deaef_FS for Pass 0 of 'modularbuildings/TEXFACE/brickwindowarch_yeller.dds'
06:19:45: RTSS: using 8a4f79308ac39a0db2a903436248e9d4_VS for Pass 0 of 'modularbuildings/TEXFACE/base_brickdoor_yeller.dds'
06:19:45: RTSS: using 2f3176fa8c3cfebfa0234ceb159deaef_FS for Pass 0 of 'modularbuildings/TEXFACE/base_brickdoor_yeller.dds'
06:19:45: RTSS: using 8a4f79308ac39a0db2a903436248e9d4_VS for Pass 0 of 'modularbuildings/TEXFACE/base_brickdoor_darkblue.dds'
06:19:45: RTSS: using 2f3176fa8c3cfebfa0234ceb159deaef_FS for Pass 0 of 'modularbuildings/TEXFACE/base_brickdoor_darkblue.dds'
06:19:45: RTSS: using 4b23046936a0d3b197116992a2aa3e0b_VS for Pass 0 of 'modularbuildings/TEXFACE/facade01cornice.dds'
06:19:45: RTSS: using 1b60d5aabfb4e41053e1ea2f1fd6e4d1_FS for Pass 0 of 'modularbuildings/TEXFACE/facade01cornice.dds'
06:19:45: RTSS: using 8a4f79308ac39a0db2a903436248e9d4_VS for Pass 0 of 'modularbuildings/TEXFACE/facade01topwindow.dds'
06:19:45: RTSS: using 2f3176fa8c3cfebfa0234ceb159deaef_FS for Pass 0 of 'modularbuildings/TEXFACE/facade01topwindow.dds'
06:19:45: RTSS: using 8a4f79308ac39a0db2a903436248e9d4_VS for Pass 0 of 'modularbuildings/TEXFACE/facade01window.dds'
06:19:45: RTSS: using 2f3176fa8c3cfebfa0234ceb159deaef_FS for Pass 0 of 'modularbuildings/TEXFACE/facade01window.dds'
06:19:45: RTSS: using 8a4f79308ac39a0db2a903436248e9d4_VS for Pass 0 of 'modularbuildings/TEXFACE/facade01basewindow.dds'
06:19:45: RTSS: using 2f3176fa8c3cfebfa0234ceb159deaef_FS for Pass 0 of 'modularbuildings/TEXFACE/facade01basewindow.dds'
06:19:45: RTSS: using 4b23046936a0d3b197116992a2aa3e0b_VS for Pass 0 of 'modularbuildings/SOLID/TEX/sidewalkedge.dds'
06:19:45: RTSS: using 1b60d5aabfb4e41053e1ea2f1fd6e4d1_FS for Pass 0 of 'modularbuildings/SOLID/TEX/sidewalkedge.dds'
06:19:45: RTSS: using 4b23046936a0d3b197116992a2aa3e0b_VS for Pass 0 of 'modularbuildings/SOLID/TEX/blueawning.dds'
06:19:45: RTSS: using 1b60d5aabfb4e41053e1ea2f1fd6e4d1_FS for Pass 0 of 'modularbuildings/SOLID/TEX/blueawning.dds'
06:19:45: RTSS: using 4b23046936a0d3b197116992a2aa3e0b_VS for Pass 0 of 'modularbuildings/SOLID/TEX/sidewalk01.dds'
06:19:45: RTSS: using 1b60d5aabfb4e41053e1ea2f1fd6e4d1_FS for Pass 0 of 'modularbuildings/SOLID/TEX/sidewalk01.dds'
06:19:45: RTSS: using 4b23046936a0d3b197116992a2aa3e0b_VS for Pass 0 of 'modularbuildings/SOLID/TEX/chimney01.dds'
06:19:45: RTSS: using 1b60d5aabfb4e41053e1ea2f1fd6e4d1_FS for Pass 0 of 'modularbuildings/SOLID/TEX/chimney01.dds'
06:19:45: RTSS: using 4b23046936a0d3b197116992a2aa3e0b_VS for Pass 0 of 'modularbuildings/SOLID/TEX/asphaltshingles.dds'
06:19:45: RTSS: using 1b60d5aabfb4e41053e1ea2f1fd6e4d1_FS for Pass 0 of 'modularbuildings/SOLID/TEX/asphaltshingles.dds'
06:19:45: RTSS: using 8a4f79308ac39a0db2a903436248e9d4_VS for Pass 0 of 'modularbuildings/SOLID/TEX/facade02topwindow.dds'
06:19:45: RTSS: using 2f3176fa8c3cfebfa0234ceb159deaef_FS for Pass 0 of 'modularbuildings/SOLID/TEX/facade02topwindow.dds'
06:19:45: RTSS: using 8a4f79308ac39a0db2a903436248e9d4_VS for Pass 0 of 'modularbuildings/SOLID/TEX/facade03topwindow.dds'
06:19:45: RTSS: using 2f3176fa8c3cfebfa0234ceb159deaef_FS for Pass 0 of 'modularbuildings/SOLID/TEX/facade03topwindow.dds'
06:19:45: RTSS: using 8a4f79308ac39a0db2a903436248e9d4_VS for Pass 0 of 'modularbuildings/SOLID/TEX/facade03window.dds'
06:19:45: RTSS: using 2f3176fa8c3cfebfa0234ceb159deaef_FS for Pass 0 of 'modularbuildings/SOLID/TEX/facade03window.dds'
06:19:45: RTSS: using 8a4f79308ac39a0db2a903436248e9d4_VS for Pass 0 of 'modularbuildings/SOLID/TEX/facade03base.dds'
06:19:45: RTSS: using 2f3176fa8c3cfebfa0234ceb159deaef_FS for Pass 0 of 'modularbuildings/SOLID/TEX/facade03base.dds'
06:19:45: RTSS: using 4b23046936a0d3b197116992a2aa3e0b_VS for Pass 0 of 'modularbuildings/SOLID/TEX/facade03door.dds'
06:19:45: RTSS: using 1b60d5aabfb4e41053e1ea2f1fd6e4d1_FS for Pass 0 of 'modularbuildings/SOLID/TEX/facade03door.dds'
06:19:45: RTSS: using 8a4f79308ac39a0db2a903436248e9d4_VS for Pass 0 of 'modularbuildings/SOLID/TEX/facade02basewindow.dds'
06:19:45: RTSS: using 2f3176fa8c3cfebfa0234ceb159deaef_FS for Pass 0 of 'modularbuildings/SOLID/TEX/facade02basewindow.dds'
06:19:45: RTSS: using 4b23046936a0d3b197116992a2aa3e0b_VS for Pass 0 of 'modularbuildings/SOLID/TEX/facade02basedoor.dds'
06:19:45: RTSS: using 1b60d5aabfb4e41053e1ea2f1fd6e4d1_FS for Pass 0 of 'modularbuildings/SOLID/TEX/facade02basedoor.dds'
06:19:45: RTSS: using 4b23046936a0d3b197116992a2aa3e0b_VS for Pass 0 of 'modularbuildings/SOLID/TEX/facade03cornice.dds'
06:19:45: RTSS: using 1b60d5aabfb4e41053e1ea2f1fd6e4d1_FS for Pass 0 of 'modularbuildings/SOLID/TEX/facade03cornice.dds'
06:19:45: RTSS: using 8a4f79308ac39a0db2a903436248e9d4_VS for Pass 0 of 'modularbuildings/SOLID/TEX/facade02window.dds'
06:19:45: RTSS: using 2f3176fa8c3cfebfa0234ceb159deaef_FS for Pass 0 of 'modularbuildings/SOLID/TEX/facade02window.dds'
06:19:45: RTSS: using 4b23046936a0d3b197116992a2aa3e0b_VS for Pass 0 of 'modularbuildings/SOLID/TEX/facade02cornice.dds'
06:19:45: RTSS: using 1b60d5aabfb4e41053e1ea2f1fd6e4d1_FS for Pass 0 of 'modularbuildings/SOLID/TEX/facade02cornice.dds'
06:19:45: RTSS: using 8a4f79308ac39a0db2a903436248e9d4_VS for Pass 0 of 'modularbuildings/TEXFACE/base_brickdoor_white.dds'
06:19:45: RTSS: using 2f3176fa8c3cfebfa0234ceb159deaef_FS for Pass 0 of 'modularbuildings/TEXFACE/base_brickdoor_white.dds'
06:19:45: RTSS: using 4b23046936a0d3b197116992a2aa3e0b_VS for Pass 0 of 'dnetrafficlight01'
06:19:45: RTSS: using 6e25c347719e110f81a50fb3df19738c_FS for Pass 0 of 'dnetrafficlight01'
06:19:45: RTSS: using 839a275503c059b65963ee86b94f0958_VS for Pass 0 of 'trafficlight3/top'
06:19:45: RTSS: using ccf9dd656b0f338b1e4a5d505a4f368c_FS for Pass 0 of 'trafficlight3/top'
06:19:45: RTSS: using 839a275503c059b65963ee86b94f0958_VS for Pass 0 of 'trafficlight3/middle'
06:19:45: RTSS: using ccf9dd656b0f338b1e4a5d505a4f368c_FS for Pass 0 of 'trafficlight3/middle'
06:19:45: RTSS: using 839a275503c059b65963ee86b94f0958_VS for Pass 0 of 'trafficlight3/bottom'
06:19:45: RTSS: using ccf9dd656b0f338b1e4a5d505a4f368c_FS for Pass 0 of 'trafficlight3/bottom'
06:19:45: RTSS: using 4b23046936a0d3b197116992a2aa3e0b_VS for Pass 0 of 'busstopNJTopaqe'
06:19:45: RTSS: using 1b60d5aabfb4e41053e1ea2f1fd6e4d1_FS for Pass 0 of 'busstopNJTopaqe'
06:19:46: RTSS: using 8a4f79308ac39a0db2a903436248e9d4_VS for Pass 0 of 'busstopNJTtrans'
06:19:46: RTSS: using d2d8c50469500835f5f65bb6f142cc26_FS for Pass 0 of 'busstopNJTtrans'
06:19:46: RTSS: using 4b23046936a0d3b197116992a2aa3e0b_VS for Pass 0 of 'Material_#58/asiaconcrete'
06:19:46: RTSS: using 1b60d5aabfb4e41053e1ea2f1fd6e4d1_FS for Pass 0 of 'Material_#58/asiaconcrete'
06:19:46: RTSS: using 8a4f79308ac39a0db2a903436248e9d4_VS for Pass 0 of 'Material_#58/asiawindow'
06:19:46: RTSS: using 2f3176fa8c3cfebfa0234ceb159deaef_FS for Pass 0 of 'Material_#58/asiawindow'
06:19:46: RTSS: using 4b23046936a0d3b197116992a2aa3e0b_VS for Pass 0 of 'Material_#58/darkcrete'
06:19:46: RTSS: using 1b60d5aabfb4e41053e1ea2f1fd6e4d1_FS for Pass 0 of 'Material_#58/darkcrete'
06:19:46: RTSS: using 4b23046936a0d3b197116992a2aa3e0b_VS for Pass 0 of 'Material_#58/redcrete'
06:19:46: RTSS: using 1b60d5aabfb4e41053e1ea2f1fd6e4d1_FS for Pass 0 of 'Material_#58/redcrete'
06:19:46: RTSS: using 8a4f79308ac39a0db2a903436248e9d4_VS for Pass 0 of 'Material_#58/asiamarble'
06:19:46: RTSS: using 2f3176fa8c3cfebfa0234ceb159deaef_FS for Pass 0 of 'Material_#58/asiamarble'
06:19:46: RTSS: using 8a4f79308ac39a0db2a903436248e9d4_VS for Pass 0 of 'Material_#58/asiafacade'
06:19:46: RTSS: using 2f3176fa8c3cfebfa0234ceb159deaef_FS for Pass 0 of 'Material_#58/asiafacade'
06:19:46: RTSS: using 4b23046936a0d3b197116992a2aa3e0b_VS for Pass 0 of 'dneroads/TEXFACE/highwaysignsupport.tga'
06:19:46: RTSS: using 1b60d5aabfb4e41053e1ea2f1fd6e4d1_FS for Pass 0 of 'dneroads/TEXFACE/highwaysignsupport.tga'
06:19:46: RTSS: using 4b23046936a0d3b197116992a2aa3e0b_VS for Pass 0 of 'dneroads/TEXFACE/freewaysigns.dds'
06:19:46: RTSS: using 1b60d5aabfb4e41053e1ea2f1fd6e4d1_FS for Pass 0 of 'dneroads/TEXFACE/freewaysigns.dds'
06:19:46: RTSS: using 4b23046936a0d3b197116992a2aa3e0b_VS for Pass 0 of 'dneroads/TEXFACE/signback01.tga'
06:19:46: RTSS: using 1b60d5aabfb4e41053e1ea2f1fd6e4d1_FS for Pass 0 of 'dneroads/TEXFACE/signback01.tga'
06:19:46: RTSS: using 4b23046936a0d3b197116992a2aa3e0b_VS for Pass 0 of 'dneroads/TEXFACE/signback03.tga'
06:19:46: RTSS: using 1b60d5aabfb4e41053e1ea2f1fd6e4d1_FS for Pass 0 of 'dneroads/TEXFACE/signback03.tga'
06:19:46: RTSS: using 4b23046936a0d3b197116992a2aa3e0b_VS for Pass 0 of 'dneroads/TEXFACE/signback02.tga'
06:19:46: RTSS: using 1b60d5aabfb4e41053e1ea2f1fd6e4d1_FS for Pass 0 of 'dneroads/TEXFACE/signback02.tga'
06:19:46: RTSS: using 839a275503c059b65963ee86b94f0958_VS for Pass 0 of 'rorng_gateway_asphalt'
06:19:46: RTSS: using ccf9dd656b0f338b1e4a5d505a4f368c_FS for Pass 0 of 'rorng_gateway_asphalt'
06:19:46: RTSS: using 839a275503c059b65963ee86b94f0958_VS for Pass 0 of 'rorng_gateway_sidewalk'
06:19:46: RTSS: using ccf9dd656b0f338b1e4a5d505a4f368c_FS for Pass 0 of 'rorng_gateway_sidewalk'
06:19:46: RTSS: using 839a275503c059b65963ee86b94f0958_VS for Pass 0 of 'rorng_gateway_architectural_concrete'
06:19:46: RTSS: using ccf9dd656b0f338b1e4a5d505a4f368c_FS for Pass 0 of 'rorng_gateway_architectural_concrete'
06:19:46: RTSS: using 839a275503c059b65963ee86b94f0958_VS for Pass 0 of 'rorng_gateway_lane_white'
06:19:46: RTSS: using ccf9dd656b0f338b1e4a5d505a4f368c_FS for Pass 0 of 'rorng_gateway_lane_white'
06:19:46: RTSS: using 839a275503c059b65963ee86b94f0958_VS for Pass 0 of 'rorng_gateway_lane_yellow'
06:19:46: RTSS: using ccf9dd656b0f338b1e4a5d505a4f368c_FS for Pass 0 of 'rorng_gateway_lane_yellow'
06:19:46: RTSS: using 839a275503c059b65963ee86b94f0958_VS for Pass 0 of 'rorng_gateway_brick'
06:19:46: RTSS: using ccf9dd656b0f338b1e4a5d505a4f368c_FS for Pass 0 of 'rorng_gateway_brick'
06:19:46: RTSS: using 839a275503c059b65963ee86b94f0958_VS for Pass 0 of 'rorng_gateway_glass_blue'
06:19:46: RTSS: using ccf9dd656b0f338b1e4a5d505a4f368c_FS for Pass 0 of 'rorng_gateway_glass_blue'
06:19:46: RTSS: using 839a275503c059b65963ee86b94f0958_VS for Pass 0 of 'rorng_gateway_stone'
06:19:46: RTSS: using ccf9dd656b0f338b1e4a5d505a4f368c_FS for Pass 0 of 'rorng_gateway_stone'
06:19:46: RTSS: using 839a275503c059b65963ee86b94f0958_VS for Pass 0 of 'rorng_gateway_powdercoat_metal'
06:19:46: RTSS: using ccf9dd656b0f338b1e4a5d505a4f368c_FS for Pass 0 of 'rorng_gateway_powdercoat_metal'
06:19:46: RTSS: using 839a275503c059b65963ee86b94f0958_VS for Pass 0 of 'rorng_gateway_tree_bark'
06:19:46: RTSS: using ccf9dd656b0f338b1e4a5d505a4f368c_FS for Pass 0 of 'rorng_gateway_tree_bark'
06:19:46: RTSS: using 839a275503c059b65963ee86b94f0958_VS for Pass 0 of 'rorng_gateway_leaf_dark'
06:19:46: RTSS: using ccf9dd656b0f338b1e4a5d505a4f368c_FS for Pass 0 of 'rorng_gateway_leaf_dark'
06:19:46: RTSS: using 839a275503c059b65963ee86b94f0958_VS for Pass 0 of 'rorng_gateway_leaf_light'
06:19:46: RTSS: using ccf9dd656b0f338b1e4a5d505a4f368c_FS for Pass 0 of 'rorng_gateway_leaf_light'
06:19:46: RTSS: using 839a275503c059b65963ee86b94f0958_VS for Pass 0 of 'rorng_gateway_lamp_emissive'
06:19:46: RTSS: using ccf9dd656b0f338b1e4a5d505a4f368c_FS for Pass 0 of 'rorng_gateway_lamp_emissive'
06:19:46: RTSS: using 2c3a67ed69eb2b45d0879220f1d3ba9f_VS for Pass 0 of 'tracks/flare'
06:19:46: RTSS: using 5840dcf54f8abf0be0cdcfd96c1961ec_FS for Pass 0 of 'tracks/flare'
06:19:46: [RoR|PleaseWaitUI] <90%> Initializing terrain light properties
06:19:46: Texture 'smoke.dds': Loading 1 faces(PF_DXT5,128x128x1) with 5 custom mipmaps from Image. Internal format is PF_DXT5,128x128x1.
06:19:46: Texture 'dust.dds': Loading 1 faces(PF_DXT5,128x128x1) with 5 custom mipmaps from Image. Internal format is PF_DXT5,128x128x1.
06:19:46: Texture 'flaretrail.png': Loading 1 faces(PF_A8R8G8B8,256x256x1) with 5 hardware generated mipmaps from Image. Internal format is PF_A8R8G8B8,256x256x1.
06:19:46: Texture 'splash.dds': Loading 1 faces(PF_DXT5,256x256x1) with 5 custom mipmaps from Image. Internal format is PF_DXT5,256x256x1.
06:19:46: Texture 'ripple.dds': Loading 1 faces(PF_DXT5,128x128x1) with 5 custom mipmaps from Image. Internal format is PF_DXT5,128x128x1.
06:19:46: [RoR|PleaseWaitUI] <92%> Initializing Overview Map Subsystem
06:19:46: RTSS: using 2c3a67ed69eb2b45d0879220f1d3ba9f_VS for Pass 0 of 'rigsofrods/WallpaperMat'
06:19:46: RTSS: using 0edfb3f0978a2915ef74ad50734e28c8_FS for Pass 0 of 'rigsofrods/WallpaperMat'
06:19:46: RTSS: using e73c7192a801d65a4bc4b8996fe43f7a_VS for Pass 0 of 'ImGui/material'
06:19:46: RTSS: using 837f3874c816f8f40226deb62182ebb1_FS for Pass 0 of 'ImGui/material'
06:19:46: RTSS: using 8340a5709a0a468830c9eca28daa7d10_VS for Pass 0 of 'tracks/skyboxcol'
06:19:46: RTSS: using b8e0864820f7d44e58234ec701b0db12_FS for Pass 0 of 'tracks/skyboxcol'
06:19:46: RTSS: using 4b23046936a0d3b197116992a2aa3e0b_VS for Pass 0 of 'concreto'
06:19:46: RTSS: using 4dc3f2ce7b891eb7fec3c31a8d4d6370_FS for Pass 0 of 'concreto'
06:19:46: RTSS: using 4b23046936a0d3b197116992a2aa3e0b_VS for Pass 0 of 'pavimento'
06:19:46: RTSS: using 4dc3f2ce7b891eb7fec3c31a8d4d6370_FS for Pass 0 of 'pavimento'
06:19:46: RTSS: using 4b23046936a0d3b197116992a2aa3e0b_VS for Pass 0 of 'calleunsolosentido'
06:19:46: RTSS: using 4dc3f2ce7b891eb7fec3c31a8d4d6370_FS for Pass 0 of 'calleunsolosentido'
06:19:46: RTSS: using 4b23046936a0d3b197116992a2aa3e0b_VS for Pass 0 of 'dneroads/TEXFACE/streetlamp.tga'
06:19:46: RTSS: using 4dc3f2ce7b891eb7fec3c31a8d4d6370_FS for Pass 0 of 'dneroads/TEXFACE/streetlamp.tga'
06:19:46: RTSS: using 4b23046936a0d3b197116992a2aa3e0b_VS for Pass 0 of 'dneroads/TEXFACE/roadtexturehighdetailbrokenwhiteline.dds'
06:19:46: RTSS: using 4dc3f2ce7b891eb7fec3c31a8d4d6370_FS for Pass 0 of 'dneroads/TEXFACE/roadtexturehighdetailbrokenwhiteline.dds'
06:19:46: RTSS: using 4b23046936a0d3b197116992a2aa3e0b_VS for Pass 0 of 'dneroads/TEXFACE/sidewalkedge.dds'
06:19:46: RTSS: using 4dc3f2ce7b891eb7fec3c31a8d4d6370_FS for Pass 0 of 'dneroads/TEXFACE/sidewalkedge.dds'
06:19:46: RTSS: using 4b23046936a0d3b197116992a2aa3e0b_VS for Pass 0 of 'dneroads/TEXFACE/sidewalk01.dds'
06:19:46: RTSS: using 4dc3f2ce7b891eb7fec3c31a8d4d6370_FS for Pass 0 of 'dneroads/TEXFACE/sidewalk01.dds'
06:19:46: RTSS: using 4b23046936a0d3b197116992a2aa3e0b_VS for Pass 0 of 'dneroads/TEXFACE/roadtexturehighdetailstopcrosswalk.psd'
06:19:46: RTSS: using 4dc3f2ce7b891eb7fec3c31a8d4d6370_FS for Pass 0 of 'dneroads/TEXFACE/roadtexturehighdetailstopcrosswalk.psd'
06:19:46: RTSS: using 4b23046936a0d3b197116992a2aa3e0b_VS for Pass 0 of 'dneroads/TEXFACE/roadtexturehighdetailbrokenwhitelinecrosswalk.psd'
06:19:46: RTSS: using 4dc3f2ce7b891eb7fec3c31a8d4d6370_FS for Pass 0 of 'dneroads/TEXFACE/roadtexturehighdetailbrokenwhitelinecrosswalk.psd'
06:19:46: RTSS: using 4b23046936a0d3b197116992a2aa3e0b_VS for Pass 0 of 'dneroads/TEXFACE/roadtexturehighdetailbrokenwhitelineintersection.psd'
06:19:46: RTSS: using 4dc3f2ce7b891eb7fec3c31a8d4d6370_FS for Pass 0 of 'dneroads/TEXFACE/roadtexturehighdetailbrokenwhitelineintersection.psd'
06:19:46: RTSS: using 4b23046936a0d3b197116992a2aa3e0b_VS for Pass 0 of 'dneroads/TEXFACE/roadtexturehighdetailnolines.dds'
06:19:46: RTSS: using 4dc3f2ce7b891eb7fec3c31a8d4d6370_FS for Pass 0 of 'dneroads/TEXFACE/roadtexturehighdetailnolines.dds'
06:19:46: RTSS: using 4b23046936a0d3b197116992a2aa3e0b_VS for Pass 0 of 'dneroads/TEXFACE/roadtexturehighdetail.dds'
06:19:46: RTSS: using 4dc3f2ce7b891eb7fec3c31a8d4d6370_FS for Pass 0 of 'dneroads/TEXFACE/roadtexturehighdetail.dds'
06:19:46: RTSS: using 4b23046936a0d3b197116992a2aa3e0b_VS for Pass 0 of 'modularbuildings/TEXFACE/wall_largeblocks_darkgrey.dds'
06:19:46: RTSS: using 4dc3f2ce7b891eb7fec3c31a8d4d6370_FS for Pass 0 of 'modularbuildings/TEXFACE/wall_largeblocks_darkgrey.dds'
06:19:46: RTSS: using 4b23046936a0d3b197116992a2aa3e0b_VS for Pass 0 of 'modularbuildings/TEXFACE/Metalroof01.dds'
06:19:46: RTSS: using 4dc3f2ce7b891eb7fec3c31a8d4d6370_FS for Pass 0 of 'modularbuildings/TEXFACE/Metalroof01.dds'
06:19:46: RTSS: using 4b23046936a0d3b197116992a2aa3e0b_VS for Pass 0 of 'modularbuildings/TEXFACE/base_wall_largeblocks_darkgrey.dds'
06:19:46: RTSS: using 4dc3f2ce7b891eb7fec3c31a8d4d6370_FS for Pass 0 of 'modularbuildings/TEXFACE/base_wall_largeblocks_darkgrey.dds'
06:19:46: RTSS: using 8a4f79308ac39a0db2a903436248e9d4_VS for Pass 0 of 'modularbuildings/TEXFACE/window_narrow_darkgrey.dds'
06:19:46: RTSS: using a3e090a4a4a4cbcf2a408f3390d7eccb_FS for Pass 0 of 'modularbuildings/TEXFACE/window_narrow_darkgrey.dds'
06:19:46: RTSS: using 8a4f79308ac39a0db2a903436248e9d4_VS for Pass 0 of 'modularbuildings/TEXFACE/base_window_narrow_darkgrey.dds'
06:19:46: RTSS: using a3e090a4a4a4cbcf2a408f3390d7eccb_FS for Pass 0 of 'modularbuildings/TEXFACE/base_window_narrow_darkgrey.dds'
06:19:46: RTSS: using 8a4f79308ac39a0db2a903436248e9d4_VS for Pass 0 of 'modularbuildings/TEXFACE/window_narrow_archtop_darkgrey.dds'
06:19:46: RTSS: using a3e090a4a4a4cbcf2a408f3390d7eccb_FS for Pass 0 of 'modularbuildings/TEXFACE/window_narrow_archtop_darkgrey.dds'
06:19:46: RTSS: using 4b23046936a0d3b197116992a2aa3e0b_VS for Pass 0 of 'modularbuildings/TEXFACE/sidewalkedge.dds'
06:19:46: RTSS: using 4dc3f2ce7b891eb7fec3c31a8d4d6370_FS for Pass 0 of 'modularbuildings/TEXFACE/sidewalkedge.dds'
06:19:46: RTSS: using 4b23046936a0d3b197116992a2aa3e0b_VS for Pass 0 of 'modularbuildings/TEXFACE/sidewalk01.dds'
06:19:46: RTSS: using 4dc3f2ce7b891eb7fec3c31a8d4d6370_FS for Pass 0 of 'modularbuildings/TEXFACE/sidewalk01.dds'
06:19:46: RTSS: using 4b23046936a0d3b197116992a2aa3e0b_VS for Pass 0 of 'modularbuildings/TEXFACE/epicrailroof.dds'
06:19:46: RTSS: using 4dc3f2ce7b891eb7fec3c31a8d4d6370_FS for Pass 0 of 'modularbuildings/TEXFACE/epicrailroof.dds'
06:19:46: RTSS: using 8a4f79308ac39a0db2a903436248e9d4_VS for Pass 0 of 'modularbuildings/TEXFACE/Epicrailhqwindow01fixed.dds'
06:19:46: RTSS: using a3e090a4a4a4cbcf2a408f3390d7eccb_FS for Pass 0 of 'modularbuildings/TEXFACE/Epicrailhqwindow01fixed.dds'
06:19:46: RTSS: using 8a4f79308ac39a0db2a903436248e9d4_VS for Pass 0 of 'modularbuildings/TEXFACE/Epicrailhqwindow06fixed.dds'
06:19:46: RTSS: using a3e090a4a4a4cbcf2a408f3390d7eccb_FS for Pass 0 of 'modularbuildings/TEXFACE/Epicrailhqwindow06fixed.dds'
06:19:46: RTSS: using 8a4f79308ac39a0db2a903436248e9d4_VS for Pass 0 of 'modularbuildings/TEXFACE/Epicrailhqwindow02fixed.dds'
06:19:46: RTSS: using a3e090a4a4a4cbcf2a408f3390d7eccb_FS for Pass 0 of 'modularbuildings/TEXFACE/Epicrailhqwindow02fixed.dds'
06:19:46: RTSS: using 8a4f79308ac39a0db2a903436248e9d4_VS for Pass 0 of 'modularbuildings/TEXFACE/Epicrailhqwindow04fixed.dds'
06:19:46: RTSS: using a3e090a4a4a4cbcf2a408f3390d7eccb_FS for Pass 0 of 'modularbuildings/TEXFACE/Epicrailhqwindow04fixed.dds'
06:19:46: RTSS: using 8a4f79308ac39a0db2a903436248e9d4_VS for Pass 0 of 'modularbuildings/TEXFACE/Epicrailhqwindow03fixed.dds'
06:19:46: RTSS: using a3e090a4a4a4cbcf2a408f3390d7eccb_FS for Pass 0 of 'modularbuildings/TEXFACE/Epicrailhqwindow03fixed.dds'
06:19:46: RTSS: using 8a4f79308ac39a0db2a903436248e9d4_VS for Pass 0 of 'modularbuildings/TEXFACE/Epicrailhqwindow05fixed.dds'
06:19:46: RTSS: using a3e090a4a4a4cbcf2a408f3390d7eccb_FS for Pass 0 of 'modularbuildings/TEXFACE/Epicrailhqwindow05fixed.dds'
06:19:46: RTSS: using 8a4f79308ac39a0db2a903436248e9d4_VS for Pass 0 of 'modularbuildings/TEXFACE/window_chicago_lightgrey.dds'
06:19:46: RTSS: using a3e090a4a4a4cbcf2a408f3390d7eccb_FS for Pass 0 of 'modularbuildings/TEXFACE/window_chicago_lightgrey.dds'
06:19:46: RTSS: using 8a4f79308ac39a0db2a903436248e9d4_VS for Pass 0 of 'modularbuildings/TEXFACE/base_window_largearch_lightgrey.dds'
06:19:46: RTSS: using a3e090a4a4a4cbcf2a408f3390d7eccb_FS for Pass 0 of 'modularbuildings/TEXFACE/base_window_largearch_lightgrey.dds'
06:19:46: RTSS: using 8a4f79308ac39a0db2a903436248e9d4_VS for Pass 0 of 'modularbuildings/TEXFACE/base_window_chicago_lightgrey.dds'
06:19:46: RTSS: using a3e090a4a4a4cbcf2a408f3390d7eccb_FS for Pass 0 of 'modularbuildings/TEXFACE/base_window_chicago_lightgrey.dds'
06:19:46: RTSS: using 4b23046936a0d3b197116992a2aa3e0b_VS for Pass 0 of 'modularbuildings/TEXFACE/sign01.dds'
06:19:46: RTSS: using 4dc3f2ce7b891eb7fec3c31a8d4d6370_FS for Pass 0 of 'modularbuildings/TEXFACE/sign01.dds'
06:19:46: RTSS: using 4b23046936a0d3b197116992a2aa3e0b_VS for Pass 0 of 'modularbuildings/TEXFACE/cornice01_darkred.dds'
06:19:46: RTSS: using 4dc3f2ce7b891eb7fec3c31a8d4d6370_FS for Pass 0 of 'modularbuildings/TEXFACE/cornice01_darkred.dds'
06:19:46: RTSS: using 4b23046936a0d3b197116992a2aa3e0b_VS for Pass 0 of 'modularbuildings/TEXFACE/brickwall_darkred.dds'
06:19:46: RTSS: using 4dc3f2ce7b891eb7fec3c31a8d4d6370_FS for Pass 0 of 'modularbuildings/TEXFACE/brickwall_darkred.dds'
06:19:46: RTSS: using 8a4f79308ac39a0db2a903436248e9d4_VS for Pass 0 of 'modularbuildings/TEXFACE/brickwindowplain_darkred.dds'
06:19:46: RTSS: using a3e090a4a4a4cbcf2a408f3390d7eccb_FS for Pass 0 of 'modularbuildings/TEXFACE/brickwindowplain_darkred.dds'
06:19:46: RTSS: using 8a4f79308ac39a0db2a903436248e9d4_VS for Pass 0 of 'modularbuildings/TEXFACE/base_brickdoor_darkred.dds'
06:19:46: RTSS: using a3e090a4a4a4cbcf2a408f3390d7eccb_FS for Pass 0 of 'modularbuildings/TEXFACE/base_brickdoor_darkred.dds'
06:19:46: RTSS: using 8a4f79308ac39a0db2a903436248e9d4_VS for Pass 0 of 'modularbuildings/TEXFACE/brickwindowarch_darkred.dds'
06:19:46: RTSS: using a3e090a4a4a4cbcf2a408f3390d7eccb_FS for Pass 0 of 'modularbuildings/TEXFACE/brickwindowarch_darkred.dds'
06:19:46: RTSS: using 8a4f79308ac39a0db2a903436248e9d4_VS for Pass 0 of 'modularbuildings/TEXFACE/base_brickwindow_darkred.dds'
06:19:46: RTSS: using a3e090a4a4a4cbcf2a408f3390d7eccb_FS for Pass 0 of 'modularbuildings/TEXFACE/base_brickwindow_darkred.dds'
06:19:46: RTSS: using 8a4f79308ac39a0db2a903436248e9d4_VS for Pass 0 of 'modularbuildings/TEXFACE/base_brickentrance_darkred.dds'
06:19:46: RTSS: using a3e090a4a4a4cbcf2a408f3390d7eccb_FS for Pass 0 of 'modularbuildings/TEXFACE/base_brickentrance_darkred.dds'
06:19:46: RTSS: using 4b23046936a0d3b197116992a2aa3e0b_VS for Pass 0 of 'modularbuildings/TEXFACE/cornice01_darkblue.dds'
06:19:46: RTSS: using 4dc3f2ce7b891eb7fec3c31a8d4d6370_FS for Pass 0 of 'modularbuildings/TEXFACE/cornice01_darkblue.dds'
06:19:46: RTSS: using 4b23046936a0d3b197116992a2aa3e0b_VS for Pass 0 of 'modularbuildings/TEXFACE/cornice01_white.dds'
06:19:46: RTSS: using 4dc3f2ce7b891eb7fec3c31a8d4d6370_FS for Pass 0 of 'modularbuildings/TEXFACE/cornice01_white.dds'
06:19:46: RTSS: using 4b23046936a0d3b197116992a2aa3e0b_VS for Pass 0 of 'modularbuildings/TEXFACE/brickwall_darkblue.dds'
06:19:46: RTSS: using 4dc3f2ce7b891eb7fec3c31a8d4d6370_FS for Pass 0 of 'modularbuildings/TEXFACE/brickwall_darkblue.dds'
06:19:46: RTSS: using 8a4f79308ac39a0db2a903436248e9d4_VS for Pass 0 of 'modularbuildings/TEXFACE/brickwindowplain_darkblue.dds'
06:19:46: RTSS: using a3e090a4a4a4cbcf2a408f3390d7eccb_FS for Pass 0 of 'modularbuildings/TEXFACE/brickwindowplain_darkblue.dds'
06:19:46: RTSS: using 4b23046936a0d3b197116992a2aa3e0b_VS for Pass 0 of 'modularbuildings/TEXFACE/brickwall_yeller.dds'
06:19:46: RTSS: using 4dc3f2ce7b891eb7fec3c31a8d4d6370_FS for Pass 0 of 'modularbuildings/TEXFACE/brickwall_yeller.dds'
06:19:46: RTSS: using 8a4f79308ac39a0db2a903436248e9d4_VS for Pass 0 of 'modularbuildings/TEXFACE/brickwindowplain_yeller.dds'
06:19:46: RTSS: using a3e090a4a4a4cbcf2a408f3390d7eccb_FS for Pass 0 of 'modularbuildings/TEXFACE/brickwindowplain_yeller.dds'
06:19:46: RTSS: using 4b23046936a0d3b197116992a2aa3e0b_VS for Pass 0 of 'modularbuildings/TEXFACE/brickwall_white.dds'
06:19:46: RTSS: using 4dc3f2ce7b891eb7fec3c31a8d4d6370_FS for Pass 0 of 'modularbuildings/TEXFACE/brickwall_white.dds'
06:19:46: RTSS: using 8a4f79308ac39a0db2a903436248e9d4_VS for Pass 0 of 'modularbuildings/TEXFACE/brickwindownonarch_white.dds'
06:19:46: RTSS: using a3e090a4a4a4cbcf2a408f3390d7eccb_FS for Pass 0 of 'modularbuildings/TEXFACE/brickwindownonarch_white.dds'
06:19:46: RTSS: using 8a4f79308ac39a0db2a903436248e9d4_VS for Pass 0 of 'modularbuildings/TEXFACE/brickwindowarch_darkblue.dds'
06:19:46: RTSS: using a3e090a4a4a4cbcf2a408f3390d7eccb_FS for Pass 0 of 'modularbuildings/TEXFACE/brickwindowarch_darkblue.dds'
06:19:46: RTSS: using 8a4f79308ac39a0db2a903436248e9d4_VS for Pass 0 of 'modularbuildings/TEXFACE/base_brickentrance_darkblue.dds'
06:19:46: RTSS: using a3e090a4a4a4cbcf2a408f3390d7eccb_FS for Pass 0 of 'modularbuildings/TEXFACE/base_brickentrance_darkblue.dds'
06:19:46: RTSS: using 4b23046936a0d3b197116992a2aa3e0b_VS for Pass 0 of 'modularbuildings/TEXFACE/cornice02_darkred.dds'
06:19:46: RTSS: using 4dc3f2ce7b891eb7fec3c31a8d4d6370_FS for Pass 0 of 'modularbuildings/TEXFACE/cornice02_darkred.dds'
06:19:46: RTSS: using 8a4f79308ac39a0db2a903436248e9d4_VS for Pass 0 of 'modularbuildings/TEXFACE/brickwindow_yeller.dds'
06:19:46: RTSS: using a3e090a4a4a4cbcf2a408f3390d7eccb_FS for Pass 0 of 'modularbuildings/TEXFACE/brickwindow_yeller.dds'
06:19:46: RTSS: using 8a4f79308ac39a0db2a903436248e9d4_VS for Pass 0 of 'modularbuildings/TEXFACE/base_brickwindow_white.dds'
06:19:46: RTSS: using a3e090a4a4a4cbcf2a408f3390d7eccb_FS for Pass 0 of 'modularbuildings/TEXFACE/base_brickwindow_white.dds'
06:19:46: RTSS: using 8a4f79308ac39a0db2a903436248e9d4_VS for Pass 0 of 'modularbuildings/TEXFACE/base_brickentrance_white.dds'
06:19:46: RTSS: using a3e090a4a4a4cbcf2a408f3390d7eccb_FS for Pass 0 of 'modularbuildings/TEXFACE/base_brickentrance_white.dds'
06:19:46: RTSS: using 8a4f79308ac39a0db2a903436248e9d4_VS for Pass 0 of 'modularbuildings/TEXFACE/base_window_chicago_darkgrey.dds'
06:19:46: RTSS: using a3e090a4a4a4cbcf2a408f3390d7eccb_FS for Pass 0 of 'modularbuildings/TEXFACE/base_window_chicago_darkgrey.dds'
06:19:46: RTSS: using 8a4f79308ac39a0db2a903436248e9d4_VS for Pass 0 of 'modularbuildings/TEXFACE/window_chicago_darkgrey.dds'
06:19:46: RTSS: using a3e090a4a4a4cbcf2a408f3390d7eccb_FS for Pass 0 of 'modularbuildings/TEXFACE/window_chicago_darkgrey.dds'
06:19:46: RTSS: using 8a4f79308ac39a0db2a903436248e9d4_VS for Pass 0 of 'modularbuildings/TEXFACE/window_2small_darkgrey.dds'
06:19:46: RTSS: using a3e090a4a4a4cbcf2a408f3390d7eccb_FS for Pass 0 of 'modularbuildings/TEXFACE/window_2small_darkgrey.dds'
06:19:46: RTSS: using 8a4f79308ac39a0db2a903436248e9d4_VS for Pass 0 of 'modularbuildings/TEXFACE/base_window_largearch_darkgrey.dds'
06:19:46: RTSS: using a3e090a4a4a4cbcf2a408f3390d7eccb_FS for Pass 0 of 'modularbuildings/TEXFACE/base_window_largearch_darkgrey.dds'
06:19:46: RTSS: using 8a4f79308ac39a0db2a903436248e9d4_VS for Pass 0 of 'modularbuildings/TEXFACE/window_standard_tan_cropped.dds'
06:19:46: RTSS: using a3e090a4a4a4cbcf2a408f3390d7eccb_FS for Pass 0 of 'modularbuildings/TEXFACE/window_standard_tan_cropped.dds'
06:19:46: RTSS: using 8a4f79308ac39a0db2a903436248e9d4_VS for Pass 0 of 'modularbuildings/TEXFACE/window_narrow_tan_cropped.dds'
06:19:46: RTSS: using a3e090a4a4a4cbcf2a408f3390d7eccb_FS for Pass 0 of 'modularbuildings/TEXFACE/window_narrow_tan_cropped.dds'
06:19:46: RTSS: using 8a4f79308ac39a0db2a903436248e9d4_VS for Pass 0 of 'modularbuildings/TEXFACE/base_window_standard_tan_cropped.dds'
06:19:46: RTSS: using a3e090a4a4a4cbcf2a408f3390d7eccb_FS for Pass 0 of 'modularbuildings/TEXFACE/base_window_standard_tan_cropped.dds'
06:19:46: RTSS: using 8a4f79308ac39a0db2a903436248e9d4_VS for Pass 0 of 'modularbuildings/TEXFACE/base_window_narrow_tan_cropped.dds'
06:19:46: RTSS: using a3e090a4a4a4cbcf2a408f3390d7eccb_FS for Pass 0 of 'modularbuildings/TEXFACE/base_window_narrow_tan_cropped.dds'
06:19:46: RTSS: using 8a4f79308ac39a0db2a903436248e9d4_VS for Pass 0 of 'modularbuildings/TEXFACE/base_window_arch_tan_cropped.dds'
06:19:46: RTSS: using a3e090a4a4a4cbcf2a408f3390d7eccb_FS for Pass 0 of 'modularbuildings/TEXFACE/base_window_arch_tan_cropped.dds'
06:19:46: RTSS: using 4b23046936a0d3b197116992a2aa3e0b_VS for Pass 0 of 'modularbuildings/TEXFACE/cornice02end_darkred.jpg'
06:19:46: RTSS: using 4dc3f2ce7b891eb7fec3c31a8d4d6370_FS for Pass 0 of 'modularbuildings/TEXFACE/cornice02end_darkred.jpg'
06:19:46: RTSS: using 4b23046936a0d3b197116992a2aa3e0b_VS for Pass 0 of 'modularbuildings/TEXFACE/cornice02_darkred.jpg'
06:19:46: RTSS: using 4dc3f2ce7b891eb7fec3c31a8d4d6370_FS for Pass 0 of 'modularbuildings/TEXFACE/cornice02_darkred.jpg'
06:19:46: RTSS: using 4b23046936a0d3b197116992a2aa3e0b_VS for Pass 0 of 'dneroads/TEXFACE/parkingspacewhite.dds'
06:19:46: RTSS: using 4dc3f2ce7b891eb7fec3c31a8d4d6370_FS for Pass 0 of 'dneroads/TEXFACE/parkingspacewhite.dds'
06:19:46: RTSS: using 4b23046936a0d3b197116992a2aa3e0b_VS for Pass 0 of 'dneroads/TEXFACE/Metalroof01.dds'
06:19:46: RTSS: using 4dc3f2ce7b891eb7fec3c31a8d4d6370_FS for Pass 0 of 'dneroads/TEXFACE/Metalroof01.dds'
06:19:46: RTSS: using 4b23046936a0d3b197116992a2aa3e0b_VS for Pass 0 of 'dneroads/TEXFACE/Parkingsign.dds'
06:19:46: RTSS: using 4dc3f2ce7b891eb7fec3c31a8d4d6370_FS for Pass 0 of 'dneroads/TEXFACE/Parkingsign.dds'
06:19:46: RTSS: using 8a4f79308ac39a0db2a903436248e9d4_VS for Pass 0 of 'modularbuildings/TEXFACE/brickwindow_white.jpg'
06:19:46: RTSS: using a3e090a4a4a4cbcf2a408f3390d7eccb_FS for Pass 0 of 'modularbuildings/TEXFACE/brickwindow_white.jpg'
06:19:46: RTSS: using 8a4f79308ac39a0db2a903436248e9d4_VS for Pass 0 of 'modularbuildings/TEXFACE/base_brickwindow_darkblue.jpg'
06:19:46: RTSS: using a3e090a4a4a4cbcf2a408f3390d7eccb_FS for Pass 0 of 'modularbuildings/TEXFACE/base_brickwindow_darkblue.jpg'
06:19:46: RTSS: using 4b23046936a0d3b197116992a2aa3e0b_VS for Pass 0 of 'dneroads/TEXFACE/uglyibeamgreen.jpg'
06:19:46: RTSS: using 4dc3f2ce7b891eb7fec3c31a8d4d6370_FS for Pass 0 of 'dneroads/TEXFACE/uglyibeamgreen.jpg'
06:19:46: RTSS: using 4b23046936a0d3b197116992a2aa3e0b_VS for Pass 0 of 'modularbuildings/TEXFACE/cornice01_concrete_fancy.jpg.dds'
06:19:46: RTSS: using 4dc3f2ce7b891eb7fec3c31a8d4d6370_FS for Pass 0 of 'modularbuildings/TEXFACE/cornice01_concrete_fancy.jpg.dds'
06:19:46: RTSS: using 8a4f79308ac39a0db2a903436248e9d4_VS for Pass 0 of 'modularbuildings/TEXFACE/brickwindow_darkred2.dds'
06:19:46: RTSS: using a3e090a4a4a4cbcf2a408f3390d7eccb_FS for Pass 0 of 'modularbuildings/TEXFACE/brickwindow_darkred2.dds'
06:19:46: RTSS: using 4b23046936a0d3b197116992a2aa3e0b_VS for Pass 0 of 'modularbuildings/TEXFACE/lowercornice01_concrete.dds'
06:19:46: RTSS: using 4dc3f2ce7b891eb7fec3c31a8d4d6370_FS for Pass 0 of 'modularbuildings/TEXFACE/lowercornice01_concrete.dds'
06:19:46: RTSS: using 4b23046936a0d3b197116992a2aa3e0b_VS for Pass 0 of 'modularbuildings/TEXFACE/brickfiredepartmentdoor.dds'
06:19:46: RTSS: using 4dc3f2ce7b891eb7fec3c31a8d4d6370_FS for Pass 0 of 'modularbuildings/TEXFACE/brickfiredepartmentdoor.dds'
06:19:46: RTSS: using 4b23046936a0d3b197116992a2aa3e0b_VS for Pass 0 of 'modularbuildings/TEXFACE/parkingspacewhite.dds'
06:19:46: RTSS: using 4dc3f2ce7b891eb7fec3c31a8d4d6370_FS for Pass 0 of 'modularbuildings/TEXFACE/parkingspacewhite.dds'
06:19:46: RTSS: using 4b23046936a0d3b197116992a2aa3e0b_VS for Pass 0 of 'modularbuildings/TEXFACE/cornice04_tan.dds'
06:19:46: RTSS: using 4dc3f2ce7b891eb7fec3c31a8d4d6370_FS for Pass 0 of 'modularbuildings/TEXFACE/cornice04_tan.dds'
06:19:46: RTSS: using 8a4f79308ac39a0db2a903436248e9d4_VS for Pass 0 of 'modularbuildings/TEXFACE/window_standard_tanbrick.dds'
06:19:46: RTSS: using a3e090a4a4a4cbcf2a408f3390d7eccb_FS for Pass 0 of 'modularbuildings/TEXFACE/window_standard_tanbrick.dds'
06:19:46: RTSS: using 8a4f79308ac39a0db2a903436248e9d4_VS for Pass 0 of 'modularbuildings/TEXFACE/base_window_standard_lightgrey.dds'
06:19:46: RTSS: using a3e090a4a4a4cbcf2a408f3390d7eccb_FS for Pass 0 of 'modularbuildings/TEXFACE/base_window_standard_lightgrey.dds'
06:19:46: RTSS: using 8a4f79308ac39a0db2a903436248e9d4_VS for Pass 0 of 'modularbuildings/TEXFACE/base_window_narrow_lightgrey.dds'
06:19:46: RTSS: using a3e090a4a4a4cbcf2a408f3390d7eccb_FS for Pass 0 of 'modularbuildings/TEXFACE/base_window_narrow_lightgrey.dds'
06:19:46: RTSS: using 8a4f79308ac39a0db2a903436248e9d4_VS for Pass 0 of 'modularbuildings/TEXFACE/base_window_arch_lightgrey.dds'
06:19:46: RTSS: using a3e090a4a4a4cbcf2a408f3390d7eccb_FS for Pass 0 of 'modularbuildings/TEXFACE/base_window_arch_lightgrey.dds'
06:19:46: RTSS: using 8a4f79308ac39a0db2a903436248e9d4_VS for Pass 0 of 'modularbuildings/TEXFACE/window_narrow_lightdarkgrey.dds'
06:19:46: RTSS: using a3e090a4a4a4cbcf2a408f3390d7eccb_FS for Pass 0 of 'modularbuildings/TEXFACE/window_narrow_lightdarkgrey.dds'
06:19:46: RTSS: using 8a4f79308ac39a0db2a903436248e9d4_VS for Pass 0 of 'modularbuildings/TEXFACE/window_standard_lightdarkgrey.dds'
06:19:46: RTSS: using a3e090a4a4a4cbcf2a408f3390d7eccb_FS for Pass 0 of 'modularbuildings/TEXFACE/window_standard_lightdarkgrey.dds'
06:19:46: RTSS: using 8a4f79308ac39a0db2a903436248e9d4_VS for Pass 0 of 'modularbuildings/TEXFACE/window_chicago_lightdarkgrey.dds'
06:19:46: RTSS: using a3e090a4a4a4cbcf2a408f3390d7eccb_FS for Pass 0 of 'modularbuildings/TEXFACE/window_chicago_lightdarkgrey.dds'
06:19:46: RTSS: using 4b23046936a0d3b197116992a2aa3e0b_VS for Pass 0 of 'modularbuildings/TEXFACE/lowercornice02_concrete.dds'
06:19:46: RTSS: using 4dc3f2ce7b891eb7fec3c31a8d4d6370_FS for Pass 0 of 'modularbuildings/TEXFACE/lowercornice02_concrete.dds'
06:19:46: RTSS: using 8a4f79308ac39a0db2a903436248e9d4_VS for Pass 0 of 'modularbuildings/TEXFACE/window_column_tanbrick.png'
06:19:46: RTSS: using a3e090a4a4a4cbcf2a408f3390d7eccb_FS for Pass 0 of 'modularbuildings/TEXFACE/window_column_tanbrick.png'
06:19:46: RTSS: using 8a4f79308ac39a0db2a903436248e9d4_VS for Pass 0 of 'modularbuildings/TEXFACE/window_arch_tanbrick.dds'
06:19:46: RTSS: using a3e090a4a4a4cbcf2a408f3390d7eccb_FS for Pass 0 of 'modularbuildings/TEXFACE/window_arch_tanbrick.dds'
06:19:46: RTSS: using 8a4f79308ac39a0db2a903436248e9d4_VS for Pass 0 of 'modularbuildings/TEXFACE/window_columnarch_tanbrick.dds'
06:19:46: RTSS: using a3e090a4a4a4cbcf2a408f3390d7eccb_FS for Pass 0 of 'modularbuildings/TEXFACE/window_columnarch_tanbrick.dds'
06:19:46: RTSS: using 8a4f79308ac39a0db2a903436248e9d4_VS for Pass 0 of 'modularbuildings/TEXFACE/window_columnbase_tanbrick.dds'
06:19:46: RTSS: using a3e090a4a4a4cbcf2a408f3390d7eccb_FS for Pass 0 of 'modularbuildings/TEXFACE/window_columnbase_tanbrick.dds'
06:19:46: RTSS: using 4b23046936a0d3b197116992a2aa3e0b_VS for Pass 0 of 'modularbuildings/TEXFACE/asphalt.dds'
06:19:46: RTSS: using 4dc3f2ce7b891eb7fec3c31a8d4d6370_FS for Pass 0 of 'modularbuildings/TEXFACE/asphalt.dds'
06:19:46: RTSS: using 4b23046936a0d3b197116992a2aa3e0b_VS for Pass 0 of 'modularbuildings/TEXFACE/concretebaretan.dds'
06:19:46: RTSS: using 4dc3f2ce7b891eb7fec3c31a8d4d6370_FS for Pass 0 of 'modularbuildings/TEXFACE/concretebaretan.dds'
06:19:46: RTSS: using 4b23046936a0d3b197116992a2aa3e0b_VS for Pass 0 of 'modularbuildings/TEXFACE/concreteparkingspace.dds'
06:19:46: RTSS: using 4dc3f2ce7b891eb7fec3c31a8d4d6370_FS for Pass 0 of 'modularbuildings/TEXFACE/concreteparkingspace.dds'
06:19:46: RTSS: using 4b23046936a0d3b197116992a2aa3e0b_VS for Pass 0 of 'modularbuildings/TEXFACE/garage_side_window.dds'
06:19:46: RTSS: using bab7173ba715762acdbf6b8607a31c26_FS for Pass 0 of 'modularbuildings/TEXFACE/garage_side_window.dds'
06:19:46: RTSS: using 4b23046936a0d3b197116992a2aa3e0b_VS for Pass 0 of 'modularbuildings/TEXFACE/garage_cornice.dds'
06:19:46: RTSS: using 4dc3f2ce7b891eb7fec3c31a8d4d6370_FS for Pass 0 of 'modularbuildings/TEXFACE/garage_cornice.dds'
06:19:46: RTSS: using 8a4f79308ac39a0db2a903436248e9d4_VS for Pass 0 of 'modularbuildings/TEXFACE/garage_base_window.dds'
06:19:46: RTSS: using a3e090a4a4a4cbcf2a408f3390d7eccb_FS for Pass 0 of 'modularbuildings/TEXFACE/garage_base_window.dds'
06:19:46: RTSS: using 4b23046936a0d3b197116992a2aa3e0b_VS for Pass 0 of 'modularbuildings/TEXFACE/garage_window_secondfloor_nocolumn.dds'
06:19:46: RTSS: using bab7173ba715762acdbf6b8607a31c26_FS for Pass 0 of 'modularbuildings/TEXFACE/garage_window_secondfloor_nocolumn.dds'
06:19:46: RTSS: using 4b23046936a0d3b197116992a2aa3e0b_VS for Pass 0 of 'modularbuildings/TEXFACE/garage_window_mainwindow.dds'
06:19:46: RTSS: using bab7173ba715762acdbf6b8607a31c26_FS for Pass 0 of 'modularbuildings/TEXFACE/garage_window_mainwindow.dds'
06:19:46: RTSS: using 4b23046936a0d3b197116992a2aa3e0b_VS for Pass 0 of 'modularbuildings/TEXFACE/garage_window_window_topfloor.dds'
06:19:46: RTSS: using bab7173ba715762acdbf6b8607a31c26_FS for Pass 0 of 'modularbuildings/TEXFACE/garage_window_window_topfloor.dds'
06:19:46: RTSS: using 4b23046936a0d3b197116992a2aa3e0b_VS for Pass 0 of 'dneroads/TEXFACE/asphalt.dds'
06:19:46: RTSS: using 4dc3f2ce7b891eb7fec3c31a8d4d6370_FS for Pass 0 of 'dneroads/TEXFACE/asphalt.dds'
06:19:46: RTSS: using 8a4f79308ac39a0db2a903436248e9d4_VS for Pass 0 of 'modularbuildings/TEXFACE/brickwindowarch_darkred2.jpg.dds'
06:19:46: RTSS: using a3e090a4a4a4cbcf2a408f3390d7eccb_FS for Pass 0 of 'modularbuildings/TEXFACE/brickwindowarch_darkred2.jpg.dds'
06:19:46: RTSS: using 4b23046936a0d3b197116992a2aa3e0b_VS for Pass 0 of 'modularbuildings/TEXFACE/cornice02_darkred2.jpg.dds'
06:19:46: RTSS: using 4dc3f2ce7b891eb7fec3c31a8d4d6370_FS for Pass 0 of 'modularbuildings/TEXFACE/cornice02_darkred2.jpg.dds'
06:19:46: RTSS: using 4b23046936a0d3b197116992a2aa3e0b_VS for Pass 0 of 'modularbuildings/TEXFACE/cornice04_lightgrey.dds'
06:19:46: RTSS: using 4dc3f2ce7b891eb7fec3c31a8d4d6370_FS for Pass 0 of 'modularbuildings/TEXFACE/cornice04_lightgrey.dds'
06:19:46: RTSS: using 8a4f79308ac39a0db2a903436248e9d4_VS for Pass 0 of 'modularbuildings/TEXFACE/base_window_tallsmallarch_lightgrey.dds'
06:19:46: RTSS: using a3e090a4a4a4cbcf2a408f3390d7eccb_FS for Pass 0 of 'modularbuildings/TEXFACE/base_window_tallsmallarch_lightgrey.dds'
06:19:46: RTSS: using 8a4f79308ac39a0db2a903436248e9d4_VS for Pass 0 of 'modularbuildings/TEXFACE/window_standard_lightgrey2.dds'
06:19:46: RTSS: using a3e090a4a4a4cbcf2a408f3390d7eccb_FS for Pass 0 of 'modularbuildings/TEXFACE/window_standard_lightgrey2.dds'
06:19:46: RTSS: using 8a4f79308ac39a0db2a903436248e9d4_VS for Pass 0 of 'modularbuildings/TEXFACE/base_window_tallarchentrance_lightgrey.dds'
06:19:46: RTSS: using a3e090a4a4a4cbcf2a408f3390d7eccb_FS for Pass 0 of 'modularbuildings/TEXFACE/base_window_tallarchentrance_lightgrey.dds'
06:19:46: RTSS: using 4b23046936a0d3b197116992a2aa3e0b_VS for Pass 0 of 'modularbuildings/TEXFACE/cornice05_lightgrey.dds'
06:19:46: RTSS: using 4dc3f2ce7b891eb7fec3c31a8d4d6370_FS for Pass 0 of 'modularbuildings/TEXFACE/cornice05_lightgrey.dds'
06:19:46: RTSS: using 8a4f79308ac39a0db2a903436248e9d4_VS for Pass 0 of 'modularbuildings/TEXFACE/window_chicago_lightgrey2.dds'
06:19:46: RTSS: using a3e090a4a4a4cbcf2a408f3390d7eccb_FS for Pass 0 of 'modularbuildings/TEXFACE/window_chicago_lightgrey2.dds'
06:19:46: RTSS: using 8a4f79308ac39a0db2a903436248e9d4_VS for Pass 0 of 'modularbuildings/TEXFACE/base_brickentrance_columns.dds'
06:19:46: RTSS: using a3e090a4a4a4cbcf2a408f3390d7eccb_FS for Pass 0 of 'modularbuildings/TEXFACE/base_brickentrance_columns.dds'
06:19:46: RTSS: using 4b23046936a0d3b197116992a2aa3e0b_VS for Pass 0 of 'modularbuildings/TEXFACE/lowercornice03_concrete.dds'
06:19:46: RTSS: using 4dc3f2ce7b891eb7fec3c31a8d4d6370_FS for Pass 0 of 'modularbuildings/TEXFACE/lowercornice03_concrete.dds'
06:19:46: RTSS: using 4b23046936a0d3b197116992a2aa3e0b_VS for Pass 0 of 'modularbuildings/TEXFACE/cornice02_tan.dds'
06:19:46: RTSS: using 4dc3f2ce7b891eb7fec3c31a8d4d6370_FS for Pass 0 of 'modularbuildings/TEXFACE/cornice02_tan.dds'
06:19:46: RTSS: using 8a4f79308ac39a0db2a903436248e9d4_VS for Pass 0 of 'modularbuildings/TEXFACE/brickwindowplain_darkred3.dds'
06:19:46: RTSS: using a3e090a4a4a4cbcf2a408f3390d7eccb_FS for Pass 0 of 'modularbuildings/TEXFACE/brickwindowplain_darkred3.dds'
06:19:46: RTSS: using 4b23046936a0d3b197116992a2aa3e0b_VS for Pass 0 of 'helipad/TEXFACE/Helipad.psd'
06:19:46: RTSS: using 4dc3f2ce7b891eb7fec3c31a8d4d6370_FS for Pass 0 of 'helipad/TEXFACE/Helipad.psd'
06:19:46: RTSS: using 4b23046936a0d3b197116992a2aa3e0b_VS for Pass 0 of 'dneroads/TEXFACE/concretetan.dds'
06:19:46: RTSS: using 4dc3f2ce7b891eb7fec3c31a8d4d6370_FS for Pass 0 of 'dneroads/TEXFACE/concretetan.dds'
06:19:46: RTSS: using 4b23046936a0d3b197116992a2aa3e0b_VS for Pass 0 of 'dneroads/TEXFACE/concreteindent.dds'
06:19:46: RTSS: using 4dc3f2ce7b891eb7fec3c31a8d4d6370_FS for Pass 0 of 'dneroads/TEXFACE/concreteindent.dds'
06:19:46: RTSS: using 4b23046936a0d3b197116992a2aa3e0b_VS for Pass 0 of 'dneroads/TEXFACE/blacksteelbeam.dds'
06:19:46: RTSS: using 4dc3f2ce7b891eb7fec3c31a8d4d6370_FS for Pass 0 of 'dneroads/TEXFACE/blacksteelbeam.dds'
06:19:46: RTSS: using 4b23046936a0d3b197116992a2aa3e0b_VS for Pass 0 of 'dneroads/TEXFACE/blacksteelrivets.dds'
06:19:46: RTSS: using 4dc3f2ce7b891eb7fec3c31a8d4d6370_FS for Pass 0 of 'dneroads/TEXFACE/blacksteelrivets.dds'
06:19:46: RTSS: using 4b23046936a0d3b197116992a2aa3e0b_VS for Pass 0 of 'dneroads/TEXFACE/ramp.tga'
06:19:46: RTSS: using 4dc3f2ce7b891eb7fec3c31a8d4d6370_FS for Pass 0 of 'dneroads/TEXFACE/ramp.tga'
06:19:46: RTSS: using 8a4f79308ac39a0db2a903436248e9d4_VS for Pass 0 of 'modularbuildings/TEXFACE/brickwindow_white.dds'
06:19:46: RTSS: using a3e090a4a4a4cbcf2a408f3390d7eccb_FS for Pass 0 of 'modularbuildings/TEXFACE/brickwindow_white.dds'
06:19:46: RTSS: using 8a4f79308ac39a0db2a903436248e9d4_VS for Pass 0 of 'modularbuildings/TEXFACE/window_standard_darkgrey.dds'
06:19:46: RTSS: using a3e090a4a4a4cbcf2a408f3390d7eccb_FS for Pass 0 of 'modularbuildings/TEXFACE/window_standard_darkgrey.dds'
06:19:46: RTSS: using 4b23046936a0d3b197116992a2aa3e0b_VS for Pass 0 of 'modularbuildings/TEXFACE/lightgreybrick.dds'
06:19:46: RTSS: using 4dc3f2ce7b891eb7fec3c31a8d4d6370_FS for Pass 0 of 'modularbuildings/TEXFACE/lightgreybrick.dds'
06:19:46: RTSS: using 4b23046936a0d3b197116992a2aa3e0b_VS for Pass 0 of 'modularbuildings/TEXFACE/betterbrickdiffuse.dds'
06:19:46: RTSS: using 4dc3f2ce7b891eb7fec3c31a8d4d6370_FS for Pass 0 of 'modularbuildings/TEXFACE/betterbrickdiffuse.dds'
06:19:46: RTSS: using 4b23046936a0d3b197116992a2aa3e0b_VS for Pass 0 of 'modularbuildings/TEXFACE/asphaltshingles.dds'
06:19:46: RTSS: using 4dc3f2ce7b891eb7fec3c31a8d4d6370_FS for Pass 0 of 'modularbuildings/TEXFACE/asphaltshingles.dds'
06:19:46: RTSS: using 4b23046936a0d3b197116992a2aa3e0b_VS for Pass 0 of 'modularbuildings/TEXFACE/concretedarkgrey.dds'
06:19:46: RTSS: using 4dc3f2ce7b891eb7fec3c31a8d4d6370_FS for Pass 0 of 'modularbuildings/TEXFACE/concretedarkgrey.dds'
06:19:46: RTSS: using 4b23046936a0d3b197116992a2aa3e0b_VS for Pass 0 of 'modularbuildings/TEXFACE/failcorplogo.dds'
06:19:46: RTSS: using 4dc3f2ce7b891eb7fec3c31a8d4d6370_FS for Pass 0 of 'modularbuildings/TEXFACE/failcorplogo.dds'
06:19:46: RTSS: using 8a4f79308ac39a0db2a903436248e9d4_VS for Pass 0 of 'modularbuildings/TEXFACE/modernistwindow01.dds'
06:19:46: RTSS: using a3e090a4a4a4cbcf2a408f3390d7eccb_FS for Pass 0 of 'modularbuildings/TEXFACE/modernistwindow01.dds'
06:19:46: RTSS: using 8a4f79308ac39a0db2a903436248e9d4_VS for Pass 0 of 'modularbuildings/TEXFACE/modernistbasewindow.dds'
06:19:46: RTSS: using a3e090a4a4a4cbcf2a408f3390d7eccb_FS for Pass 0 of 'modularbuildings/TEXFACE/modernistbasewindow.dds'
06:19:46: RTSS: using 8a4f79308ac39a0db2a903436248e9d4_VS for Pass 0 of 'modularbuildings/TEXFACE/modernistentrance.dds'
06:19:46: RTSS: using a3e090a4a4a4cbcf2a408f3390d7eccb_FS for Pass 0 of 'modularbuildings/TEXFACE/modernistentrance.dds'
06:19:46: RTSS: using 4b23046936a0d3b197116992a2aa3e0b_VS for Pass 0 of 'modularbuildings/TEXFACE/concretelightgrey.dds'
06:19:46: RTSS: using 4dc3f2ce7b891eb7fec3c31a8d4d6370_FS for Pass 0 of 'modularbuildings/TEXFACE/concretelightgrey.dds'
06:19:46: RTSS: using 4b23046936a0d3b197116992a2aa3e0b_VS for Pass 0 of 'modularbuildings/TEXFACE/concretetan.dds'
06:19:46: RTSS: using 4dc3f2ce7b891eb7fec3c31a8d4d6370_FS for Pass 0 of 'modularbuildings/TEXFACE/concretetan.dds'
06:19:46: RTSS: using 4b23046936a0d3b197116992a2aa3e0b_VS for Pass 0 of 'modularbuildings/TEXFACE/failsign.dds'
06:19:46: RTSS: using 4dc3f2ce7b891eb7fec3c31a8d4d6370_FS for Pass 0 of 'modularbuildings/TEXFACE/failsign.dds'
06:19:46: RTSS: using 4b23046936a0d3b197116992a2aa3e0b_VS for Pass 0 of 'modularbuildings/TEXFACE/antenna.tga'
06:19:46: RTSS: using 4dc3f2ce7b891eb7fec3c31a8d4d6370_FS for Pass 0 of 'modularbuildings/TEXFACE/antenna.tga'
06:19:46: RTSS: using 4b23046936a0d3b197116992a2aa3e0b_VS for Pass 0 of 'modularbuildings/TEXFACE/failsign2.dds'
06:19:46: RTSS: using 4dc3f2ce7b891eb7fec3c31a8d4d6370_FS for Pass 0 of 'modularbuildings/TEXFACE/failsign2.dds'
06:19:46: RTSS: using 8a4f79308ac39a0db2a903436248e9d4_VS for Pass 0 of 'modularbuildings/TEXFACE/brickwindowarch_yeller.dds'
06:19:46: RTSS: using a3e090a4a4a4cbcf2a408f3390d7eccb_FS for Pass 0 of 'modularbuildings/TEXFACE/brickwindowarch_yeller.dds'
06:19:46: RTSS: using 8a4f79308ac39a0db2a903436248e9d4_VS for Pass 0 of 'modularbuildings/TEXFACE/base_brickdoor_yeller.dds'
06:19:46: RTSS: using a3e090a4a4a4cbcf2a408f3390d7eccb_FS for Pass 0 of 'modularbuildings/TEXFACE/base_brickdoor_yeller.dds'
06:19:46: RTSS: using 8a4f79308ac39a0db2a903436248e9d4_VS for Pass 0 of 'modularbuildings/TEXFACE/base_brickdoor_darkblue.dds'
06:19:46: RTSS: using a3e090a4a4a4cbcf2a408f3390d7eccb_FS for Pass 0 of 'modularbuildings/TEXFACE/base_brickdoor_darkblue.dds'
06:19:46: RTSS: using 4b23046936a0d3b197116992a2aa3e0b_VS for Pass 0 of 'modularbuildings/TEXFACE/facade01cornice.dds'
06:19:46: RTSS: using 4dc3f2ce7b891eb7fec3c31a8d4d6370_FS for Pass 0 of 'modularbuildings/TEXFACE/facade01cornice.dds'
06:19:46: RTSS: using 8a4f79308ac39a0db2a903436248e9d4_VS for Pass 0 of 'modularbuildings/TEXFACE/facade01topwindow.dds'
06:19:46: RTSS: using a3e090a4a4a4cbcf2a408f3390d7eccb_FS for Pass 0 of 'modularbuildings/TEXFACE/facade01topwindow.dds'
06:19:46: RTSS: using 8a4f79308ac39a0db2a903436248e9d4_VS for Pass 0 of 'modularbuildings/TEXFACE/facade01window.dds'
06:19:46: RTSS: using a3e090a4a4a4cbcf2a408f3390d7eccb_FS for Pass 0 of 'modularbuildings/TEXFACE/facade01window.dds'
06:19:46: RTSS: using 8a4f79308ac39a0db2a903436248e9d4_VS for Pass 0 of 'modularbuildings/TEXFACE/facade01basewindow.dds'
06:19:46: RTSS: using a3e090a4a4a4cbcf2a408f3390d7eccb_FS for Pass 0 of 'modularbuildings/TEXFACE/facade01basewindow.dds'
06:19:46: RTSS: using 4b23046936a0d3b197116992a2aa3e0b_VS for Pass 0 of 'modularbuildings/SOLID/TEX/sidewalkedge.dds'
06:19:46: RTSS: using 4dc3f2ce7b891eb7fec3c31a8d4d6370_FS for Pass 0 of 'modularbuildings/SOLID/TEX/sidewalkedge.dds'
06:19:46: RTSS: using 4b23046936a0d3b197116992a2aa3e0b_VS for Pass 0 of 'modularbuildings/SOLID/TEX/blueawning.dds'
06:19:46: RTSS: using 4dc3f2ce7b891eb7fec3c31a8d4d6370_FS for Pass 0 of 'modularbuildings/SOLID/TEX/blueawning.dds'
06:19:46: RTSS: using 4b23046936a0d3b197116992a2aa3e0b_VS for Pass 0 of 'modularbuildings/SOLID/TEX/sidewalk01.dds'
06:19:46: RTSS: using 4dc3f2ce7b891eb7fec3c31a8d4d6370_FS for Pass 0 of 'modularbuildings/SOLID/TEX/sidewalk01.dds'
06:19:46: RTSS: using 4b23046936a0d3b197116992a2aa3e0b_VS for Pass 0 of 'modularbuildings/SOLID/TEX/chimney01.dds'
06:19:46: RTSS: using 4dc3f2ce7b891eb7fec3c31a8d4d6370_FS for Pass 0 of 'modularbuildings/SOLID/TEX/chimney01.dds'
06:19:46: RTSS: using 4b23046936a0d3b197116992a2aa3e0b_VS for Pass 0 of 'modularbuildings/SOLID/TEX/asphaltshingles.dds'
06:19:46: RTSS: using 4dc3f2ce7b891eb7fec3c31a8d4d6370_FS for Pass 0 of 'modularbuildings/SOLID/TEX/asphaltshingles.dds'
06:19:46: RTSS: using 8a4f79308ac39a0db2a903436248e9d4_VS for Pass 0 of 'modularbuildings/SOLID/TEX/facade02topwindow.dds'
06:19:46: RTSS: using a3e090a4a4a4cbcf2a408f3390d7eccb_FS for Pass 0 of 'modularbuildings/SOLID/TEX/facade02topwindow.dds'
06:19:46: RTSS: using 8a4f79308ac39a0db2a903436248e9d4_VS for Pass 0 of 'modularbuildings/SOLID/TEX/facade03topwindow.dds'
06:19:46: RTSS: using a3e090a4a4a4cbcf2a408f3390d7eccb_FS for Pass 0 of 'modularbuildings/SOLID/TEX/facade03topwindow.dds'
06:19:46: RTSS: using 8a4f79308ac39a0db2a903436248e9d4_VS for Pass 0 of 'modularbuildings/SOLID/TEX/facade03window.dds'
06:19:46: RTSS: using a3e090a4a4a4cbcf2a408f3390d7eccb_FS for Pass 0 of 'modularbuildings/SOLID/TEX/facade03window.dds'
06:19:46: RTSS: using 8a4f79308ac39a0db2a903436248e9d4_VS for Pass 0 of 'modularbuildings/SOLID/TEX/facade03base.dds'
06:19:46: RTSS: using a3e090a4a4a4cbcf2a408f3390d7eccb_FS for Pass 0 of 'modularbuildings/SOLID/TEX/facade03base.dds'
06:19:46: RTSS: using 4b23046936a0d3b197116992a2aa3e0b_VS for Pass 0 of 'modularbuildings/SOLID/TEX/facade03door.dds'
06:19:46: RTSS: using 4dc3f2ce7b891eb7fec3c31a8d4d6370_FS for Pass 0 of 'modularbuildings/SOLID/TEX/facade03door.dds'
06:19:46: RTSS: using 8a4f79308ac39a0db2a903436248e9d4_VS for Pass 0 of 'modularbuildings/SOLID/TEX/facade02basewindow.dds'
06:19:46: RTSS: using a3e090a4a4a4cbcf2a408f3390d7eccb_FS for Pass 0 of 'modularbuildings/SOLID/TEX/facade02basewindow.dds'
06:19:46: RTSS: using 4b23046936a0d3b197116992a2aa3e0b_VS for Pass 0 of 'modularbuildings/SOLID/TEX/facade02basedoor.dds'
06:19:46: RTSS: using 4dc3f2ce7b891eb7fec3c31a8d4d6370_FS for Pass 0 of 'modularbuildings/SOLID/TEX/facade02basedoor.dds'
06:19:46: RTSS: using 4b23046936a0d3b197116992a2aa3e0b_VS for Pass 0 of 'modularbuildings/SOLID/TEX/facade03cornice.dds'
06:19:46: RTSS: using 4dc3f2ce7b891eb7fec3c31a8d4d6370_FS for Pass 0 of 'modularbuildings/SOLID/TEX/facade03cornice.dds'
06:19:46: RTSS: using 8a4f79308ac39a0db2a903436248e9d4_VS for Pass 0 of 'modularbuildings/SOLID/TEX/facade02window.dds'
06:19:46: RTSS: using a3e090a4a4a4cbcf2a408f3390d7eccb_FS for Pass 0 of 'modularbuildings/SOLID/TEX/facade02window.dds'
06:19:46: RTSS: using 4b23046936a0d3b197116992a2aa3e0b_VS for Pass 0 of 'modularbuildings/SOLID/TEX/facade02cornice.dds'
06:19:46: RTSS: using 4dc3f2ce7b891eb7fec3c31a8d4d6370_FS for Pass 0 of 'modularbuildings/SOLID/TEX/facade02cornice.dds'
06:19:46: RTSS: using 8a4f79308ac39a0db2a903436248e9d4_VS for Pass 0 of 'modularbuildings/TEXFACE/base_brickdoor_white.dds'
06:19:46: RTSS: using a3e090a4a4a4cbcf2a408f3390d7eccb_FS for Pass 0 of 'modularbuildings/TEXFACE/base_brickdoor_white.dds'
06:19:46: RTSS: using 4b23046936a0d3b197116992a2aa3e0b_VS for Pass 0 of 'dnetrafficlight01'
06:19:46: RTSS: using bab7173ba715762acdbf6b8607a31c26_FS for Pass 0 of 'dnetrafficlight01'
06:19:46: RTSS: using 839a275503c059b65963ee86b94f0958_VS for Pass 0 of 'trafficlight3/top'
06:19:46: RTSS: using 09374ea492bda38d3c3ada90a7d9e5b4_FS for Pass 0 of 'trafficlight3/top'
06:19:46: RTSS: using 839a275503c059b65963ee86b94f0958_VS for Pass 0 of 'trafficlight3/middle'
06:19:46: RTSS: using 09374ea492bda38d3c3ada90a7d9e5b4_FS for Pass 0 of 'trafficlight3/middle'
06:19:46: RTSS: using 839a275503c059b65963ee86b94f0958_VS for Pass 0 of 'trafficlight3/bottom'
06:19:46: RTSS: using 09374ea492bda38d3c3ada90a7d9e5b4_FS for Pass 0 of 'trafficlight3/bottom'
06:19:46: RTSS: using 4b23046936a0d3b197116992a2aa3e0b_VS for Pass 0 of 'busstopNJTopaqe'
06:19:46: RTSS: using 4dc3f2ce7b891eb7fec3c31a8d4d6370_FS for Pass 0 of 'busstopNJTopaqe'
06:19:46: RTSS: using 8a4f79308ac39a0db2a903436248e9d4_VS for Pass 0 of 'busstopNJTtrans'
06:19:46: RTSS: using 3129e6ba40586ed873efe29a63ad18e9_FS for Pass 0 of 'busstopNJTtrans'
06:19:46: RTSS: using 4b23046936a0d3b197116992a2aa3e0b_VS for Pass 0 of 'Material_#58/asiaconcrete'
06:19:46: RTSS: using 4dc3f2ce7b891eb7fec3c31a8d4d6370_FS for Pass 0 of 'Material_#58/asiaconcrete'
06:19:46: RTSS: using 8a4f79308ac39a0db2a903436248e9d4_VS for Pass 0 of 'Material_#58/asiawindow'
06:19:46: RTSS: using a3e090a4a4a4cbcf2a408f3390d7eccb_FS for Pass 0 of 'Material_#58/asiawindow'
06:19:46: RTSS: using 4b23046936a0d3b197116992a2aa3e0b_VS for Pass 0 of 'Material_#58/darkcrete'
06:19:46: RTSS: using 4dc3f2ce7b891eb7fec3c31a8d4d6370_FS for Pass 0 of 'Material_#58/darkcrete'
06:19:46: RTSS: using 4b23046936a0d3b197116992a2aa3e0b_VS for Pass 0 of 'Material_#58/redcrete'
06:19:46: RTSS: using 4dc3f2ce7b891eb7fec3c31a8d4d6370_FS for Pass 0 of 'Material_#58/redcrete'
06:19:46: RTSS: using 8a4f79308ac39a0db2a903436248e9d4_VS for Pass 0 of 'Material_#58/asiamarble'
06:19:46: RTSS: using a3e090a4a4a4cbcf2a408f3390d7eccb_FS for Pass 0 of 'Material_#58/asiamarble'
06:19:46: RTSS: using 8a4f79308ac39a0db2a903436248e9d4_VS for Pass 0 of 'Material_#58/asiafacade'
06:19:46: RTSS: using a3e090a4a4a4cbcf2a408f3390d7eccb_FS for Pass 0 of 'Material_#58/asiafacade'
06:19:46: RTSS: using 4b23046936a0d3b197116992a2aa3e0b_VS for Pass 0 of 'dneroads/TEXFACE/highwaysignsupport.tga'
06:19:46: RTSS: using 4dc3f2ce7b891eb7fec3c31a8d4d6370_FS for Pass 0 of 'dneroads/TEXFACE/highwaysignsupport.tga'
06:19:46: RTSS: using 4b23046936a0d3b197116992a2aa3e0b_VS for Pass 0 of 'dneroads/TEXFACE/freewaysigns.dds'
06:19:46: RTSS: using 4dc3f2ce7b891eb7fec3c31a8d4d6370_FS for Pass 0 of 'dneroads/TEXFACE/freewaysigns.dds'
06:19:46: RTSS: using 4b23046936a0d3b197116992a2aa3e0b_VS for Pass 0 of 'dneroads/TEXFACE/signback01.tga'
06:19:46: RTSS: using 4dc3f2ce7b891eb7fec3c31a8d4d6370_FS for Pass 0 of 'dneroads/TEXFACE/signback01.tga'
06:19:46: RTSS: using 4b23046936a0d3b197116992a2aa3e0b_VS for Pass 0 of 'dneroads/TEXFACE/signback03.tga'
06:19:46: RTSS: using 4dc3f2ce7b891eb7fec3c31a8d4d6370_FS for Pass 0 of 'dneroads/TEXFACE/signback03.tga'
06:19:46: RTSS: using 4b23046936a0d3b197116992a2aa3e0b_VS for Pass 0 of 'dneroads/TEXFACE/signback02.tga'
06:19:46: RTSS: using 4dc3f2ce7b891eb7fec3c31a8d4d6370_FS for Pass 0 of 'dneroads/TEXFACE/signback02.tga'
06:19:46: RTSS: using 839a275503c059b65963ee86b94f0958_VS for Pass 0 of 'rorng_gateway_asphalt'
06:19:46: RTSS: using 09374ea492bda38d3c3ada90a7d9e5b4_FS for Pass 0 of 'rorng_gateway_asphalt'
06:19:46: RTSS: using 839a275503c059b65963ee86b94f0958_VS for Pass 0 of 'rorng_gateway_sidewalk'
06:19:46: RTSS: using 09374ea492bda38d3c3ada90a7d9e5b4_FS for Pass 0 of 'rorng_gateway_sidewalk'
06:19:46: RTSS: using 839a275503c059b65963ee86b94f0958_VS for Pass 0 of 'rorng_gateway_architectural_concrete'
06:19:46: RTSS: using 09374ea492bda38d3c3ada90a7d9e5b4_FS for Pass 0 of 'rorng_gateway_architectural_concrete'
06:19:46: RTSS: using 839a275503c059b65963ee86b94f0958_VS for Pass 0 of 'rorng_gateway_lane_white'
06:19:46: RTSS: using 09374ea492bda38d3c3ada90a7d9e5b4_FS for Pass 0 of 'rorng_gateway_lane_white'
06:19:46: RTSS: using 839a275503c059b65963ee86b94f0958_VS for Pass 0 of 'rorng_gateway_lane_yellow'
06:19:46: RTSS: using 09374ea492bda38d3c3ada90a7d9e5b4_FS for Pass 0 of 'rorng_gateway_lane_yellow'
06:19:46: RTSS: using 839a275503c059b65963ee86b94f0958_VS for Pass 0 of 'rorng_gateway_brick'
06:19:46: RTSS: using 09374ea492bda38d3c3ada90a7d9e5b4_FS for Pass 0 of 'rorng_gateway_brick'
06:19:46: RTSS: using 839a275503c059b65963ee86b94f0958_VS for Pass 0 of 'rorng_gateway_glass_blue'
06:19:46: RTSS: using 09374ea492bda38d3c3ada90a7d9e5b4_FS for Pass 0 of 'rorng_gateway_glass_blue'
06:19:46: RTSS: using 839a275503c059b65963ee86b94f0958_VS for Pass 0 of 'rorng_gateway_stone'
06:19:46: RTSS: using 09374ea492bda38d3c3ada90a7d9e5b4_FS for Pass 0 of 'rorng_gateway_stone'
06:19:46: RTSS: using 839a275503c059b65963ee86b94f0958_VS for Pass 0 of 'rorng_gateway_powdercoat_metal'
06:19:46: RTSS: using 09374ea492bda38d3c3ada90a7d9e5b4_FS for Pass 0 of 'rorng_gateway_powdercoat_metal'
06:19:46: RTSS: using 839a275503c059b65963ee86b94f0958_VS for Pass 0 of 'rorng_gateway_tree_bark'
06:19:46: RTSS: using 09374ea492bda38d3c3ada90a7d9e5b4_FS for Pass 0 of 'rorng_gateway_tree_bark'
06:19:46: RTSS: using 839a275503c059b65963ee86b94f0958_VS for Pass 0 of 'rorng_gateway_leaf_dark'
06:19:46: RTSS: using 09374ea492bda38d3c3ada90a7d9e5b4_FS for Pass 0 of 'rorng_gateway_leaf_dark'
06:19:46: RTSS: using 839a275503c059b65963ee86b94f0958_VS for Pass 0 of 'rorng_gateway_leaf_light'
06:19:46: RTSS: using 09374ea492bda38d3c3ada90a7d9e5b4_FS for Pass 0 of 'rorng_gateway_leaf_light'
06:19:46: RTSS: using 839a275503c059b65963ee86b94f0958_VS for Pass 0 of 'rorng_gateway_lamp_emissive'
06:19:46: RTSS: using 09374ea492bda38d3c3ada90a7d9e5b4_FS for Pass 0 of 'rorng_gateway_lamp_emissive'
06:19:46: RTSS: using 2c3a67ed69eb2b45d0879220f1d3ba9f_VS for Pass 0 of 'tracks/flare'
06:19:46: RTSS: using 5840dcf54f8abf0be0cdcfd96c1961ec_FS for Pass 0 of 'tracks/flare'
06:19:46: RTSS: using 4b23046936a0d3b197116992a2aa3e0b_VS for Pass 0 of 'arbol1'
06:19:46: RTSS: using bab7173ba715762acdbf6b8607a31c26_FS for Pass 0 of 'arbol1'
06:19:46: RTSS: using 4b23046936a0d3b197116992a2aa3e0b_VS for Pass 0 of 'arbol2'
06:19:46: RTSS: using bab7173ba715762acdbf6b8607a31c26_FS for Pass 0 of 'arbol2'
06:19:46: RTSS: using 4b23046936a0d3b197116992a2aa3e0b_VS for Pass 0 of 'arbol3'
06:19:46: RTSS: using bab7173ba715762acdbf6b8607a31c26_FS for Pass 0 of 'arbol3'
06:19:46: RTSS: using 4b23046936a0d3b197116992a2aa3e0b_VS for Pass 0 of 'ficus4'
06:19:46: RTSS: using bab7173ba715762acdbf6b8607a31c26_FS for Pass 0 of 'ficus4'
06:19:46: RTSS: using 4b23046936a0d3b197116992a2aa3e0b_VS for Pass 0 of 'ficus6'
06:19:46: RTSS: using bab7173ba715762acdbf6b8607a31c26_FS for Pass 0 of 'ficus6'
06:19:46: RTSS: using 839a275503c059b65963ee86b94f0958_VS for Pass 0 of 'RoR/LegacyMaterialFallback/ebeac2f0204f/a8de09d0f348373c'
06:19:46: RTSS: using 09374ea492bda38d3c3ada90a7d9e5b4_FS for Pass 0 of 'RoR/LegacyMaterialFallback/ebeac2f0204f/a8de09d0f348373c'
06:19:46: RTSS: using 4b23046936a0d3b197116992a2aa3e0b_VS for Pass 0 of 'adocretos'
06:19:46: RTSS: using 4dc3f2ce7b891eb7fec3c31a8d4d6370_FS for Pass 0 of 'adocretos'
06:19:46: RTSS: using 4b23046936a0d3b197116992a2aa3e0b_VS for Pass 0 of 'granitoflameado'
06:19:46: RTSS: using 4dc3f2ce7b891eb7fec3c31a8d4d6370_FS for Pass 0 of 'granitoflameado'
06:19:46: RTSS: using 4b23046936a0d3b197116992a2aa3e0b_VS for Pass 0 of 'prado'
06:19:46: RTSS: using 4dc3f2ce7b891eb7fec3c31a8d4d6370_FS for Pass 0 of 'prado'
06:19:46: RTSS: using 4b23046936a0d3b197116992a2aa3e0b_VS for Pass 0 of 'ventanas4'
06:19:46: RTSS: using 4dc3f2ce7b891eb7fec3c31a8d4d6370_FS for Pass 0 of 'ventanas4'
06:19:46: RTSS: using 8a4f79308ac39a0db2a903436248e9d4_VS for Pass 1 of 'ventanas4'
06:19:46: RTSS: using 2bf9e809a78fc9dd6f7db6ea9c89033d_FS for Pass 1 of 'ventanas4'
06:19:46: RTSS: using 4b23046936a0d3b197116992a2aa3e0b_VS for Pass 0 of 'pisodemarmol'
06:19:46: RTSS: using c8da1131cbb328da1663bbf1829e2d4e_FS for Pass 0 of 'pisodemarmol'
06:19:46: RTSS: using 4b23046936a0d3b197116992a2aa3e0b_VS for Pass 0 of 'granitogrisobscuro'
06:19:46: RTSS: using 4dc3f2ce7b891eb7fec3c31a8d4d6370_FS for Pass 0 of 'granitogrisobscuro'
06:19:46: RTSS: using 4b23046936a0d3b197116992a2aa3e0b_VS for Pass 0 of 'marmolina'
06:19:46: RTSS: using c8da1131cbb328da1663bbf1829e2d4e_FS for Pass 0 of 'marmolina'
06:19:46: RTSS: using 4b23046936a0d3b197116992a2aa3e0b_VS for Pass 0 of 'pista'
06:19:46: RTSS: using 4dc3f2ce7b891eb7fec3c31a8d4d6370_FS for Pass 0 of 'pista'
06:19:46: RTSS: using 839a275503c059b65963ee86b94f0958_VS for Pass 0 of 'Color_007'
06:19:46: RTSS: using fc10935ef09b27b2bbc59202d7a04ae1_FS for Pass 0 of 'Color_007'
06:19:46: RTSS: using 4b23046936a0d3b197116992a2aa3e0b_VS for Pass 0 of 'mallaciclonica'
06:19:46: RTSS: using bab7173ba715762acdbf6b8607a31c26_FS for Pass 0 of 'mallaciclonica'
06:19:46: RTSS: using 4b23046936a0d3b197116992a2aa3e0b_VS for Pass 0 of 'reductordevelocidadtope'
06:19:46: RTSS: using 4dc3f2ce7b891eb7fec3c31a8d4d6370_FS for Pass 0 of 'reductordevelocidadtope'
06:19:46: RTSS: using 2c3a67ed69eb2b45d0879220f1d3ba9f_VS for Pass 1 of 'reductordevelocidadtope'
06:19:46: RTSS: using 5840dcf54f8abf0be0cdcfd96c1961ec_FS for Pass 1 of 'reductordevelocidadtope'
06:19:46: RTSS: using 4b23046936a0d3b197116992a2aa3e0b_VS for Pass 0 of 'astabandera'
06:19:46: RTSS: using 4dc3f2ce7b891eb7fec3c31a8d4d6370_FS for Pass 0 of 'astabandera'
06:19:46: RTSS: using 4b23046936a0d3b197116992a2aa3e0b_VS for Pass 0 of 'baseastabandera'
06:19:46: RTSS: using 4dc3f2ce7b891eb7fec3c31a8d4d6370_FS for Pass 0 of 'baseastabandera'
06:19:46: RTSS: using 4b23046936a0d3b197116992a2aa3e0b_VS for Pass 0 of 'bandera'
06:19:46: RTSS: using 4dc3f2ce7b891eb7fec3c31a8d4d6370_FS for Pass 0 of 'bandera'
06:19:46: RTSS: using 4b23046936a0d3b197116992a2aa3e0b_VS for Pass 0 of 'calledoblesentido'
06:19:46: RTSS: using 4dc3f2ce7b891eb7fec3c31a8d4d6370_FS for Pass 0 of 'calledoblesentido'
06:19:46: RTSS: using 4b23046936a0d3b197116992a2aa3e0b_VS for Pass 0 of 'calleestrecha'
06:19:46: RTSS: using 4dc3f2ce7b891eb7fec3c31a8d4d6370_FS for Pass 0 of 'calleestrecha'
06:19:46: RTSS: using 4b23046936a0d3b197116992a2aa3e0b_VS for Pass 0 of 'luzsecuencia1TQr'
06:19:46: RTSS: using 4dc3f2ce7b891eb7fec3c31a8d4d6370_FS for Pass 0 of 'luzsecuencia1TQr'
06:19:46: RTSS: using 2c3a67ed69eb2b45d0879220f1d3ba9f_VS for Pass 1 of 'luzsecuencia1TQr'
06:19:46: RTSS: using 5840dcf54f8abf0be0cdcfd96c1961ec_FS for Pass 1 of 'luzsecuencia1TQr'
06:19:46: RTSS: using 4b23046936a0d3b197116992a2aa3e0b_VS for Pass 0 of 'luzsecuencia2TQr'
06:19:46: RTSS: using 4dc3f2ce7b891eb7fec3c31a8d4d6370_FS for Pass 0 of 'luzsecuencia2TQr'
06:19:46: RTSS: using 2c3a67ed69eb2b45d0879220f1d3ba9f_VS for Pass 1 of 'luzsecuencia2TQr'
06:19:46: RTSS: using 5840dcf54f8abf0be0cdcfd96c1961ec_FS for Pass 1 of 'luzsecuencia2TQr'
06:19:46: RTSS: using 4b23046936a0d3b197116992a2aa3e0b_VS for Pass 0 of 'luzsecuencia3TQr'
06:19:46: RTSS: using 4dc3f2ce7b891eb7fec3c31a8d4d6370_FS for Pass 0 of 'luzsecuencia3TQr'
06:19:46: RTSS: using 2c3a67ed69eb2b45d0879220f1d3ba9f_VS for Pass 1 of 'luzsecuencia3TQr'
06:19:46: RTSS: using 5840dcf54f8abf0be0cdcfd96c1961ec_FS for Pass 1 of 'luzsecuencia3TQr'
06:19:46: RTSS: using 4b23046936a0d3b197116992a2aa3e0b_VS for Pass 0 of 'luzsecuencia1Qr'
06:19:46: RTSS: using 4dc3f2ce7b891eb7fec3c31a8d4d6370_FS for Pass 0 of 'luzsecuencia1Qr'
06:19:46: RTSS: using 2c3a67ed69eb2b45d0879220f1d3ba9f_VS for Pass 1 of 'luzsecuencia1Qr'
06:19:46: RTSS: using 5840dcf54f8abf0be0cdcfd96c1961ec_FS for Pass 1 of 'luzsecuencia1Qr'
06:19:46: RTSS: using 4b23046936a0d3b197116992a2aa3e0b_VS for Pass 0 of 'luzsecuencia2Qr'
06:19:46: RTSS: using 4dc3f2ce7b891eb7fec3c31a8d4d6370_FS for Pass 0 of 'luzsecuencia2Qr'
06:19:46: RTSS: using 2c3a67ed69eb2b45d0879220f1d3ba9f_VS for Pass 1 of 'luzsecuencia2Qr'
06:19:46: RTSS: using 5840dcf54f8abf0be0cdcfd96c1961ec_FS for Pass 1 of 'luzsecuencia2Qr'
06:19:46: RTSS: using 4b23046936a0d3b197116992a2aa3e0b_VS for Pass 0 of 'luzsecuencia3Qr'
06:19:46: RTSS: using 4dc3f2ce7b891eb7fec3c31a8d4d6370_FS for Pass 0 of 'luzsecuencia3Qr'
06:19:46: RTSS: using 2c3a67ed69eb2b45d0879220f1d3ba9f_VS for Pass 1 of 'luzsecuencia3Qr'
06:19:46: RTSS: using 5840dcf54f8abf0be0cdcfd96c1961ec_FS for Pass 1 of 'luzsecuencia3Qr'
06:19:46: RTSS: using 4b23046936a0d3b197116992a2aa3e0b_VS for Pass 0 of 'luzsecuencia4Qr'
06:19:46: RTSS: using 4dc3f2ce7b891eb7fec3c31a8d4d6370_FS for Pass 0 of 'luzsecuencia4Qr'
06:19:46: RTSS: using 2c3a67ed69eb2b45d0879220f1d3ba9f_VS for Pass 1 of 'luzsecuencia4Qr'
06:19:46: RTSS: using 5840dcf54f8abf0be0cdcfd96c1961ec_FS for Pass 1 of 'luzsecuencia4Qr'
06:19:46: RTSS: using 4b23046936a0d3b197116992a2aa3e0b_VS for Pass 0 of 'luminariaQrbase'
06:19:46: RTSS: using 4dc3f2ce7b891eb7fec3c31a8d4d6370_FS for Pass 0 of 'luminariaQrbase'
06:19:46: RTSS: using 4b23046936a0d3b197116992a2aa3e0b_VS for Pass 0 of 'concretoconpasto'
06:19:46: RTSS: using 4dc3f2ce7b891eb7fec3c31a8d4d6370_FS for Pass 0 of 'concretoconpasto'
06:19:46: RTSS: using 4b23046936a0d3b197116992a2aa3e0b_VS for Pass 0 of 'paradadeautobus'
06:19:46: RTSS: using bab7173ba715762acdbf6b8607a31c26_FS for Pass 0 of 'paradadeautobus'
06:19:46: RTSS: using 4b23046936a0d3b197116992a2aa3e0b_VS for Pass 1 of 'paradadeautobus'
06:19:46: RTSS: using e6d2f6a339e704e1c98f504d42cf7177_FS for Pass 1 of 'paradadeautobus'
06:19:46: RTSS: using 4b23046936a0d3b197116992a2aa3e0b_VS for Pass 0 of 'transportepublico'
06:19:46: RTSS: using c8da1131cbb328da1663bbf1829e2d4e_FS for Pass 0 of 'transportepublico'
06:19:46: RTSS: using 4b23046936a0d3b197116992a2aa3e0b_VS for Pass 0 of 'estacionamiento'
06:19:46: RTSS: using 4dc3f2ce7b891eb7fec3c31a8d4d6370_FS for Pass 0 of 'estacionamiento'
06:19:46: RTSS: using 4b23046936a0d3b197116992a2aa3e0b_VS for Pass 0 of 'ventanas1'
06:19:46: RTSS: using 4dc3f2ce7b891eb7fec3c31a8d4d6370_FS for Pass 0 of 'ventanas1'
06:19:46: RTSS: using 8a4f79308ac39a0db2a903436248e9d4_VS for Pass 1 of 'ventanas1'
06:19:46: RTSS: using 2bf9e809a78fc9dd6f7db6ea9c89033d_FS for Pass 1 of 'ventanas1'
06:19:46: RTSS: using 4b23046936a0d3b197116992a2aa3e0b_VS for Pass 0 of 'ventanas3'
06:19:46: RTSS: using 4dc3f2ce7b891eb7fec3c31a8d4d6370_FS for Pass 0 of 'ventanas3'
06:19:46: RTSS: using 8a4f79308ac39a0db2a903436248e9d4_VS for Pass 1 of 'ventanas3'
06:19:46: RTSS: using 2bf9e809a78fc9dd6f7db6ea9c89033d_FS for Pass 1 of 'ventanas3'
06:19:46: RTSS: using 4b23046936a0d3b197116992a2aa3e0b_VS for Pass 0 of 'ventanas5'
06:19:46: RTSS: using 4dc3f2ce7b891eb7fec3c31a8d4d6370_FS for Pass 0 of 'ventanas5'
06:19:46: RTSS: using 8a4f79308ac39a0db2a903436248e9d4_VS for Pass 1 of 'ventanas5'
06:19:46: RTSS: using 2bf9e809a78fc9dd6f7db6ea9c89033d_FS for Pass 1 of 'ventanas5'
06:19:46: RTSS: using 4b23046936a0d3b197116992a2aa3e0b_VS for Pass 0 of 'ventanas6'
06:19:46: RTSS: using 4dc3f2ce7b891eb7fec3c31a8d4d6370_FS for Pass 0 of 'ventanas6'
06:19:46: RTSS: using 8a4f79308ac39a0db2a903436248e9d4_VS for Pass 1 of 'ventanas6'
06:19:46: RTSS: using 2bf9e809a78fc9dd6f7db6ea9c89033d_FS for Pass 1 of 'ventanas6'
06:19:46: RTSS: using 4b23046936a0d3b197116992a2aa3e0b_VS for Pass 0 of 'concretoazul'
06:19:46: RTSS: using 4dc3f2ce7b891eb7fec3c31a8d4d6370_FS for Pass 0 of 'concretoazul'
06:19:46: RTSS: using 4b23046936a0d3b197116992a2aa3e0b_VS for Pass 0 of 'concretorojo'
06:19:46: RTSS: using 4dc3f2ce7b891eb7fec3c31a8d4d6370_FS for Pass 0 of 'concretorojo'
06:19:46: RTSS: using 4b23046936a0d3b197116992a2aa3e0b_VS for Pass 0 of 'logodepemex1'
06:19:46: RTSS: using c8da1131cbb328da1663bbf1829e2d4e_FS for Pass 0 of 'logodepemex1'
06:19:46: RTSS: using 4b23046936a0d3b197116992a2aa3e0b_VS for Pass 0 of 'logodepemex2'
06:19:46: RTSS: using c8da1131cbb328da1663bbf1829e2d4e_FS for Pass 0 of 'logodepemex2'
06:19:46: RTSS: using 4b23046936a0d3b197116992a2aa3e0b_VS for Pass 0 of 'fachadadeoxxo'
06:19:46: RTSS: using 4dc3f2ce7b891eb7fec3c31a8d4d6370_FS for Pass 0 of 'fachadadeoxxo'
06:19:46: RTSS: using 2c3a67ed69eb2b45d0879220f1d3ba9f_VS for Pass 1 of 'fachadadeoxxo'
06:19:46: RTSS: using 5840dcf54f8abf0be0cdcfd96c1961ec_FS for Pass 1 of 'fachadadeoxxo'
06:19:46: RTSS: using 4b23046936a0d3b197116992a2aa3e0b_VS for Pass 0 of 'colegioporfiriocadenamonolito'
06:19:46: RTSS: using 4dc3f2ce7b891eb7fec3c31a8d4d6370_FS for Pass 0 of 'colegioporfiriocadenamonolito'
06:19:46: RTSS: using 839a275503c059b65963ee86b94f0958_VS for Pass 0 of 'Color_005'
06:19:46: RTSS: using fc10935ef09b27b2bbc59202d7a04ae1_FS for Pass 0 of 'Color_005'
06:19:46: RTSS: using 4b23046936a0d3b197116992a2aa3e0b_VS for Pass 0 of 'ventanas7'
06:19:46: RTSS: using 4dc3f2ce7b891eb7fec3c31a8d4d6370_FS for Pass 0 of 'ventanas7'
06:19:46: RTSS: using 8a4f79308ac39a0db2a903436248e9d4_VS for Pass 1 of 'ventanas7'
06:19:46: RTSS: using 2bf9e809a78fc9dd6f7db6ea9c89033d_FS for Pass 1 of 'ventanas7'
06:19:46: RTSS: using 4b23046936a0d3b197116992a2aa3e0b_VS for Pass 0 of 'Wreckmastertowinglogo'
06:19:46: RTSS: using c8da1131cbb328da1663bbf1829e2d4e_FS for Pass 0 of 'Wreckmastertowinglogo'
06:19:46: RTSS: using 4b23046936a0d3b197116992a2aa3e0b_VS for Pass 0 of 'incrustacionesdegranito'
06:19:46: RTSS: using 4dc3f2ce7b891eb7fec3c31a8d4d6370_FS for Pass 0 of 'incrustacionesdegranito'
06:19:46: RTSS: using 8a4f79308ac39a0db2a903436248e9d4_VS for Pass 0 of 'ventanasWreckmaster'
06:19:46: RTSS: using 37c983879bab50cb2424196340152ae7_FS for Pass 0 of 'ventanasWreckmaster'
06:19:46: RTSS: using 4b23046936a0d3b197116992a2aa3e0b_VS for Pass 0 of 'frasewreckmaster'
06:19:46: RTSS: using c8da1131cbb328da1663bbf1829e2d4e_FS for Pass 0 of 'frasewreckmaster'
06:19:46: RTSS: using 4b23046936a0d3b197116992a2aa3e0b_VS for Pass 0 of 'ventanas2'
06:19:46: RTSS: using 4dc3f2ce7b891eb7fec3c31a8d4d6370_FS for Pass 0 of 'ventanas2'
06:19:46: RTSS: using 8a4f79308ac39a0db2a903436248e9d4_VS for Pass 1 of 'ventanas2'
06:19:46: RTSS: using 2bf9e809a78fc9dd6f7db6ea9c89033d_FS for Pass 1 of 'ventanas2'
06:19:46: RTSS: using 4b23046936a0d3b197116992a2aa3e0b_VS for Pass 0 of 'DPNQ'
06:19:46: RTSS: using c8da1131cbb328da1663bbf1829e2d4e_FS for Pass 0 of 'DPNQ'
06:19:46: RTSS: using 4b23046936a0d3b197116992a2aa3e0b_VS for Pass 0 of 'rojotexturizado'
06:19:46: RTSS: using 4dc3f2ce7b891eb7fec3c31a8d4d6370_FS for Pass 0 of 'rojotexturizado'
06:19:46: RTSS: using 4b23046936a0d3b197116992a2aa3e0b_VS for Pass 0 of 'parabus'
06:19:46: RTSS: using 4dc3f2ce7b891eb7fec3c31a8d4d6370_FS for Pass 0 of 'parabus'
06:19:46: RTSS: using 4b23046936a0d3b197116992a2aa3e0b_VS for Pass 0 of 'hcb'
06:19:46: RTSS: using c8da1131cbb328da1663bbf1829e2d4e_FS for Pass 0 of 'hcb'
06:19:46: RTSS: using 4b23046936a0d3b197116992a2aa3e0b_VS for Pass 0 of 'hotelneoqueretaroletras'
06:19:46: RTSS: using c8da1131cbb328da1663bbf1829e2d4e_FS for Pass 0 of 'hotelneoqueretaroletras'
06:19:46: RTSS: using 4b23046936a0d3b197116992a2aa3e0b_VS for Pass 0 of 'ccletras'
06:19:46: RTSS: using c8da1131cbb328da1663bbf1829e2d4e_FS for Pass 0 of 'ccletras'
06:19:46: RTSS: using 4b23046936a0d3b197116992a2aa3e0b_VS for Pass 0 of 'B_OGT'
06:19:46: RTSS: using c8da1131cbb328da1663bbf1829e2d4e_FS for Pass 0 of 'B_OGT'
06:19:46: RTSS: using 4b23046936a0d3b197116992a2aa3e0b_VS for Pass 0 of 'BRTlogo'
06:19:46: RTSS: using c8da1131cbb328da1663bbf1829e2d4e_FS for Pass 0 of 'BRTlogo'
06:19:46: RTSS: using 8a4f79308ac39a0db2a903436248e9d4_VS for Pass 0 of 'cristalgrisobscuro'
06:19:46: RTSS: using 2bf9e809a78fc9dd6f7db6ea9c89033d_FS for Pass 0 of 'cristalgrisobscuro'
06:19:46: RTSS: using 4b23046936a0d3b197116992a2aa3e0b_VS for Pass 0 of 'tiendas'
06:19:46: RTSS: using 4dc3f2ce7b891eb7fec3c31a8d4d6370_FS for Pass 0 of 'tiendas'
06:19:46: RTSS: using 2c3a67ed69eb2b45d0879220f1d3ba9f_VS for Pass 1 of 'tiendas'
06:19:46: RTSS: using 5840dcf54f8abf0be0cdcfd96c1961ec_FS for Pass 1 of 'tiendas'
06:19:46: RTSS: using 4b23046936a0d3b197116992a2aa3e0b_VS for Pass 0 of 'concretogris'
06:19:46: RTSS: using 4dc3f2ce7b891eb7fec3c31a8d4d6370_FS for Pass 0 of 'concretogris'
06:19:46: RTSS: using 839a275503c059b65963ee86b94f0958_VS for Pass 0 of 'Color_006'
06:19:46: RTSS: using fc10935ef09b27b2bbc59202d7a04ae1_FS for Pass 0 of 'Color_006'
06:19:46: RTSS: using 4b23046936a0d3b197116992a2aa3e0b_VS for Pass 0 of 'logotiposplaza'
06:19:46: RTSS: using c8da1131cbb328da1663bbf1829e2d4e_FS for Pass 0 of 'logotiposplaza'
06:19:46: RTSS: using 4b23046936a0d3b197116992a2aa3e0b_VS for Pass 0 of '5defebreroconezequielmontes'
06:19:46: RTSS: using 4dc3f2ce7b891eb7fec3c31a8d4d6370_FS for Pass 0 of '5defebreroconezequielmontes'
06:19:46: RTSS: using 4b23046936a0d3b197116992a2aa3e0b_VS for Pass 0 of 'ezequielmontescon5defebrero'
06:19:46: RTSS: using 4dc3f2ce7b891eb7fec3c31a8d4d6370_FS for Pass 0 of 'ezequielmontescon5defebrero'
06:19:46: RTSS: using 4b23046936a0d3b197116992a2aa3e0b_VS for Pass 0 of 'constituyentescon5defebrero'
06:19:46: RTSS: using 4dc3f2ce7b891eb7fec3c31a8d4d6370_FS for Pass 0 of 'constituyentescon5defebrero'
06:19:46: RTSS: using 4b23046936a0d3b197116992a2aa3e0b_VS for Pass 0 of '5defebreroconconstituyentes'
06:19:46: RTSS: using 4dc3f2ce7b891eb7fec3c31a8d4d6370_FS for Pass 0 of '5defebreroconconstituyentes'
06:19:46: RTSS: using 4b23046936a0d3b197116992a2aa3e0b_VS for Pass 0 of 'ezequielmontesconcorregidora'
06:19:46: RTSS: using 4dc3f2ce7b891eb7fec3c31a8d4d6370_FS for Pass 0 of 'ezequielmontesconcorregidora'
06:19:46: RTSS: using 4b23046936a0d3b197116992a2aa3e0b_VS for Pass 0 of 'corregidoraconezequielmontes'
06:19:46: RTSS: using 4dc3f2ce7b891eb7fec3c31a8d4d6370_FS for Pass 0 of 'corregidoraconezequielmontes'
06:19:46: RTSS: using 4b23046936a0d3b197116992a2aa3e0b_VS for Pass 0 of 'telefonopublico'
06:19:46: RTSS: using bab7173ba715762acdbf6b8607a31c26_FS for Pass 0 of 'telefonopublico'
06:19:46: RTSS: using 4b23046936a0d3b197116992a2aa3e0b_VS for Pass 0 of 'asfalto4vias'
06:19:46: RTSS: using 4dc3f2ce7b891eb7fec3c31a8d4d6370_FS for Pass 0 of 'asfalto4vias'
06:19:46: RTSS: using 839a275503c059b65963ee86b94f0958_VS for Pass 0 of 'Color_A11'
06:19:46: RTSS: using fc10935ef09b27b2bbc59202d7a04ae1_FS for Pass 0 of 'Color_A11'
06:19:46: RTSS: using 4b23046936a0d3b197116992a2aa3e0b_VS for Pass 0 of 'precaucion'
06:19:46: RTSS: using 4dc3f2ce7b891eb7fec3c31a8d4d6370_FS for Pass 0 of 'precaucion'
06:19:46: RTSS: using 4b23046936a0d3b197116992a2aa3e0b_VS for Pass 0 of 'puertademadera'
06:19:46: RTSS: using 4dc3f2ce7b891eb7fec3c31a8d4d6370_FS for Pass 0 of 'puertademadera'
06:19:46: RTSS: using 4b23046936a0d3b197116992a2aa3e0b_VS for Pass 0 of 'logoford'
06:19:46: RTSS: using c8da1131cbb328da1663bbf1829e2d4e_FS for Pass 0 of 'logoford'
06:19:46: RTSS: using 4b23046936a0d3b197116992a2aa3e0b_VS for Pass 0 of 'ficus1'
06:19:46: RTSS: using bab7173ba715762acdbf6b8607a31c26_FS for Pass 0 of 'ficus1'
06:19:46: RTSS: using 4b23046936a0d3b197116992a2aa3e0b_VS for Pass 0 of 'ficus2'
06:19:46: RTSS: using bab7173ba715762acdbf6b8607a31c26_FS for Pass 0 of 'ficus2'
06:19:46: RTSS: using 4b23046936a0d3b197116992a2aa3e0b_VS for Pass 0 of 'ficus3'
06:19:46: RTSS: using bab7173ba715762acdbf6b8607a31c26_FS for Pass 0 of 'ficus3'
06:19:46: RTSS: using 4b23046936a0d3b197116992a2aa3e0b_VS for Pass 0 of 'ficus5'
06:19:46: RTSS: using bab7173ba715762acdbf6b8607a31c26_FS for Pass 0 of 'ficus5'
06:19:46: RTSS: using 4b23046936a0d3b197116992a2aa3e0b_VS for Pass 0 of 'constituyentesconcorregidora'
06:19:46: RTSS: using 4dc3f2ce7b891eb7fec3c31a8d4d6370_FS for Pass 0 of 'constituyentesconcorregidora'
06:19:46: RTSS: using 4b23046936a0d3b197116992a2aa3e0b_VS for Pass 0 of 'corregidoraconconstituyentes'
06:19:46: RTSS: using 4dc3f2ce7b891eb7fec3c31a8d4d6370_FS for Pass 0 of 'corregidoraconconstituyentes'
06:19:46: RTSS: using 4b23046936a0d3b197116992a2aa3e0b_VS for Pass 0 of 'piedra'
06:19:46: RTSS: using 4dc3f2ce7b891eb7fec3c31a8d4d6370_FS for Pass 0 of 'piedra'
06:19:46: RTSS: using 4b23046936a0d3b197116992a2aa3e0b_VS for Pass 0 of 'prefabricados'
06:19:46: RTSS: using 4dc3f2ce7b891eb7fec3c31a8d4d6370_FS for Pass 0 of 'prefabricados'
06:19:46: RTSS: using 4b23046936a0d3b197116992a2aa3e0b_VS for Pass 0 of 'ventanascereso'
06:19:46: RTSS: using 4dc3f2ce7b891eb7fec3c31a8d4d6370_FS for Pass 0 of 'ventanascereso'
06:19:46: RTSS: using 4b23046936a0d3b197116992a2aa3e0b_VS for Pass 0 of 'puertacereso'
06:19:46: RTSS: using 4dc3f2ce7b891eb7fec3c31a8d4d6370_FS for Pass 0 of 'puertacereso'
06:19:46: RTSS: using 8a4f79308ac39a0db2a903436248e9d4_VS for Pass 0 of 'polosur'
06:19:46: RTSS: using 3129e6ba40586ed873efe29a63ad18e9_FS for Pass 0 of 'polosur'
06:19:46: RTSS: using 8a4f79308ac39a0db2a903436248e9d4_VS for Pass 0 of 'polonorte'
06:19:46: RTSS: using 3129e6ba40586ed873efe29a63ad18e9_FS for Pass 0 of 'polonorte'
06:19:46: RTSS: using 4b23046936a0d3b197116992a2aa3e0b_VS for Pass 0 of 'arsilla'
06:19:46: RTSS: using 4dc3f2ce7b891eb7fec3c31a8d4d6370_FS for Pass 0 of 'arsilla'
06:19:46: RTSS: using 4b23046936a0d3b197116992a2aa3e0b_VS for Pass 0 of 'cercado'
06:19:46: RTSS: using bab7173ba715762acdbf6b8607a31c26_FS for Pass 0 of 'cercado'
06:19:46: RTSS: using 4b23046936a0d3b197116992a2aa3e0b_VS for Pass 0 of 'topeQr'
06:19:46: RTSS: using 4dc3f2ce7b891eb7fec3c31a8d4d6370_FS for Pass 0 of 'topeQr'
06:19:46: RTSS: using 4b23046936a0d3b197116992a2aa3e0b_VS for Pass 0 of 'concretocafe'
06:19:46: RTSS: using 4dc3f2ce7b891eb7fec3c31a8d4d6370_FS for Pass 0 of 'concretocafe'
06:19:46: RTSS: using 8a4f79308ac39a0db2a903436248e9d4_VS for Pass 0 of 'ventanascasadeIS'
06:19:46: RTSS: using ec13e2da6fc4084b7a27c7a16580b9d6_FS for Pass 0 of 'ventanascasadeIS'
06:19:46: RTSS: using 4b23046936a0d3b197116992a2aa3e0b_VS for Pass 0 of 'truckshop'
06:19:46: RTSS: using 4dc3f2ce7b891eb7fec3c31a8d4d6370_FS for Pass 0 of 'truckshop'
06:19:46: RTSS: using 4b23046936a0d3b197116992a2aa3e0b_VS for Pass 0 of 'load-spawner'
06:19:46: RTSS: using 4dc3f2ce7b891eb7fec3c31a8d4d6370_FS for Pass 0 of 'load-spawner'
06:19:46: RTSS: using 4b23046936a0d3b197116992a2aa3e0b_VS for Pass 0 of 'luzantenacccnq'
06:19:46: RTSS: using bab7173ba715762acdbf6b8607a31c26_FS for Pass 0 of 'luzantenacccnq'
06:19:46: RTSS: using 2c3a67ed69eb2b45d0879220f1d3ba9f_VS for Pass 1 of 'luzantenacccnq'
06:19:46: RTSS: using 5840dcf54f8abf0be0cdcfd96c1961ec_FS for Pass 1 of 'luzantenacccnq'
06:19:46: RTSS: using 4b23046936a0d3b197116992a2aa3e0b_VS for Pass 0 of 'mapa'
06:19:46: RTSS: using 4dc3f2ce7b891eb7fec3c31a8d4d6370_FS for Pass 0 of 'mapa'
06:19:46: RTSS: using 4b23046936a0d3b197116992a2aa3e0b_VS for Pass 0 of 'crucepeatonalQr'
06:19:46: RTSS: using 4dc3f2ce7b891eb7fec3c31a8d4d6370_FS for Pass 0 of 'crucepeatonalQr'
06:19:46: RTSS: using 2c3a67ed69eb2b45d0879220f1d3ba9f_VS for Pass 1 of 'crucepeatonalQr'
06:19:46: RTSS: using 5840dcf54f8abf0be0cdcfd96c1961ec_FS for Pass 1 of 'crucepeatonalQr'
06:19:46: RTSS: using 4b23046936a0d3b197116992a2aa3e0b_VS for Pass 0 of 'agua'
06:19:46: RTSS: using 4dc3f2ce7b891eb7fec3c31a8d4d6370_FS for Pass 0 of 'agua'
06:19:46: RTSS: using 839a275503c059b65963ee86b94f0958_VS for Pass 0 of 'RoR/LegacyMaterialFallback/ebeac2f0204f/34d527eb19195a41'
06:19:46: RTSS: using 09374ea492bda38d3c3ada90a7d9e5b4_FS for Pass 0 of 'RoR/LegacyMaterialFallback/ebeac2f0204f/34d527eb19195a41'
06:19:46: RTSS: using 4b23046936a0d3b197116992a2aa3e0b_VS for Pass 0 of 'concretomorado'
06:19:46: RTSS: using 4dc3f2ce7b891eb7fec3c31a8d4d6370_FS for Pass 0 of 'concretomorado'
06:19:46: RTSS: using 4b23046936a0d3b197116992a2aa3e0b_VS for Pass 0 of 'concretoverde'
06:19:46: RTSS: using 4dc3f2ce7b891eb7fec3c31a8d4d6370_FS for Pass 0 of 'concretoverde'
06:19:46: RTSS: using 4b23046936a0d3b197116992a2aa3e0b_VS for Pass 0 of 'limitedevelocidad60'
06:19:46: RTSS: using 4dc3f2ce7b891eb7fec3c31a8d4d6370_FS for Pass 0 of 'limitedevelocidad60'
06:19:46: RTSS: using 2c3a67ed69eb2b45d0879220f1d3ba9f_VS for Pass 1 of 'limitedevelocidad60'
06:19:46: RTSS: using 5840dcf54f8abf0be0cdcfd96c1961ec_FS for Pass 1 of 'limitedevelocidad60'
06:19:46: RTSS: using 4b23046936a0d3b197116992a2aa3e0b_VS for Pass 0 of 'limitedevelocidad40'
06:19:46: RTSS: using 4dc3f2ce7b891eb7fec3c31a8d4d6370_FS for Pass 0 of 'limitedevelocidad40'
06:19:46: RTSS: using 2c3a67ed69eb2b45d0879220f1d3ba9f_VS for Pass 1 of 'limitedevelocidad40'
06:19:46: RTSS: using 5840dcf54f8abf0be0cdcfd96c1961ec_FS for Pass 1 of 'limitedevelocidad40'
06:19:46: RTSS: using 4b23046936a0d3b197116992a2aa3e0b_VS for Pass 0 of 'hangarskin'
06:19:46: RTSS: using 4dc3f2ce7b891eb7fec3c31a8d4d6370_FS for Pass 0 of 'hangarskin'
06:19:46: RTSS: using 4b23046936a0d3b197116992a2aa3e0b_VS for Pass 0 of 'hangarskintrans'
06:19:46: RTSS: using bab7173ba715762acdbf6b8607a31c26_FS for Pass 0 of 'hangarskintrans'
06:19:46: RTSS: using 4b23046936a0d3b197116992a2aa3e0b_VS for Pass 0 of 'gente'
06:19:46: RTSS: using c8da1131cbb328da1663bbf1829e2d4e_FS for Pass 0 of 'gente'
06:19:46: RTSS: using 4b23046936a0d3b197116992a2aa3e0b_VS for Pass 0 of 'cancha'
06:19:46: RTSS: using c8da1131cbb328da1663bbf1829e2d4e_FS for Pass 0 of 'cancha'
06:19:46: RTSS: using 8a4f79308ac39a0db2a903436248e9d4_VS for Pass 0 of 'cristalesestadio'
06:19:46: RTSS: using ec13e2da6fc4084b7a27c7a16580b9d6_FS for Pass 0 of 'cristalesestadio'
06:19:46: RTSS: using 4b23046936a0d3b197116992a2aa3e0b_VS for Pass 0 of 'autodromoestadioprision'
06:19:46: RTSS: using 4dc3f2ce7b891eb7fec3c31a8d4d6370_FS for Pass 0 of 'autodromoestadioprision'
06:19:46: RTSS: using 4b23046936a0d3b197116992a2aa3e0b_VS for Pass 0 of 'alumbradopublico'
06:19:46: RTSS: using 4dc3f2ce7b891eb7fec3c31a8d4d6370_FS for Pass 0 of 'alumbradopublico'
06:19:46: RTSS: using 2c3a67ed69eb2b45d0879220f1d3ba9f_VS for Pass 1 of 'alumbradopublico'
06:19:46: RTSS: using 5840dcf54f8abf0be0cdcfd96c1961ec_FS for Pass 1 of 'alumbradopublico'
06:19:46: RTSS: using 4b23046936a0d3b197116992a2aa3e0b_VS for Pass 0 of 'NQ-Carretera-Autovia-3carriles-Concreto'
06:19:46: RTSS: using 4dc3f2ce7b891eb7fec3c31a8d4d6370_FS for Pass 0 of 'NQ-Carretera-Autovia-3carriles-Concreto'
06:19:46: RTSS: using 4b23046936a0d3b197116992a2aa3e0b_VS for Pass 0 of 'NQ-2-0'
06:19:46: RTSS: using 4dc3f2ce7b891eb7fec3c31a8d4d6370_FS for Pass 0 of 'NQ-2-0'
06:19:46: RTSS: using 839a275503c059b65963ee86b94f0958_VS for Pass 1 of 'NQ-2-0'
06:19:46: RTSS: using fc10935ef09b27b2bbc59202d7a04ae1_FS for Pass 1 of 'NQ-2-0'
06:19:46: RTSS: using e1aa2c39d48ee2e7a637dd9803bb43e3_VS for Pass 0 of 'NQ-water'
06:19:46: RTSS: using 6bd3dd8366efcad2be6c6c1e83184138_FS for Pass 0 of 'NQ-water'
06:19:46: RTSS: using 4b23046936a0d3b197116992a2aa3e0b_VS for Pass 0 of 'NQ-Asfalto-A'
06:19:46: RTSS: using 4dc3f2ce7b891eb7fec3c31a8d4d6370_FS for Pass 0 of 'NQ-Asfalto-A'
06:19:46: RTSS: using 4b23046936a0d3b197116992a2aa3e0b_VS for Pass 0 of 'NQ-Carretera-Autovia-3carriles-Transicion-ConcretoPavimento'
06:19:46: RTSS: using 4dc3f2ce7b891eb7fec3c31a8d4d6370_FS for Pass 0 of 'NQ-Carretera-Autovia-3carriles-Transicion-ConcretoPavimento'
06:19:46: RTSS: using 4b23046936a0d3b197116992a2aa3e0b_VS for Pass 0 of 'NQ-Carretera-Autovia-3carriles'
06:19:46: RTSS: using 4dc3f2ce7b891eb7fec3c31a8d4d6370_FS for Pass 0 of 'NQ-Carretera-Autovia-3carriles'
06:19:46: RTSS: using 4b23046936a0d3b197116992a2aa3e0b_VS for Pass 0 of 'NQ-Cebra-Peatonal-A'
06:19:46: RTSS: using 4dc3f2ce7b891eb7fec3c31a8d4d6370_FS for Pass 0 of 'NQ-Cebra-Peatonal-A'
06:19:46: RTSS: using 4b23046936a0d3b197116992a2aa3e0b_VS for Pass 0 of 'NQ-Carretera-Autovia-2carriles-estacionamiento'
06:19:46: RTSS: using 4dc3f2ce7b891eb7fec3c31a8d4d6370_FS for Pass 0 of 'NQ-Carretera-Autovia-2carriles-estacionamiento'
06:19:46: RTSS: using 4b23046936a0d3b197116992a2aa3e0b_VS for Pass 0 of 'NQ-Concreto-Vial-A'
06:19:46: RTSS: using 4dc3f2ce7b891eb7fec3c31a8d4d6370_FS for Pass 0 of 'NQ-Concreto-Vial-A'
06:19:46: RTSS: using 4b23046936a0d3b197116992a2aa3e0b_VS for Pass 0 of 'NQ-Carretera-Autovia-4carriles'
06:19:46: RTSS: using 4dc3f2ce7b891eb7fec3c31a8d4d6370_FS for Pass 0 of 'NQ-Carretera-Autovia-4carriles'
06:19:46: RTSS: using 4b23046936a0d3b197116992a2aa3e0b_VS for Pass 0 of 'NQ-Cebra-Peatonal-concreto-A'
06:19:46: RTSS: using 4dc3f2ce7b891eb7fec3c31a8d4d6370_FS for Pass 0 of 'NQ-Cebra-Peatonal-concreto-A'
06:19:46: RTSS: using 4b23046936a0d3b197116992a2aa3e0b_VS for Pass 0 of 'NQ-Carretera-Autovia-4carriles-Concreto'
06:19:46: RTSS: using 4dc3f2ce7b891eb7fec3c31a8d4d6370_FS for Pass 0 of 'NQ-Carretera-Autovia-4carriles-Concreto'
06:19:46: RTSS: using 4b23046936a0d3b197116992a2aa3e0b_VS for Pass 0 of 'NQ-Concreto-Prearmado-A'
06:19:46: RTSS: using 4dc3f2ce7b891eb7fec3c31a8d4d6370_FS for Pass 0 of 'NQ-Concreto-Prearmado-A'
06:19:46: RTSS: using 4b23046936a0d3b197116992a2aa3e0b_VS for Pass 0 of 'NQ-Concreto-Prearmado-C'
06:19:46: RTSS: using 4dc3f2ce7b891eb7fec3c31a8d4d6370_FS for Pass 0 of 'NQ-Concreto-Prearmado-C'
06:19:46: RTSS: using 4b23046936a0d3b197116992a2aa3e0b_VS for Pass 0 of 'NQ-Prefabricados-A'
06:19:46: RTSS: using 4dc3f2ce7b891eb7fec3c31a8d4d6370_FS for Pass 0 of 'NQ-Prefabricados-A'
06:19:46: RTSS: using 4b23046936a0d3b197116992a2aa3e0b_VS for Pass 0 of 'NQ-BMdeHF-B'
06:19:46: RTSS: using bab7173ba715762acdbf6b8607a31c26_FS for Pass 0 of 'NQ-BMdeHF-B'
06:19:46: RTSS: using 4b23046936a0d3b197116992a2aa3e0b_VS for Pass 0 of 'NQ-Concreto-AR-A'
06:19:46: RTSS: using 4dc3f2ce7b891eb7fec3c31a8d4d6370_FS for Pass 0 of 'NQ-Concreto-AR-A'
06:19:46: RTSS: using 8a4f79308ac39a0db2a903436248e9d4_VS for Pass 0 of 'NQ-alumbrado-Publico-Bck'
06:19:46: RTSS: using 6bd3dd8366efcad2be6c6c1e83184138_FS for Pass 0 of 'NQ-alumbrado-Publico-Bck'
06:19:46: RTSS: using 4b23046936a0d3b197116992a2aa3e0b_VS for Pass 1 of 'NQ-alumbrado-Publico-Bck'
06:19:46: RTSS: using bab7173ba715762acdbf6b8607a31c26_FS for Pass 1 of 'NQ-alumbrado-Publico-Bck'
06:19:46: RTSS: using 4b23046936a0d3b197116992a2aa3e0b_VS for Pass 0 of 'NQ-onlyCIS-D'
06:19:46: RTSS: using 4dc3f2ce7b891eb7fec3c31a8d4d6370_FS for Pass 0 of 'NQ-onlyCIS-D'
06:19:46: RTSS: using 4b23046936a0d3b197116992a2aa3e0b_VS for Pass 1 of 'NQ-onlyCIS-D'
06:19:46: RTSS: using bab7173ba715762acdbf6b8607a31c26_FS for Pass 1 of 'NQ-onlyCIS-D'
06:19:46: RTSS: using 4b23046936a0d3b197116992a2aa3e0b_VS for Pass 0 of 'NQ-onlyCIS-E'
06:19:46: RTSS: using 4dc3f2ce7b891eb7fec3c31a8d4d6370_FS for Pass 0 of 'NQ-onlyCIS-E'
06:19:46: RTSS: using 4b23046936a0d3b197116992a2aa3e0b_VS for Pass 1 of 'NQ-onlyCIS-E'
06:19:46: RTSS: using bab7173ba715762acdbf6b8607a31c26_FS for Pass 1 of 'NQ-onlyCIS-E'
06:19:46: RTSS: using 4b23046936a0d3b197116992a2aa3e0b_VS for Pass 0 of 'NQ-onlyCIS-B'
06:19:46: RTSS: using 4dc3f2ce7b891eb7fec3c31a8d4d6370_FS for Pass 0 of 'NQ-onlyCIS-B'
06:19:46: RTSS: using 4b23046936a0d3b197116992a2aa3e0b_VS for Pass 1 of 'NQ-onlyCIS-B'
06:19:46: RTSS: using bab7173ba715762acdbf6b8607a31c26_FS for Pass 1 of 'NQ-onlyCIS-B'
06:19:46: RTSS: using 4b23046936a0d3b197116992a2aa3e0b_VS for Pass 0 of 'NQ-onlyCIS-A'
06:19:46: RTSS: using 4dc3f2ce7b891eb7fec3c31a8d4d6370_FS for Pass 0 of 'NQ-onlyCIS-A'
06:19:46: RTSS: using 4b23046936a0d3b197116992a2aa3e0b_VS for Pass 1 of 'NQ-onlyCIS-A'
06:19:46: RTSS: using bab7173ba715762acdbf6b8607a31c26_FS for Pass 1 of 'NQ-onlyCIS-A'
06:19:46: RTSS: using 4b23046936a0d3b197116992a2aa3e0b_VS for Pass 0 of 'NQ-onlyCIS-C'
06:19:46: RTSS: using 4dc3f2ce7b891eb7fec3c31a8d4d6370_FS for Pass 0 of 'NQ-onlyCIS-C'
06:19:46: RTSS: using 4b23046936a0d3b197116992a2aa3e0b_VS for Pass 1 of 'NQ-onlyCIS-C'
06:19:46: RTSS: using bab7173ba715762acdbf6b8607a31c26_FS for Pass 1 of 'NQ-onlyCIS-C'
06:19:46: RTSS: using 4b23046936a0d3b197116992a2aa3e0b_VS for Pass 0 of 'NQ-adoquin-A'
06:19:46: RTSS: using 4dc3f2ce7b891eb7fec3c31a8d4d6370_FS for Pass 0 of 'NQ-adoquin-A'
06:19:46: RTSS: using 4b23046936a0d3b197116992a2aa3e0b_VS for Pass 0 of 'NQ-onlyCIS-F'
06:19:46: RTSS: using 4dc3f2ce7b891eb7fec3c31a8d4d6370_FS for Pass 0 of 'NQ-onlyCIS-F'
06:19:46: RTSS: using 4b23046936a0d3b197116992a2aa3e0b_VS for Pass 1 of 'NQ-onlyCIS-F'
06:19:46: RTSS: using bab7173ba715762acdbf6b8607a31c26_FS for Pass 1 of 'NQ-onlyCIS-F'
06:19:46: RTSS: using 4b23046936a0d3b197116992a2aa3e0b_VS for Pass 0 of 'NQ-cesped-B'
06:19:46: RTSS: using 4dc3f2ce7b891eb7fec3c31a8d4d6370_FS for Pass 0 of 'NQ-cesped-B'
06:19:46: RTSS: using 4b23046936a0d3b197116992a2aa3e0b_VS for Pass 0 of 'NQ-onlyCIS-G'
06:19:46: RTSS: using 4dc3f2ce7b891eb7fec3c31a8d4d6370_FS for Pass 0 of 'NQ-onlyCIS-G'
06:19:46: RTSS: using 4b23046936a0d3b197116992a2aa3e0b_VS for Pass 1 of 'NQ-onlyCIS-G'
06:19:46: RTSS: using bab7173ba715762acdbf6b8607a31c26_FS for Pass 1 of 'NQ-onlyCIS-G'
06:19:46: RTSS: using 4b23046936a0d3b197116992a2aa3e0b_VS for Pass 0 of 'NQ-onlyCIS-H'
06:19:46: RTSS: using 4dc3f2ce7b891eb7fec3c31a8d4d6370_FS for Pass 0 of 'NQ-onlyCIS-H'
06:19:46: RTSS: using 4b23046936a0d3b197116992a2aa3e0b_VS for Pass 1 of 'NQ-onlyCIS-H'
06:19:46: RTSS: using bab7173ba715762acdbf6b8607a31c26_FS for Pass 1 of 'NQ-onlyCIS-H'
06:19:46: RTSS: using 4b23046936a0d3b197116992a2aa3e0b_VS for Pass 0 of 'NQ-Arbushes'
06:19:46: RTSS: using bab7173ba715762acdbf6b8607a31c26_FS for Pass 0 of 'NQ-Arbushes'
06:19:46: RTSS: using 4b23046936a0d3b197116992a2aa3e0b_VS for Pass 0 of 'NQ-Arboles-Varios'
06:19:46: RTSS: using bab7173ba715762acdbf6b8607a31c26_FS for Pass 0 of 'NQ-Arboles-Varios'
06:19:46: RTSS: using 4b23046936a0d3b197116992a2aa3e0b_VS for Pass 0 of 'NQ-pinos'
06:19:46: RTSS: using bab7173ba715762acdbf6b8607a31c26_FS for Pass 0 of 'NQ-pinos'
06:19:46: RTSS: using 4b23046936a0d3b197116992a2aa3e0b_VS for Pass 0 of 'NQ-sf-B3'
06:19:46: RTSS: using 4dc3f2ce7b891eb7fec3c31a8d4d6370_FS for Pass 0 of 'NQ-sf-B3'
06:19:46: RTSS: using 4b23046936a0d3b197116992a2aa3e0b_VS for Pass 0 of 'NQ-Senalamientos-Viales'
06:19:46: RTSS: using 4dc3f2ce7b891eb7fec3c31a8d4d6370_FS for Pass 0 of 'NQ-Senalamientos-Viales'
06:19:46: RTSS: using 4b23046936a0d3b197116992a2aa3e0b_VS for Pass 0 of 'NQ-sf-B2'
06:19:46: RTSS: using 4dc3f2ce7b891eb7fec3c31a8d4d6370_FS for Pass 0 of 'NQ-sf-B2'
06:19:46: RTSS: using 8a4f79308ac39a0db2a903436248e9d4_VS for Pass 0 of 'NQ-Superficie-Metalica'
06:19:46: RTSS: using 6bd3dd8366efcad2be6c6c1e83184138_FS for Pass 0 of 'NQ-Superficie-Metalica'
06:19:46: RTSS: using 8a4f79308ac39a0db2a903436248e9d4_VS for Pass 0 of 'NQ-alumbrado-Publico'
06:19:46: RTSS: using 6bd3dd8366efcad2be6c6c1e83184138_FS for Pass 0 of 'NQ-alumbrado-Publico'
06:19:46: RTSS: using 4b23046936a0d3b197116992a2aa3e0b_VS for Pass 1 of 'NQ-alumbrado-Publico'
06:19:46: RTSS: using bab7173ba715762acdbf6b8607a31c26_FS for Pass 1 of 'NQ-alumbrado-Publico'
06:19:46: RTSS: using 4b23046936a0d3b197116992a2aa3e0b_VS for Pass 0 of 'NQ-sf-B1'
06:19:46: RTSS: using 4dc3f2ce7b891eb7fec3c31a8d4d6370_FS for Pass 0 of 'NQ-sf-B1'
06:19:46: RTSS: using 4b23046936a0d3b197116992a2aa3e0b_VS for Pass 0 of 'NQ-sf-B4'
06:19:46: RTSS: using 4dc3f2ce7b891eb7fec3c31a8d4d6370_FS for Pass 0 of 'NQ-sf-B4'
06:19:46: RTSS: using 4b23046936a0d3b197116992a2aa3e0b_VS for Pass 0 of 'NQ-sf-A1'
06:19:46: RTSS: using 4dc3f2ce7b891eb7fec3c31a8d4d6370_FS for Pass 0 of 'NQ-sf-A1'
06:19:46: RTSS: using 4b23046936a0d3b197116992a2aa3e0b_VS for Pass 0 of 'NQ-sf-A3'
06:19:46: RTSS: using 4dc3f2ce7b891eb7fec3c31a8d4d6370_FS for Pass 0 of 'NQ-sf-A3'
06:19:46: RTSS: using 4b23046936a0d3b197116992a2aa3e0b_VS for Pass 0 of 'NQ-sf-A2'
06:19:46: RTSS: using 4dc3f2ce7b891eb7fec3c31a8d4d6370_FS for Pass 0 of 'NQ-sf-A2'
06:19:46: RTSS: using 4b23046936a0d3b197116992a2aa3e0b_VS for Pass 0 of 'NQ-Cs-Hs'
06:19:46: RTSS: using 4dc3f2ce7b891eb7fec3c31a8d4d6370_FS for Pass 0 of 'NQ-Cs-Hs'
06:19:46: RTSS: using 4b23046936a0d3b197116992a2aa3e0b_VS for Pass 0 of 'NQ-Ladrillos-Rojos-A'
06:19:46: RTSS: using 4dc3f2ce7b891eb7fec3c31a8d4d6370_FS for Pass 0 of 'NQ-Ladrillos-Rojos-A'
06:19:46: RTSS: using 4b23046936a0d3b197116992a2aa3e0b_VS for Pass 0 of 'NQ-Ps-Ds-Md-Wd'
06:19:46: RTSS: using 4dc3f2ce7b891eb7fec3c31a8d4d6370_FS for Pass 0 of 'NQ-Ps-Ds-Md-Wd'
06:19:46: RTSS: using 4b23046936a0d3b197116992a2aa3e0b_VS for Pass 0 of 'NQ-Concreto-AR-D'
06:19:46: RTSS: using 4dc3f2ce7b891eb7fec3c31a8d4d6370_FS for Pass 0 of 'NQ-Concreto-AR-D'
06:19:46: RTSS: using 4b23046936a0d3b197116992a2aa3e0b_VS for Pass 0 of 'NQ-adoquin-Exagonal-Rosa'
06:19:46: RTSS: using 4dc3f2ce7b891eb7fec3c31a8d4d6370_FS for Pass 0 of 'NQ-adoquin-Exagonal-Rosa'
06:19:46: RTSS: using 4b23046936a0d3b197116992a2aa3e0b_VS for Pass 0 of 'NQ-adoquin-Entrelazado-Rosa'
06:19:46: RTSS: using 4dc3f2ce7b891eb7fec3c31a8d4d6370_FS for Pass 0 of 'NQ-adoquin-Entrelazado-Rosa'
06:19:46: RTSS: using 4b23046936a0d3b197116992a2aa3e0b_VS for Pass 0 of 'NQ-picket-fence-A'
06:19:46: RTSS: using bab7173ba715762acdbf6b8607a31c26_FS for Pass 0 of 'NQ-picket-fence-A'
06:19:46: RTSS: using 4b23046936a0d3b197116992a2aa3e0b_VS for Pass 0 of 'NQ-Concreto-Prearmado-B'
06:19:46: RTSS: using 4dc3f2ce7b891eb7fec3c31a8d4d6370_FS for Pass 0 of 'NQ-Concreto-Prearmado-B'
06:19:46: RTSS: using 4b23046936a0d3b197116992a2aa3e0b_VS for Pass 0 of 'NQ-Carretera-Autovia-2carriles-unsentido'
06:19:46: RTSS: using 4dc3f2ce7b891eb7fec3c31a8d4d6370_FS for Pass 0 of 'NQ-Carretera-Autovia-2carriles-unsentido'
06:19:46: RTSS: using 4b23046936a0d3b197116992a2aa3e0b_VS for Pass 0 of 'NQ-B-U-C-C-F'
06:19:46: RTSS: using 4dc3f2ce7b891eb7fec3c31a8d4d6370_FS for Pass 0 of 'NQ-B-U-C-C-F'
06:19:46: RTSS: using 4b23046936a0d3b197116992a2aa3e0b_VS for Pass 0 of 'NQ-robles'
06:19:46: RTSS: using bab7173ba715762acdbf6b8607a31c26_FS for Pass 0 of 'NQ-robles'
06:19:46: RTSS: using 4b23046936a0d3b197116992a2aa3e0b_VS for Pass 0 of 'NQ-O-F-D-A'
06:19:46: RTSS: using 4dc3f2ce7b891eb7fec3c31a8d4d6370_FS for Pass 0 of 'NQ-O-F-D-A'
06:19:46: RTSS: using 4b23046936a0d3b197116992a2aa3e0b_VS for Pass 1 of 'NQ-O-F-D-A'
06:19:46: RTSS: using bab7173ba715762acdbf6b8607a31c26_FS for Pass 1 of 'NQ-O-F-D-A'
06:19:46: RTSS: using 4b23046936a0d3b197116992a2aa3e0b_VS for Pass 0 of 'NQ-O-F-D-B'
06:19:46: RTSS: using 4dc3f2ce7b891eb7fec3c31a8d4d6370_FS for Pass 0 of 'NQ-O-F-D-B'
06:19:46: RTSS: using 4b23046936a0d3b197116992a2aa3e0b_VS for Pass 1 of 'NQ-O-F-D-B'
06:19:46: RTSS: using bab7173ba715762acdbf6b8607a31c26_FS for Pass 1 of 'NQ-O-F-D-B'
06:19:46: RTSS: using 4b23046936a0d3b197116992a2aa3e0b_VS for Pass 0 of 'NQ-O-F-D-C'
06:19:46: RTSS: using 4dc3f2ce7b891eb7fec3c31a8d4d6370_FS for Pass 0 of 'NQ-O-F-D-C'
06:19:46: RTSS: using 4b23046936a0d3b197116992a2aa3e0b_VS for Pass 1 of 'NQ-O-F-D-C'
06:19:46: RTSS: using bab7173ba715762acdbf6b8607a31c26_FS for Pass 1 of 'NQ-O-F-D-C'
06:19:46: RTSS: using 4b23046936a0d3b197116992a2aa3e0b_VS for Pass 0 of 'NQ-O-F-D-D'
06:19:46: RTSS: using 4dc3f2ce7b891eb7fec3c31a8d4d6370_FS for Pass 0 of 'NQ-O-F-D-D'
06:19:46: RTSS: using 4b23046936a0d3b197116992a2aa3e0b_VS for Pass 1 of 'NQ-O-F-D-D'
06:19:46: RTSS: using bab7173ba715762acdbf6b8607a31c26_FS for Pass 1 of 'NQ-O-F-D-D'
06:19:46: RTSS: using 4b23046936a0d3b197116992a2aa3e0b_VS for Pass 0 of 'NQ-O-F-D-E'
06:19:46: RTSS: using 4dc3f2ce7b891eb7fec3c31a8d4d6370_FS for Pass 0 of 'NQ-O-F-D-E'
06:19:46: RTSS: using 4b23046936a0d3b197116992a2aa3e0b_VS for Pass 1 of 'NQ-O-F-D-E'
06:19:46: RTSS: using bab7173ba715762acdbf6b8607a31c26_FS for Pass 1 of 'NQ-O-F-D-E'
06:19:46: RTSS: using 4b23046936a0d3b197116992a2aa3e0b_VS for Pass 0 of 'NQ-DyCIS-F'
06:19:46: RTSS: using 4dc3f2ce7b891eb7fec3c31a8d4d6370_FS for Pass 0 of 'NQ-DyCIS-F'
06:19:46: RTSS: using 4b23046936a0d3b197116992a2aa3e0b_VS for Pass 1 of 'NQ-DyCIS-F'
06:19:46: RTSS: using bab7173ba715762acdbf6b8607a31c26_FS for Pass 1 of 'NQ-DyCIS-F'
06:19:46: RTSS: using 4b23046936a0d3b197116992a2aa3e0b_VS for Pass 0 of 'NQ-DyCIS-E'
06:19:46: RTSS: using 4dc3f2ce7b891eb7fec3c31a8d4d6370_FS for Pass 0 of 'NQ-DyCIS-E'
06:19:46: RTSS: using 4b23046936a0d3b197116992a2aa3e0b_VS for Pass 1 of 'NQ-DyCIS-E'
06:19:46: RTSS: using bab7173ba715762acdbf6b8607a31c26_FS for Pass 1 of 'NQ-DyCIS-E'
06:19:46: RTSS: using 4b23046936a0d3b197116992a2aa3e0b_VS for Pass 0 of 'NQ-DyCIS-A'
06:19:46: RTSS: using 4dc3f2ce7b891eb7fec3c31a8d4d6370_FS for Pass 0 of 'NQ-DyCIS-A'
06:19:46: RTSS: using 4b23046936a0d3b197116992a2aa3e0b_VS for Pass 1 of 'NQ-DyCIS-A'
06:19:46: RTSS: using bab7173ba715762acdbf6b8607a31c26_FS for Pass 1 of 'NQ-DyCIS-A'
06:19:46: RTSS: using 4b23046936a0d3b197116992a2aa3e0b_VS for Pass 0 of 'NQ-DyCIS-C'
06:19:46: RTSS: using 4dc3f2ce7b891eb7fec3c31a8d4d6370_FS for Pass 0 of 'NQ-DyCIS-C'
06:19:46: RTSS: using 4b23046936a0d3b197116992a2aa3e0b_VS for Pass 1 of 'NQ-DyCIS-C'
06:19:46: RTSS: using bab7173ba715762acdbf6b8607a31c26_FS for Pass 1 of 'NQ-DyCIS-C'
06:19:46: RTSS: using 4b23046936a0d3b197116992a2aa3e0b_VS for Pass 0 of 'NQ-DyCIS-B'
06:19:46: RTSS: using 4dc3f2ce7b891eb7fec3c31a8d4d6370_FS for Pass 0 of 'NQ-DyCIS-B'
06:19:46: RTSS: using 4b23046936a0d3b197116992a2aa3e0b_VS for Pass 1 of 'NQ-DyCIS-B'
06:19:46: RTSS: using bab7173ba715762acdbf6b8607a31c26_FS for Pass 1 of 'NQ-DyCIS-B'
06:19:46: RTSS: using 4b23046936a0d3b197116992a2aa3e0b_VS for Pass 0 of 'NQ-DyCIS-D'
06:19:46: RTSS: using 4dc3f2ce7b891eb7fec3c31a8d4d6370_FS for Pass 0 of 'NQ-DyCIS-D'
06:19:46: RTSS: using 4b23046936a0d3b197116992a2aa3e0b_VS for Pass 1 of 'NQ-DyCIS-D'
06:19:46: RTSS: using bab7173ba715762acdbf6b8607a31c26_FS for Pass 1 of 'NQ-DyCIS-D'
06:19:46: RTSS: using 4b23046936a0d3b197116992a2aa3e0b_VS for Pass 0 of 'NQ-FachadadeCasastipoInteresSosialconVistadeValcones'
06:19:46: RTSS: using 4dc3f2ce7b891eb7fec3c31a8d4d6370_FS for Pass 0 of 'NQ-FachadadeCasastipoInteresSosialconVistadeValcones'
06:19:46: RTSS: using 4b23046936a0d3b197116992a2aa3e0b_VS for Pass 1 of 'NQ-FachadadeCasastipoInteresSosialconVistadeValcones'
06:19:46: RTSS: using bab7173ba715762acdbf6b8607a31c26_FS for Pass 1 of 'NQ-FachadadeCasastipoInteresSosialconVistadeValcones'
06:19:46: RTSS: using 4b23046936a0d3b197116992a2aa3e0b_VS for Pass 0 of 'NQ-VentanasconColumnasExteriorastipoNeoclasico'
06:19:46: RTSS: using 4dc3f2ce7b891eb7fec3c31a8d4d6370_FS for Pass 0 of 'NQ-VentanasconColumnasExteriorastipoNeoclasico'
06:19:46: RTSS: using 4b23046936a0d3b197116992a2aa3e0b_VS for Pass 1 of 'NQ-VentanasconColumnasExteriorastipoNeoclasico'
06:19:46: RTSS: using bab7173ba715762acdbf6b8607a31c26_FS for Pass 1 of 'NQ-VentanasconColumnasExteriorastipoNeoclasico'
06:19:46: RTSS: using 4b23046936a0d3b197116992a2aa3e0b_VS for Pass 0 of 'NQ-FachadadeEdificioEstiloDepartamentos'
06:19:46: RTSS: using 4dc3f2ce7b891eb7fec3c31a8d4d6370_FS for Pass 0 of 'NQ-FachadadeEdificioEstiloDepartamentos'
06:19:46: RTSS: using 4b23046936a0d3b197116992a2aa3e0b_VS for Pass 1 of 'NQ-FachadadeEdificioEstiloDepartamentos'
06:19:46: RTSS: using bab7173ba715762acdbf6b8607a31c26_FS for Pass 1 of 'NQ-FachadadeEdificioEstiloDepartamentos'
06:19:46: RTSS: using 4b23046936a0d3b197116992a2aa3e0b_VS for Pass 0 of 'NQ-FachadadeEdificioconVentanasposModernistas'
06:19:46: RTSS: using 4dc3f2ce7b891eb7fec3c31a8d4d6370_FS for Pass 0 of 'NQ-FachadadeEdificioconVentanasposModernistas'
06:19:46: RTSS: using 4b23046936a0d3b197116992a2aa3e0b_VS for Pass 1 of 'NQ-FachadadeEdificioconVentanasposModernistas'
06:19:46: RTSS: using bab7173ba715762acdbf6b8607a31c26_FS for Pass 1 of 'NQ-FachadadeEdificioconVentanasposModernistas'
06:19:46: RTSS: using 4b23046936a0d3b197116992a2aa3e0b_VS for Pass 0 of 'NQ-EdificiodeOficinasconVentanastipoNeoclasico'
06:19:46: RTSS: using 4dc3f2ce7b891eb7fec3c31a8d4d6370_FS for Pass 0 of 'NQ-EdificiodeOficinasconVentanastipoNeoclasico'
06:19:46: RTSS: using 4b23046936a0d3b197116992a2aa3e0b_VS for Pass 1 of 'NQ-EdificiodeOficinasconVentanastipoNeoclasico'
06:19:46: RTSS: using bab7173ba715762acdbf6b8607a31c26_FS for Pass 1 of 'NQ-EdificiodeOficinasconVentanastipoNeoclasico'
06:19:46: RTSS: using 8a4f79308ac39a0db2a903436248e9d4_VS for Pass 0 of 'NQ-alumbrado-Publico-Bl'
06:19:46: RTSS: using 6bd3dd8366efcad2be6c6c1e83184138_FS for Pass 0 of 'NQ-alumbrado-Publico-Bl'
06:19:46: RTSS: using 4b23046936a0d3b197116992a2aa3e0b_VS for Pass 1 of 'NQ-alumbrado-Publico-Bl'
06:19:46: RTSS: using bab7173ba715762acdbf6b8607a31c26_FS for Pass 1 of 'NQ-alumbrado-Publico-Bl'
06:19:46: RTSS: using 8a4f79308ac39a0db2a903436248e9d4_VS for Pass 0 of 'NQ-Superficie-Metalica-Bl'
06:19:46: RTSS: using 6bd3dd8366efcad2be6c6c1e83184138_FS for Pass 0 of 'NQ-Superficie-Metalica-Bl'
06:19:46: RTSS: using 4b23046936a0d3b197116992a2aa3e0b_VS for Pass 0 of 'NQ-Concreto-wall-tiles'
06:19:46: RTSS: using 4dc3f2ce7b891eb7fec3c31a8d4d6370_FS for Pass 0 of 'NQ-Concreto-wall-tiles'
06:19:46: RTSS: using 4b23046936a0d3b197116992a2aa3e0b_VS for Pass 0 of 'NQ-cesped-A'
06:19:46: RTSS: using 4dc3f2ce7b891eb7fec3c31a8d4d6370_FS for Pass 0 of 'NQ-cesped-A'
06:19:46: RTSS: using 4b23046936a0d3b197116992a2aa3e0b_VS for Pass 0 of 'NQ-cesped-C'
06:19:46: RTSS: using 4dc3f2ce7b891eb7fec3c31a8d4d6370_FS for Pass 0 of 'NQ-cesped-C'
06:19:46: RTSS: using 4b23046936a0d3b197116992a2aa3e0b_VS for Pass 0 of 'NQ-para-bus'
06:19:46: RTSS: using 4dc3f2ce7b891eb7fec3c31a8d4d6370_FS for Pass 0 of 'NQ-para-bus'
06:19:46: RTSS: using 8a4f79308ac39a0db2a903436248e9d4_VS for Pass 0 of 'NQ-para-bus-cristal'
06:19:46: RTSS: using 6bd3dd8366efcad2be6c6c1e83184138_FS for Pass 0 of 'NQ-para-bus-cristal'
06:19:46: RTSS: using 8a4f79308ac39a0db2a903436248e9d4_VS for Pass 0 of 'NQ-GuardaVialdeAcero-3'
06:19:46: RTSS: using 6bd3dd8366efcad2be6c6c1e83184138_FS for Pass 0 of 'NQ-GuardaVialdeAcero-3'
06:19:46: RTSS: using 4b23046936a0d3b197116992a2aa3e0b_VS for Pass 0 of 'NQ-C-I-F-1'
06:19:46: RTSS: using 4dc3f2ce7b891eb7fec3c31a8d4d6370_FS for Pass 0 of 'NQ-C-I-F-1'
06:19:46: RTSS: using 4b23046936a0d3b197116992a2aa3e0b_VS for Pass 0 of 'NQ-adoquin-B'
06:19:46: RTSS: using 4dc3f2ce7b891eb7fec3c31a8d4d6370_FS for Pass 0 of 'NQ-adoquin-B'
06:19:46: RTSS: using 8a4f79308ac39a0db2a903436248e9d4_VS for Pass 0 of 'NQ-GuardaVialdeAcero'
06:19:46: RTSS: using 6bd3dd8366efcad2be6c6c1e83184138_FS for Pass 0 of 'NQ-GuardaVialdeAcero'
06:19:46: RTSS: using 4b23046936a0d3b197116992a2aa3e0b_VS for Pass 0 of 'NQ-ConcretoNuevo-A'
06:19:46: RTSS: using 4dc3f2ce7b891eb7fec3c31a8d4d6370_FS for Pass 0 of 'NQ-ConcretoNuevo-A'
06:19:46: RTSS: using 4b23046936a0d3b197116992a2aa3e0b_VS for Pass 0 of 'NQ-Concreto-AR-C'
06:19:46: RTSS: using 4dc3f2ce7b891eb7fec3c31a8d4d6370_FS for Pass 0 of 'NQ-Concreto-AR-C'
06:19:46: RTSS: using 4b23046936a0d3b197116992a2aa3e0b_VS for Pass 0 of 'NQ-Asfaltolimitedevelocidad'
06:19:46: RTSS: using 4dc3f2ce7b891eb7fec3c31a8d4d6370_FS for Pass 0 of 'NQ-Asfaltolimitedevelocidad'
06:19:46: RTSS: using 8a4f79308ac39a0db2a903436248e9d4_VS for Pass 0 of 'NQ-GuardaVialdeAcero-2'
06:19:46: RTSS: using 6bd3dd8366efcad2be6c6c1e83184138_FS for Pass 0 of 'NQ-GuardaVialdeAcero-2'
06:19:46: RTSS: using 4b23046936a0d3b197116992a2aa3e0b_VS for Pass 0 of 'NQ-EdificioconPatronRepetitivodelasVentanas'
06:19:46: RTSS: using 4dc3f2ce7b891eb7fec3c31a8d4d6370_FS for Pass 0 of 'NQ-EdificioconPatronRepetitivodelasVentanas'
06:19:46: RTSS: using 4b23046936a0d3b197116992a2aa3e0b_VS for Pass 1 of 'NQ-EdificioconPatronRepetitivodelasVentanas'
06:19:46: RTSS: using bab7173ba715762acdbf6b8607a31c26_FS for Pass 1 of 'NQ-EdificioconPatronRepetitivodelasVentanas'
06:19:46: RTSS: using 4b23046936a0d3b197116992a2aa3e0b_VS for Pass 0 of 'NQ-Concreto-Vial-Bus-Station'
06:19:46: RTSS: using 4dc3f2ce7b891eb7fec3c31a8d4d6370_FS for Pass 0 of 'NQ-Concreto-Vial-Bus-Station'
06:19:46: RTSS: using 4b23046936a0d3b197116992a2aa3e0b_VS for Pass 0 of 'NQ-GasolineraPEMEX-Tiendaoxxo'
06:19:46: RTSS: using 4dc3f2ce7b891eb7fec3c31a8d4d6370_FS for Pass 0 of 'NQ-GasolineraPEMEX-Tiendaoxxo'
06:19:46: RTSS: using 8a4f79308ac39a0db2a903436248e9d4_VS for Pass 1 of 'NQ-GasolineraPEMEX-Tiendaoxxo'
06:19:46: RTSS: using 69884df402f70cff5ff04bd3bd64573d_FS for Pass 1 of 'NQ-GasolineraPEMEX-Tiendaoxxo'
06:19:46: RTSS: using 8a4f79308ac39a0db2a903436248e9d4_VS for Pass 0 of 'NQ-Shops'
06:19:46: RTSS: using 6bd3dd8366efcad2be6c6c1e83184138_FS for Pass 0 of 'NQ-Shops'
06:19:46: RTSS: using 4b23046936a0d3b197116992a2aa3e0b_VS for Pass 1 of 'NQ-Shops'
06:19:46: RTSS: using bab7173ba715762acdbf6b8607a31c26_FS for Pass 1 of 'NQ-Shops'
06:19:46: RTSS: using 4b23046936a0d3b197116992a2aa3e0b_VS for Pass 0 of 'NQ-Concreto-Vial-Estacionamiento-A'
06:19:46: RTSS: using 4dc3f2ce7b891eb7fec3c31a8d4d6370_FS for Pass 0 of 'NQ-Concreto-Vial-Estacionamiento-A'
06:19:46: RTSS: using 4b23046936a0d3b197116992a2aa3e0b_VS for Pass 0 of 'NQ-Concreto-Vial-Estacionamiento-Dicapasitados-A'
06:19:46: RTSS: using 4dc3f2ce7b891eb7fec3c31a8d4d6370_FS for Pass 0 of 'NQ-Concreto-Vial-Estacionamiento-Dicapasitados-A'
06:19:46: RTSS: using 8a4f79308ac39a0db2a903436248e9d4_VS for Pass 0 of 'NQ-Steel-Girder'
06:19:46: RTSS: using 6bd3dd8366efcad2be6c6c1e83184138_FS for Pass 0 of 'NQ-Steel-Girder'
06:19:46: RTSS: using 4b23046936a0d3b197116992a2aa3e0b_VS for Pass 0 of 'NQ-C-A2-4C-C2'
06:19:46: RTSS: using 4dc3f2ce7b891eb7fec3c31a8d4d6370_FS for Pass 0 of 'NQ-C-A2-4C-C2'
06:19:46: RTSS: using 4b23046936a0d3b197116992a2aa3e0b_VS for Pass 0 of 'VentanasdeVidrioExterioresTipoOficinas'
06:19:46: RTSS: using 4dc3f2ce7b891eb7fec3c31a8d4d6370_FS for Pass 0 of 'VentanasdeVidrioExterioresTipoOficinas'
06:19:46: RTSS: using 4b23046936a0d3b197116992a2aa3e0b_VS for Pass 1 of 'VentanasdeVidrioExterioresTipoOficinas'
06:19:46: RTSS: using bab7173ba715762acdbf6b8607a31c26_FS for Pass 1 of 'VentanasdeVidrioExterioresTipoOficinas'
06:19:46: RTSS: using 4b23046936a0d3b197116992a2aa3e0b_VS for Pass 0 of 'EdificioconVentanasdeVidrioExterioresTipoOficinas'
06:19:46: RTSS: using 4dc3f2ce7b891eb7fec3c31a8d4d6370_FS for Pass 0 of 'EdificioconVentanasdeVidrioExterioresTipoOficinas'
06:19:46: RTSS: using 4b23046936a0d3b197116992a2aa3e0b_VS for Pass 1 of 'EdificioconVentanasdeVidrioExterioresTipoOficinas'
06:19:46: RTSS: using bab7173ba715762acdbf6b8607a31c26_FS for Pass 1 of 'EdificioconVentanasdeVidrioExterioresTipoOficinas'
06:19:46: RTSS: using 4b23046936a0d3b197116992a2aa3e0b_VS for Pass 0 of 'NQ-EdificiodeOficinasconVentanasdeVidrioExteriores'
06:19:46: RTSS: using 4dc3f2ce7b891eb7fec3c31a8d4d6370_FS for Pass 0 of 'NQ-EdificiodeOficinasconVentanasdeVidrioExteriores'
06:19:46: RTSS: using 4b23046936a0d3b197116992a2aa3e0b_VS for Pass 1 of 'NQ-EdificiodeOficinasconVentanasdeVidrioExteriores'
06:19:46: RTSS: using bab7173ba715762acdbf6b8607a31c26_FS for Pass 1 of 'NQ-EdificiodeOficinasconVentanasdeVidrioExteriores'
06:19:46: RTSS: using 4b23046936a0d3b197116992a2aa3e0b_VS for Pass 0 of 'fachadadeedificiodeoficinasconventanasdevidrioexteriores'
06:19:46: RTSS: using 4dc3f2ce7b891eb7fec3c31a8d4d6370_FS for Pass 0 of 'fachadadeedificiodeoficinasconventanasdevidrioexteriores'
06:19:46: RTSS: using 4b23046936a0d3b197116992a2aa3e0b_VS for Pass 1 of 'fachadadeedificiodeoficinasconventanasdevidrioexteriores'
06:19:46: RTSS: using bab7173ba715762acdbf6b8607a31c26_FS for Pass 1 of 'fachadadeedificiodeoficinasconventanasdevidrioexteriores'
06:19:46: RTSS: using 4b23046936a0d3b197116992a2aa3e0b_VS for Pass 0 of 'NQ-LugubreEdificioconVentanasdeVidrioExteriores'
06:19:46: RTSS: using 4dc3f2ce7b891eb7fec3c31a8d4d6370_FS for Pass 0 of 'NQ-LugubreEdificioconVentanasdeVidrioExteriores'
06:19:46: RTSS: using 4b23046936a0d3b197116992a2aa3e0b_VS for Pass 1 of 'NQ-LugubreEdificioconVentanasdeVidrioExteriores'
06:19:46: RTSS: using bab7173ba715762acdbf6b8607a31c26_FS for Pass 1 of 'NQ-LugubreEdificioconVentanasdeVidrioExteriores'
06:19:46: RTSS: using 4b23046936a0d3b197116992a2aa3e0b_VS for Pass 0 of 'NQ-Carretera-Autovia-1carril-unsentido'
06:19:46: RTSS: using 4dc3f2ce7b891eb7fec3c31a8d4d6370_FS for Pass 0 of 'NQ-Carretera-Autovia-1carril-unsentido'
06:19:46: RTSS: using 4b23046936a0d3b197116992a2aa3e0b_VS for Pass 0 of 'NQ-AsfaltoconEstacionamiento-A'
06:19:46: RTSS: using 4dc3f2ce7b891eb7fec3c31a8d4d6370_FS for Pass 0 of 'NQ-AsfaltoconEstacionamiento-A'
06:19:46: RTSS: using 4b23046936a0d3b197116992a2aa3e0b_VS for Pass 0 of 'NQ-BMdeHF-A'
06:19:46: RTSS: using bab7173ba715762acdbf6b8607a31c26_FS for Pass 0 of 'NQ-BMdeHF-A'
06:19:46: RTSS: using 4b23046936a0d3b197116992a2aa3e0b_VS for Pass 0 of 'NQ-ficuses'
06:19:46: RTSS: using bab7173ba715762acdbf6b8607a31c26_FS for Pass 0 of 'NQ-ficuses'
06:19:46: RTSS: using 8a4f79308ac39a0db2a903436248e9d4_VS for Pass 0 of 'NQ-alumbrado-Publico-Gr'
06:19:46: RTSS: using 6bd3dd8366efcad2be6c6c1e83184138_FS for Pass 0 of 'NQ-alumbrado-Publico-Gr'
06:19:46: RTSS: using 4b23046936a0d3b197116992a2aa3e0b_VS for Pass 1 of 'NQ-alumbrado-Publico-Gr'
06:19:46: RTSS: using bab7173ba715762acdbf6b8607a31c26_FS for Pass 1 of 'NQ-alumbrado-Publico-Gr'
06:19:46: RTSS: using 4b23046936a0d3b197116992a2aa3e0b_VS for Pass 0 of 'NQ-DyCIS-H'
06:19:46: RTSS: using 4dc3f2ce7b891eb7fec3c31a8d4d6370_FS for Pass 0 of 'NQ-DyCIS-H'
06:19:46: RTSS: using 4b23046936a0d3b197116992a2aa3e0b_VS for Pass 1 of 'NQ-DyCIS-H'
06:19:46: RTSS: using bab7173ba715762acdbf6b8607a31c26_FS for Pass 1 of 'NQ-DyCIS-H'
06:19:46: RTSS: using 4b23046936a0d3b197116992a2aa3e0b_VS for Pass 0 of 'NQ-DyCIS-G'
06:19:46: RTSS: using 4dc3f2ce7b891eb7fec3c31a8d4d6370_FS for Pass 0 of 'NQ-DyCIS-G'
06:19:46: RTSS: using 4b23046936a0d3b197116992a2aa3e0b_VS for Pass 1 of 'NQ-DyCIS-G'
06:19:46: RTSS: using bab7173ba715762acdbf6b8607a31c26_FS for Pass 1 of 'NQ-DyCIS-G'
06:19:46: RTSS: using 4b23046936a0d3b197116992a2aa3e0b_VS for Pass 0 of 'NQ-Carretera-Autovia-2carril-unsentido-Concreto'
06:19:46: RTSS: using 4dc3f2ce7b891eb7fec3c31a8d4d6370_FS for Pass 0 of 'NQ-Carretera-Autovia-2carril-unsentido-Concreto'
06:19:46: RTSS: using 4b23046936a0d3b197116992a2aa3e0b_VS for Pass 0 of 'NQ-EdCrsl-o-C'
06:19:46: RTSS: using 4dc3f2ce7b891eb7fec3c31a8d4d6370_FS for Pass 0 of 'NQ-EdCrsl-o-C'
06:19:46: RTSS: using 4b23046936a0d3b197116992a2aa3e0b_VS for Pass 1 of 'NQ-EdCrsl-o-C'
06:19:46: RTSS: using bab7173ba715762acdbf6b8607a31c26_FS for Pass 1 of 'NQ-EdCrsl-o-C'
06:19:46: RTSS: using 4b23046936a0d3b197116992a2aa3e0b_VS for Pass 0 of 'NQ-EdCrsl-o-E'
06:19:46: RTSS: using 4dc3f2ce7b891eb7fec3c31a8d4d6370_FS for Pass 0 of 'NQ-EdCrsl-o-E'
06:19:46: RTSS: using 4b23046936a0d3b197116992a2aa3e0b_VS for Pass 1 of 'NQ-EdCrsl-o-E'
06:19:46: RTSS: using bab7173ba715762acdbf6b8607a31c26_FS for Pass 1 of 'NQ-EdCrsl-o-E'
06:19:46: RTSS: using 4b23046936a0d3b197116992a2aa3e0b_VS for Pass 0 of 'NQ-EdCrsl-o-B'
06:19:46: RTSS: using 4dc3f2ce7b891eb7fec3c31a8d4d6370_FS for Pass 0 of 'NQ-EdCrsl-o-B'
06:19:46: RTSS: using 4b23046936a0d3b197116992a2aa3e0b_VS for Pass 1 of 'NQ-EdCrsl-o-B'
06:19:46: RTSS: using bab7173ba715762acdbf6b8607a31c26_FS for Pass 1 of 'NQ-EdCrsl-o-B'
06:19:46: RTSS: using 4b23046936a0d3b197116992a2aa3e0b_VS for Pass 0 of 'NQ-EdCrsl-o-F'
06:19:46: RTSS: using 4dc3f2ce7b891eb7fec3c31a8d4d6370_FS for Pass 0 of 'NQ-EdCrsl-o-F'
06:19:46: RTSS: using 4b23046936a0d3b197116992a2aa3e0b_VS for Pass 1 of 'NQ-EdCrsl-o-F'
06:19:46: RTSS: using bab7173ba715762acdbf6b8607a31c26_FS for Pass 1 of 'NQ-EdCrsl-o-F'
06:19:46: RTSS: using 4b23046936a0d3b197116992a2aa3e0b_VS for Pass 0 of 'NQ-EdCrsl-o-D'
06:19:46: RTSS: using 4dc3f2ce7b891eb7fec3c31a8d4d6370_FS for Pass 0 of 'NQ-EdCrsl-o-D'
06:19:46: RTSS: using 4b23046936a0d3b197116992a2aa3e0b_VS for Pass 1 of 'NQ-EdCrsl-o-D'
06:19:46: RTSS: using bab7173ba715762acdbf6b8607a31c26_FS for Pass 1 of 'NQ-EdCrsl-o-D'
06:19:46: RTSS: using 4b23046936a0d3b197116992a2aa3e0b_VS for Pass 0 of 'NQ-EdCrsl-o-G'
06:19:46: RTSS: using 4dc3f2ce7b891eb7fec3c31a8d4d6370_FS for Pass 0 of 'NQ-EdCrsl-o-G'
06:19:46: RTSS: using 4b23046936a0d3b197116992a2aa3e0b_VS for Pass 1 of 'NQ-EdCrsl-o-G'
06:19:46: RTSS: using bab7173ba715762acdbf6b8607a31c26_FS for Pass 1 of 'NQ-EdCrsl-o-G'
06:19:46: RTSS: using 8a4f79308ac39a0db2a903436248e9d4_VS for Pass 0 of 'NQ-alumbrado-Publico-Rd'
06:19:46: RTSS: using 6bd3dd8366efcad2be6c6c1e83184138_FS for Pass 0 of 'NQ-alumbrado-Publico-Rd'
06:19:46: RTSS: using 4b23046936a0d3b197116992a2aa3e0b_VS for Pass 1 of 'NQ-alumbrado-Publico-Rd'
06:19:46: RTSS: using bab7173ba715762acdbf6b8607a31c26_FS for Pass 1 of 'NQ-alumbrado-Publico-Rd'
06:19:46: RTSS: using 4b23046936a0d3b197116992a2aa3e0b_VS for Pass 0 of 'NQ-Carretera-Autovia-4carriles-Transicion-ConcretoPavimento'
06:19:46: RTSS: using 4dc3f2ce7b891eb7fec3c31a8d4d6370_FS for Pass 0 of 'NQ-Carretera-Autovia-4carriles-Transicion-ConcretoPavimento'
06:19:46: RTSS: using 4b23046936a0d3b197116992a2aa3e0b_VS for Pass 0 of 'NQ-Alto-Voltage-Torres'
06:19:46: RTSS: using bab7173ba715762acdbf6b8607a31c26_FS for Pass 0 of 'NQ-Alto-Voltage-Torres'
06:19:46: RTSS: using 4b23046936a0d3b197116992a2aa3e0b_VS for Pass 0 of 'NQ-Trasicion-Pavimento-Concreto-Vial-A'
06:19:46: RTSS: using 4dc3f2ce7b891eb7fec3c31a8d4d6370_FS for Pass 0 of 'NQ-Trasicion-Pavimento-Concreto-Vial-A'
06:19:46: RTSS: using 4b23046936a0d3b197116992a2aa3e0b_VS for Pass 0 of 'NQ-EdCrsl-o-A'
06:19:46: RTSS: using 4dc3f2ce7b891eb7fec3c31a8d4d6370_FS for Pass 0 of 'NQ-EdCrsl-o-A'
06:19:46: RTSS: using 4b23046936a0d3b197116992a2aa3e0b_VS for Pass 1 of 'NQ-EdCrsl-o-A'
06:19:46: RTSS: using bab7173ba715762acdbf6b8607a31c26_FS for Pass 1 of 'NQ-EdCrsl-o-A'
06:19:46: RTSS: using 4b23046936a0d3b197116992a2aa3e0b_VS for Pass 0 of 'NQ-EdCrsl-o-H'
06:19:46: RTSS: using 4dc3f2ce7b891eb7fec3c31a8d4d6370_FS for Pass 0 of 'NQ-EdCrsl-o-H'
06:19:46: RTSS: using 4b23046936a0d3b197116992a2aa3e0b_VS for Pass 1 of 'NQ-EdCrsl-o-H'
06:19:46: RTSS: using bab7173ba715762acdbf6b8607a31c26_FS for Pass 1 of 'NQ-EdCrsl-o-H'
06:19:46: RTSS: using 4b23046936a0d3b197116992a2aa3e0b_VS for Pass 0 of 'NQ-EdCrsl-o-I'
06:19:46: RTSS: using 4dc3f2ce7b891eb7fec3c31a8d4d6370_FS for Pass 0 of 'NQ-EdCrsl-o-I'
06:19:46: RTSS: using 4b23046936a0d3b197116992a2aa3e0b_VS for Pass 1 of 'NQ-EdCrsl-o-I'
06:19:46: RTSS: using bab7173ba715762acdbf6b8607a31c26_FS for Pass 1 of 'NQ-EdCrsl-o-I'
06:19:46: RTSS: using 4b23046936a0d3b197116992a2aa3e0b_VS for Pass 0 of 'NQ-MPC'
06:19:46: RTSS: using 4dc3f2ce7b891eb7fec3c31a8d4d6370_FS for Pass 0 of 'NQ-MPC'
06:19:46: RTSS: using 4b23046936a0d3b197116992a2aa3e0b_VS for Pass 0 of 'NQ-WTM'
06:19:46: RTSS: using 4dc3f2ce7b891eb7fec3c31a8d4d6370_FS for Pass 0 of 'NQ-WTM'
06:19:46: RTSS: using 4b23046936a0d3b197116992a2aa3e0b_VS for Pass 0 of 'NQ-creepy-house'
06:19:46: RTSS: using 4dc3f2ce7b891eb7fec3c31a8d4d6370_FS for Pass 0 of 'NQ-creepy-house'
06:19:46: RTSS: using 8a4f79308ac39a0db2a903436248e9d4_VS for Pass 0 of 'NQ-citytradecenter-mundo'
06:19:46: RTSS: using 6bd3dd8366efcad2be6c6c1e83184138_FS for Pass 0 of 'NQ-citytradecenter-mundo'
06:19:46: RTSS: using 4b23046936a0d3b197116992a2aa3e0b_VS for Pass 0 of 'NQ-Carretera-Autovia-3carriles-Concreto-E'
06:19:46: RTSS: using 4dc3f2ce7b891eb7fec3c31a8d4d6370_FS for Pass 0 of 'NQ-Carretera-Autovia-3carriles-Concreto-E'
06:19:46: RTSS: using 4b23046936a0d3b197116992a2aa3e0b_VS for Pass 0 of 'NQ-Concreto-wall-tiles-E'
06:19:46: RTSS: using 4dc3f2ce7b891eb7fec3c31a8d4d6370_FS for Pass 0 of 'NQ-Concreto-wall-tiles-E'
06:19:46: RTSS: using 4b23046936a0d3b197116992a2aa3e0b_VS for Pass 0 of 'NQ-Concreto-Vial-A-E'
06:19:46: RTSS: using 4dc3f2ce7b891eb7fec3c31a8d4d6370_FS for Pass 0 of 'NQ-Concreto-Vial-A-E'
06:19:46: RTSS: using 4b23046936a0d3b197116992a2aa3e0b_VS for Pass 0 of 'NQ-Concreto-Vial-Estacionamiento-A-E'
06:19:46: RTSS: using 4dc3f2ce7b891eb7fec3c31a8d4d6370_FS for Pass 0 of 'NQ-Concreto-Vial-Estacionamiento-A-E'
06:19:46: RTSS: using 8a4f79308ac39a0db2a903436248e9d4_VS for Pass 0 of 'NQ-GuardaVialdeAcero-3-E'
06:19:46: RTSS: using 6bd3dd8366efcad2be6c6c1e83184138_FS for Pass 0 of 'NQ-GuardaVialdeAcero-3-E'
06:19:46: RTSS: using 4b23046936a0d3b197116992a2aa3e0b_VS for Pass 0 of 'NQ-Road-Tunnel-4carriles-lamparas'
06:19:46: RTSS: using 4dc3f2ce7b891eb7fec3c31a8d4d6370_FS for Pass 0 of 'NQ-Road-Tunnel-4carriles-lamparas'
06:19:46: RTSS: using 8a4f79308ac39a0db2a903436248e9d4_VS for Pass 0 of 'NQ-Steel-Girder-E'
06:19:46: RTSS: using 6bd3dd8366efcad2be6c6c1e83184138_FS for Pass 0 of 'NQ-Steel-Girder-E'
06:19:46: RTSS: using 4b23046936a0d3b197116992a2aa3e0b_VS for Pass 0 of 'NQ-Senalamientos-Viales-E'
06:19:46: RTSS: using 4dc3f2ce7b891eb7fec3c31a8d4d6370_FS for Pass 0 of 'NQ-Senalamientos-Viales-E'
06:19:46: RTSS: using 4b23046936a0d3b197116992a2aa3e0b_VS for Pass 0 of 'NQ-Road-Tunnel-4carriles'
06:19:46: RTSS: using 4dc3f2ce7b891eb7fec3c31a8d4d6370_FS for Pass 0 of 'NQ-Road-Tunnel-4carriles'
06:19:46: RTSS: using 4b23046936a0d3b197116992a2aa3e0b_VS for Pass 0 of 'NQ-Road-Tunnel-4carriles-ext'
06:19:46: RTSS: using 4dc3f2ce7b891eb7fec3c31a8d4d6370_FS for Pass 0 of 'NQ-Road-Tunnel-4carriles-ext'
06:19:46: RTSS: using 4b23046936a0d3b197116992a2aa3e0b_VS for Pass 0 of 'NQ-FachadadeFabrica-A'
06:19:46: RTSS: using 4dc3f2ce7b891eb7fec3c31a8d4d6370_FS for Pass 0 of 'NQ-FachadadeFabrica-A'
06:19:46: RTSS: using 8a4f79308ac39a0db2a903436248e9d4_VS for Pass 0 of 'NQ-LaminaGalvanizada-A'
06:19:46: RTSS: using 6bd3dd8366efcad2be6c6c1e83184138_FS for Pass 0 of 'NQ-LaminaGalvanizada-A'
06:19:46: RTSS: using 4b23046936a0d3b197116992a2aa3e0b_VS for Pass 0 of 'NQ-FachadadeFabrica-B'
06:19:46: RTSS: using 4dc3f2ce7b891eb7fec3c31a8d4d6370_FS for Pass 0 of 'NQ-FachadadeFabrica-B'
06:19:46: RTSS: using 4b23046936a0d3b197116992a2aa3e0b_VS for Pass 0 of 'NQ-FachadadeFabrica-C'
06:19:46: RTSS: using 4dc3f2ce7b891eb7fec3c31a8d4d6370_FS for Pass 0 of 'NQ-FachadadeFabrica-C'
06:19:46: RTSS: using 4b23046936a0d3b197116992a2aa3e0b_VS for Pass 0 of 'NQ-FachadadeFabrica-D'
06:19:46: RTSS: using 4dc3f2ce7b891eb7fec3c31a8d4d6370_FS for Pass 0 of 'NQ-FachadadeFabrica-D'
06:19:46: RTSS: using 4b23046936a0d3b197116992a2aa3e0b_VS for Pass 0 of 'NQ-FachadadeFabrica-E'
06:19:46: RTSS: using 4dc3f2ce7b891eb7fec3c31a8d4d6370_FS for Pass 0 of 'NQ-FachadadeFabrica-E'
06:19:46: RTSS: using 4b23046936a0d3b197116992a2aa3e0b_VS for Pass 0 of 'NQ-FachadadeFabrica-F'
06:19:46: RTSS: using 4dc3f2ce7b891eb7fec3c31a8d4d6370_FS for Pass 0 of 'NQ-FachadadeFabrica-F'
06:19:46: RTSS: using 4b23046936a0d3b197116992a2aa3e0b_VS for Pass 0 of 'NQ-FachadadeFabrica-G'
06:19:46: RTSS: using 4dc3f2ce7b891eb7fec3c31a8d4d6370_FS for Pass 0 of 'NQ-FachadadeFabrica-G'
06:19:46: RTSS: using 4b23046936a0d3b197116992a2aa3e0b_VS for Pass 0 of 'NQ-FachadadeFabrica-H'
06:19:46: RTSS: using 4dc3f2ce7b891eb7fec3c31a8d4d6370_FS for Pass 0 of 'NQ-FachadadeFabrica-H'
06:19:46: RTSS: using 4b23046936a0d3b197116992a2aa3e0b_VS for Pass 0 of 'NQ-FachadadeFabrica-I'
06:19:46: RTSS: using 4dc3f2ce7b891eb7fec3c31a8d4d6370_FS for Pass 0 of 'NQ-FachadadeFabrica-I'
06:19:46: RTSS: using 4b23046936a0d3b197116992a2aa3e0b_VS for Pass 0 of 'NQ-FachadadeFabrica-J'
06:19:46: RTSS: using 4dc3f2ce7b891eb7fec3c31a8d4d6370_FS for Pass 0 of 'NQ-FachadadeFabrica-J'
06:19:46: RTSS: using 4b23046936a0d3b197116992a2aa3e0b_VS for Pass 0 of 'NQ-FachadadeFabrica-K'
06:19:46: RTSS: using 4dc3f2ce7b891eb7fec3c31a8d4d6370_FS for Pass 0 of 'NQ-FachadadeFabrica-K'
06:19:46: RTSS: using 4b23046936a0d3b197116992a2aa3e0b_VS for Pass 0 of 'NQ-FachadadeFabrica-L'
06:19:46: RTSS: using 4dc3f2ce7b891eb7fec3c31a8d4d6370_FS for Pass 0 of 'NQ-FachadadeFabrica-L'
06:19:46: RTSS: using 4b23046936a0d3b197116992a2aa3e0b_VS for Pass 0 of 'NQ-FachadadeFabrica-M'
06:19:46: RTSS: using 4dc3f2ce7b891eb7fec3c31a8d4d6370_FS for Pass 0 of 'NQ-FachadadeFabrica-M'
06:19:46: RTSS: using 4b23046936a0d3b197116992a2aa3e0b_VS for Pass 0 of 'NQ-W-M-01'
06:19:46: RTSS: using 4dc3f2ce7b891eb7fec3c31a8d4d6370_FS for Pass 0 of 'NQ-W-M-01'
06:19:46: RTSS: using 4b23046936a0d3b197116992a2aa3e0b_VS for Pass 0 of 'NQ-Building-under-construction'
06:19:46: RTSS: using 4dc3f2ce7b891eb7fec3c31a8d4d6370_FS for Pass 0 of 'NQ-Building-under-construction'
06:19:46: RTSS: using 4b23046936a0d3b197116992a2aa3e0b_VS for Pass 0 of 'NQ-Rock-B'
06:19:46: RTSS: using 4dc3f2ce7b891eb7fec3c31a8d4d6370_FS for Pass 0 of 'NQ-Rock-B'
06:19:46: RTSS: using 839a275503c059b65963ee86b94f0958_VS for Pass 1 of 'NQ-Rock-B'
06:19:46: RTSS: using fc10935ef09b27b2bbc59202d7a04ae1_FS for Pass 1 of 'NQ-Rock-B'
06:19:46: RTSS: using 4b23046936a0d3b197116992a2aa3e0b_VS for Pass 0 of 'NQ-Rock-A'
06:19:46: RTSS: using 4dc3f2ce7b891eb7fec3c31a8d4d6370_FS for Pass 0 of 'NQ-Rock-A'
06:19:46: RTSS: using 839a275503c059b65963ee86b94f0958_VS for Pass 1 of 'NQ-Rock-A'
06:19:46: RTSS: using fc10935ef09b27b2bbc59202d7a04ae1_FS for Pass 1 of 'NQ-Rock-A'
06:19:46: RTSS: using 4b23046936a0d3b197116992a2aa3e0b_VS for Pass 0 of 'NQ-G-S-A-Slo'
06:19:46: RTSS: using 4dc3f2ce7b891eb7fec3c31a8d4d6370_FS for Pass 0 of 'NQ-G-S-A-Slo'
06:19:46: RTSS: using 839a275503c059b65963ee86b94f0958_VS for Pass 1 of 'NQ-G-S-A-Slo'
06:19:46: RTSS: using fc10935ef09b27b2bbc59202d7a04ae1_FS for Pass 1 of 'NQ-G-S-A-Slo'
06:19:46: RTSS: using 4b23046936a0d3b197116992a2aa3e0b_VS for Pass 0 of 'NQ-N-C-T'
06:19:46: RTSS: using 4dc3f2ce7b891eb7fec3c31a8d4d6370_FS for Pass 0 of 'NQ-N-C-T'
06:19:46: RTSS: using 8a4f79308ac39a0db2a903436248e9d4_VS for Pass 0 of 'NQ-Building-under-construction-glass'
06:19:46: RTSS: using 6bd3dd8366efcad2be6c6c1e83184138_FS for Pass 0 of 'NQ-Building-under-construction-glass'
06:19:46: RTSS: using 4b23046936a0d3b197116992a2aa3e0b_VS for Pass 0 of 'NQ-B-U-C-ground'
06:19:46: RTSS: using c8da1131cbb328da1663bbf1829e2d4e_FS for Pass 0 of 'NQ-B-U-C-ground'
06:19:46: RTSS: using 469112b9b4bfc06501050d062adc2632_VS for Pass 1 of 'NQ-B-U-C-ground'
06:19:46: RTSS: using 06c28476a4f01afc5521826318eece79_FS for Pass 1 of 'NQ-B-U-C-ground'
06:19:46: RTSS: using 839a275503c059b65963ee86b94f0958_VS for Pass 2 of 'NQ-B-U-C-ground'
06:19:46: RTSS: using fc10935ef09b27b2bbc59202d7a04ae1_FS for Pass 2 of 'NQ-B-U-C-ground'
06:19:46: RTSS: using 4b23046936a0d3b197116992a2aa3e0b_VS for Pass 0 of 'NQ2-0Md-Schl'
06:19:46: RTSS: using 4dc3f2ce7b891eb7fec3c31a8d4d6370_FS for Pass 0 of 'NQ2-0Md-Schl'
06:19:46: RTSS: using 4b23046936a0d3b197116992a2aa3e0b_VS for Pass 1 of 'NQ2-0Md-Schl'
06:19:46: RTSS: using bab7173ba715762acdbf6b8607a31c26_FS for Pass 1 of 'NQ2-0Md-Schl'
06:19:46: RTSS: using 4b23046936a0d3b197116992a2aa3e0b_VS for Pass 0 of 'NQ2-0highschool'
06:19:46: RTSS: using 4dc3f2ce7b891eb7fec3c31a8d4d6370_FS for Pass 0 of 'NQ2-0highschool'
06:19:46: RTSS: using 4b23046936a0d3b197116992a2aa3e0b_VS for Pass 0 of 'NQ2-0highschool-glass'
06:19:46: RTSS: using bab7173ba715762acdbf6b8607a31c26_FS for Pass 0 of 'NQ2-0highschool-glass'
06:19:46: RTSS: using 4b23046936a0d3b197116992a2aa3e0b_VS for Pass 0 of 'NQ-marmol-floor'
06:19:46: RTSS: using 4dc3f2ce7b891eb7fec3c31a8d4d6370_FS for Pass 0 of 'NQ-marmol-floor'
06:19:46: RTSS: using 4b23046936a0d3b197116992a2aa3e0b_VS for Pass 0 of 'NQ-stucco-plaster'
06:19:46: RTSS: using 4dc3f2ce7b891eb7fec3c31a8d4d6370_FS for Pass 0 of 'NQ-stucco-plaster'
06:19:46: RTSS: using 4b23046936a0d3b197116992a2aa3e0b_VS for Pass 0 of 'NQ-track-airport'
06:19:46: RTSS: using 4dc3f2ce7b891eb7fec3c31a8d4d6370_FS for Pass 0 of 'NQ-track-airport'
06:19:46: RTSS: using 4b23046936a0d3b197116992a2aa3e0b_VS for Pass 0 of 'NQ-2-0-Base'
06:19:46: RTSS: using 4dc3f2ce7b891eb7fec3c31a8d4d6370_FS for Pass 0 of 'NQ-2-0-Base'
06:19:46: RTSS: using 4b23046936a0d3b197116992a2aa3e0b_VS for Pass 0 of 'modularbuildings/TEXFACE/decowhitepanels.dds'
06:19:46: RTSS: using 4dc3f2ce7b891eb7fec3c31a8d4d6370_FS for Pass 0 of 'modularbuildings/TEXFACE/decowhitepanels.dds'
06:19:46: RTSS: using 4b23046936a0d3b197116992a2aa3e0b_VS for Pass 0 of 'modularbuildings/TEXFACE/busstationsign2.dds'
06:19:46: RTSS: using 4dc3f2ce7b891eb7fec3c31a8d4d6370_FS for Pass 0 of 'modularbuildings/TEXFACE/busstationsign2.dds'
06:19:46: RTSS: using 4b23046936a0d3b197116992a2aa3e0b_VS for Pass 0 of 'modularbuildings/TEXFACE/busstationsign.dds'
06:19:46: RTSS: using 4dc3f2ce7b891eb7fec3c31a8d4d6370_FS for Pass 0 of 'modularbuildings/TEXFACE/busstationsign.dds'
06:19:46: RTSS: using 8a4f79308ac39a0db2a903436248e9d4_VS for Pass 0 of 'modularbuildings/TEXFACE/decowindow.dds'
06:19:46: RTSS: using a3e090a4a4a4cbcf2a408f3390d7eccb_FS for Pass 0 of 'modularbuildings/TEXFACE/decowindow.dds'
06:19:46: RTSS: using 8a4f79308ac39a0db2a903436248e9d4_VS for Pass 0 of 'modularbuildings/TEXFACE/brickwindowplain_darkred2.dds'
06:19:46: RTSS: using a3e090a4a4a4cbcf2a408f3390d7eccb_FS for Pass 0 of 'modularbuildings/TEXFACE/brickwindowplain_darkred2.dds'
06:19:46: RTSS: using 8a4f79308ac39a0db2a903436248e9d4_VS for Pass 0 of 'modularbuildings/TEXFACE/brickwindowwide_darkred.dds'
06:19:46: RTSS: using a3e090a4a4a4cbcf2a408f3390d7eccb_FS for Pass 0 of 'modularbuildings/TEXFACE/brickwindowwide_darkred.dds'
06:19:46: RTSS: using 4b23046936a0d3b197116992a2aa3e0b_VS for Pass 0 of 'modularbuildings/TEXFACE/coppersheathing.dds'
06:19:46: RTSS: using 4dc3f2ce7b891eb7fec3c31a8d4d6370_FS for Pass 0 of 'modularbuildings/TEXFACE/coppersheathing.dds'
06:19:46: RTSS: using 8a4f79308ac39a0db2a903436248e9d4_VS for Pass 0 of 'modularbuildings/TEXFACE/gothicwindow.dds'
06:19:46: RTSS: using a3e090a4a4a4cbcf2a408f3390d7eccb_FS for Pass 0 of 'modularbuildings/TEXFACE/gothicwindow.dds'
06:19:46: RTSS: using 8a4f79308ac39a0db2a903436248e9d4_VS for Pass 0 of 'modularbuildings/TEXFACE/window_smooth_standard_lightgreytan.dds'
06:19:46: RTSS: using a3e090a4a4a4cbcf2a408f3390d7eccb_FS for Pass 0 of 'modularbuildings/TEXFACE/window_smooth_standard_lightgreytan.dds'
06:19:46: RTSS: using 8a4f79308ac39a0db2a903436248e9d4_VS for Pass 0 of 'modularbuildings/TEXFACE/40wallstreetwindow01.dds'
06:19:46: RTSS: using a3e090a4a4a4cbcf2a408f3390d7eccb_FS for Pass 0 of 'modularbuildings/TEXFACE/40wallstreetwindow01.dds'
06:19:46: RTSS: using 8a4f79308ac39a0db2a903436248e9d4_VS for Pass 0 of 'modularbuildings/TEXFACE/window_smooth_narrow_lightgreygreen.dds'
06:19:46: RTSS: using a3e090a4a4a4cbcf2a408f3390d7eccb_FS for Pass 0 of 'modularbuildings/TEXFACE/window_smooth_narrow_lightgreygreen.dds'
06:19:46: RTSS: using 8a4f79308ac39a0db2a903436248e9d4_VS for Pass 0 of 'modularbuildings/TEXFACE/warehouse_smallwindow_top.dds'
06:19:46: RTSS: using a3e090a4a4a4cbcf2a408f3390d7eccb_FS for Pass 0 of 'modularbuildings/TEXFACE/warehouse_smallwindow_top.dds'
06:19:46: RTSS: using 8a4f79308ac39a0db2a903436248e9d4_VS for Pass 0 of 'modularbuildings/TEXFACE/warehouse_largewindow_top.dds'
06:19:46: RTSS: using a3e090a4a4a4cbcf2a408f3390d7eccb_FS for Pass 0 of 'modularbuildings/TEXFACE/warehouse_largewindow_top.dds'
06:19:46: RTSS: using 8a4f79308ac39a0db2a903436248e9d4_VS for Pass 0 of 'modularbuildings/TEXFACE/warehouse_largewindow.dds'
06:19:46: RTSS: using a3e090a4a4a4cbcf2a408f3390d7eccb_FS for Pass 0 of 'modularbuildings/TEXFACE/warehouse_largewindow.dds'
06:19:46: RTSS: using 8a4f79308ac39a0db2a903436248e9d4_VS for Pass 0 of 'modularbuildings/TEXFACE/warehouse_smallwindow.dds'
06:19:46: RTSS: using a3e090a4a4a4cbcf2a408f3390d7eccb_FS for Pass 0 of 'modularbuildings/TEXFACE/warehouse_smallwindow.dds'
06:19:46: RTSS: using 4b23046936a0d3b197116992a2aa3e0b_VS for Pass 0 of 'dneroads/TEXFACE/stopsign.dds'
06:19:46: RTSS: using 4dc3f2ce7b891eb7fec3c31a8d4d6370_FS for Pass 0 of 'dneroads/TEXFACE/stopsign.dds'
06:19:46: RTSS: using 4b23046936a0d3b197116992a2aa3e0b_VS for Pass 0 of 'dneroads/TEXFACE/concretebaretan.dds'
06:19:46: RTSS: using 4dc3f2ce7b891eb7fec3c31a8d4d6370_FS for Pass 0 of 'dneroads/TEXFACE/concretebaretan.dds'
06:19:46: RTSS: using 8a4f79308ac39a0db2a903436248e9d4_VS for Pass 0 of 'modularbuildings/TEXFACE/brickwindow_darkred.jpg'
06:19:46: RTSS: using a3e090a4a4a4cbcf2a408f3390d7eccb_FS for Pass 0 of 'modularbuildings/TEXFACE/brickwindow_darkred.jpg'
06:19:46: RTSS: using 4b23046936a0d3b197116992a2aa3e0b_VS for Pass 0 of 'dneroads/TEXFACE/26-grass.dds'
06:19:46: RTSS: using 4dc3f2ce7b891eb7fec3c31a8d4d6370_FS for Pass 0 of 'dneroads/TEXFACE/26-grass.dds'
06:19:46: RTSS: using 839a275503c059b65963ee86b94f0958_VS for Pass 0 of 'rorng_transition_concrete'
06:19:46: RTSS: using 09374ea492bda38d3c3ada90a7d9e5b4_FS for Pass 0 of 'rorng_transition_concrete'
06:19:46: RTSS: using 839a275503c059b65963ee86b94f0958_VS for Pass 0 of 'rorng_transition_asphalt'
06:19:46: RTSS: using 09374ea492bda38d3c3ada90a7d9e5b4_FS for Pass 0 of 'rorng_transition_asphalt'
06:19:46: RTSS: using 839a275503c059b65963ee86b94f0958_VS for Pass 0 of 'rorng_transition_dark_steel'
06:19:46: RTSS: using 09374ea492bda38d3c3ada90a7d9e5b4_FS for Pass 0 of 'rorng_transition_dark_steel'
06:19:46: RTSS: using 839a275503c059b65963ee86b94f0958_VS for Pass 0 of 'rorng_transition_lane_white'
06:19:46: RTSS: using 09374ea492bda38d3c3ada90a7d9e5b4_FS for Pass 0 of 'rorng_transition_lane_white'
06:19:46: RTSS: using 839a275503c059b65963ee86b94f0958_VS for Pass 0 of 'rorng_transition_lane_yellow'
06:19:46: RTSS: using 09374ea492bda38d3c3ada90a7d9e5b4_FS for Pass 0 of 'rorng_transition_lane_yellow'
06:19:46: RTSS: using 839a275503c059b65963ee86b94f0958_VS for Pass 0 of 'rorng_transition_galvanized_steel'
06:19:46: RTSS: using 09374ea492bda38d3c3ada90a7d9e5b4_FS for Pass 0 of 'rorng_transition_galvanized_steel'
06:19:46: RTSS: using 839a275503c059b65963ee86b94f0958_VS for Pass 0 of 'rorng_city_concrete'
06:19:46: RTSS: using 09374ea492bda38d3c3ada90a7d9e5b4_FS for Pass 0 of 'rorng_city_concrete'
06:19:46: RTSS: using 839a275503c059b65963ee86b94f0958_VS for Pass 0 of 'rorng_city_asphalt'
06:19:46: RTSS: using 09374ea492bda38d3c3ada90a7d9e5b4_FS for Pass 0 of 'rorng_city_asphalt'
06:19:46: RTSS: using 839a275503c059b65963ee86b94f0958_VS for Pass 0 of 'rorng_city_galvanized_steel'
06:19:46: RTSS: using 09374ea492bda38d3c3ada90a7d9e5b4_FS for Pass 0 of 'rorng_city_galvanized_steel'
06:19:46: RTSS: using 839a275503c059b65963ee86b94f0958_VS for Pass 0 of 'rorng_city_lane_white'
06:19:46: RTSS: using 09374ea492bda38d3c3ada90a7d9e5b4_FS for Pass 0 of 'rorng_city_lane_white'
06:19:46: RTSS: using 839a275503c059b65963ee86b94f0958_VS for Pass 0 of 'rorng_city_lane_yellow'
06:19:46: RTSS: using 09374ea492bda38d3c3ada90a7d9e5b4_FS for Pass 0 of 'rorng_city_lane_yellow'
06:19:46: RTSS: using 839a275503c059b65963ee86b94f0958_VS for Pass 0 of 'rorng_city_dark_steel'
06:19:46: RTSS: using 09374ea492bda38d3c3ada90a7d9e5b4_FS for Pass 0 of 'rorng_city_dark_steel'
06:19:46: RTSS: using 839a275503c059b65963ee86b94f0958_VS for Pass 0 of 'rorng_city_lamp_emissive'
06:19:46: RTSS: using 09374ea492bda38d3c3ada90a7d9e5b4_FS for Pass 0 of 'rorng_city_lamp_emissive'
06:19:47: Texture 'SurveyMapStatic': Loading 1 faces(PF_R8G8B8,4096x4096x1) with 5 hardware generated mipmaps from Image. Internal format is PF_R8G8B8,4096x4096x1.
06:19:47:  ===== LOADING TERRAIN ACTORS CityWorldNextLocalOverlay.terrn2
06:19:47: [RoR|PleaseWaitUI] <95%> Loading Terrain Actors
06:19:47:  ===== TERRAIN LOADING DONE CityWorldNextLocalOverlay.terrn2
06:19:47: [RoR|CVar]      sim_terrain_name:  "CityWorldNextLocalOverlay.terrn2" (was: "")
06:19:47: [RoR|CVar]  sim_terrain_gui_name:  "CityWorld Next Local Overlay" (was: "")
06:19:47: Mesh: Loading character.mesh.
06:19:47: Can't assign material to SubMesh of 'character.mesh'. Material 'character' not found in group 'MeshesRG'. Have you forgotten to define it in a .material script?
06:19:47: Skeleton: Loading character.skeleton
06:19:47: Texture 'character.dds': Loading 1 faces(PF_X8R8G8B8,1024x1024x1) with 5 custom mipmaps from Image. Internal format is PF_X8R8G8B8,1024x1024x1.
06:19:47: Texture 'character-alpha.png': Loading 1 faces(PF_A8R8G8B8,1024x1024x1) with 5 hardware generated mipmaps from Image. Internal format is PF_A8R8G8B8,1024x1024x1.
06:19:47: Mesh: Loading arrow2.mesh.
06:19:47: Texture 'targetarrowtex.dds': Loading 1 faces(PF_DXT3,128x128x1) with 5 custom mipmaps from Image. Internal format is PF_DXT3,128x128x1.
06:19:47: [RoR|CVar]             sim_state:  "1" (was: "0")
06:19:47: [RoR|CVar]             app_state:  "2" (was: "1")
06:19:47:  ===== LOADING VEHICLE: wrecker.truck
06:19:47: [RoR|General|Error] Failed to load 'wrecker.truck' (type: 'actor'), message: Truckfile not found in ModCache (probably not installed)
06:19:47:  ===== LOADING VEHICLE: wrecker.truck
06:19:47: [RoR|General|Error] Failed to load 'wrecker.truck' (type: 'actor'), message: Truckfile not found in ModCache (probably not installed)
06:19:47: [RoR|General|Notice] Press CTRL+G to spawn a vehicle
06:19:47: Texture 'lightbulb.png': Loading 1 faces(PF_A8R8G8B8,16x16x1) with 4 hardware generated mipmaps from Image. Internal format is PF_A8R8G8B8,16x16x1.
06:19:47: Texture 'error.png': Loading 1 faces(PF_A8R8G8B8,16x16x1) with 4 hardware generated mipmaps from Image. Internal format is PF_A8R8G8B8,16x16x1.
06:19:47: RTSS: using 4b23046936a0d3b197116992a2aa3e0b_VS for Pass 0 of 'tracks/Character#0'
06:19:47: RTSS: using 4dc3f2ce7b891eb7fec3c31a8d4d6370_FS for Pass 0 of 'tracks/Character#0'
06:19:47: RTSS: using 4b23046936a0d3b197116992a2aa3e0b_VS for Pass 1 of 'tracks/Character#0'
06:19:47: RTSS: using 317a03059f98b12cdc10815a4970964b_FS for Pass 1 of 'tracks/Character#0'
06:20:27: [RoR|CVar]             sim_state:  "0" (was: "1")
06:20:27: [RoR|CVar]             app_state:  "1" (was: "2")
06:20:27: [RoR|CVar]      sim_terrain_name:  "" (was: "CityWorldNextLocalOverlay.terrn2")
06:20:27: [RoR|CVar]  sim_terrain_gui_name:  "" (was: "CityWorld Next Local Overlay")
06:20:27: Warning: Skipping 'RoR.cfg' because it already exists in resource group 'Config'
06:20:27: [RoR|CVar]             app_state:  "3" (was: "1")
06:20:27: DefaultWorkQueue('Root') shutting down on thread 0x1f22718c0.
06:20:27: DefaultWorkQueue('Root')::WorkerFunc - thread 0x16d1c7000 stopped.
06:20:27: DefaultWorkQueue('Root')::WorkerFunc - thread 0x16d253000 stopped.
06:20:27: *-*-* OGRE Shutdown
06:20:27: Unregistering ResourceManager for type Compositor
06:20:27: Unregistering ResourceManager for type Material
06:20:27: Unregistering ResourceManager for type GpuProgram
06:20:27: Uninstalling plugin: Octree Scene Manager
06:20:27: Plugin successfully uninstalled
06:20:27: Unloading library /Users/beshoyhanna/.conan2/p/b/ogre3b2e515bf3f232/p/lib/OGRE/Plugin_OctreeSceneManager
06:20:27: Uninstalling plugin: ParticleFX
06:20:27: Plugin successfully uninstalled
06:20:27: Unloading library /Users/beshoyhanna/.conan2/p/b/ogre3b2e515bf3f232/p/lib/OGRE/Plugin_ParticleFX
06:20:27: Uninstalling plugin: GL 3+ RenderSystem
06:20:27: Unregistering ResourceManager for type Texture
06:20:27: ********************************************
***  Stopping Mac OS X OpenGL Subsystem  ***
********************************************
06:20:27: Plugin successfully uninstalled
06:20:27: Unloading library /Users/beshoyhanna/.conan2/p/b/ogre3b2e515bf3f232/p/lib/OGRE/RenderSystem_GL3Plus
06:20:27: Unloading library /Users/beshoyhanna/.conan2/p/b/ogre3b2e515bf3f232/p/lib/OGRE/Codec_FreeImage
06:20:27: Unregistering ResourceManager for type Skeleton
06:20:27: Unregistering ResourceManager for type Mesh
