[RoR] Rigs of Rods (www.rigsofrods.org) version 2026.07-dev-f87ba8368-dirty
[RoR] Current date: 2026-07-28
[RoR|CVar]        sys_config_dir:  "/Users/beshoyhanna/Development/rigs-of-rods/build-macos-ogre14-roadmap/cw2-shadow-paired-f87ba8368-run1/no-shadows/work/scene-home/Library/Application Support/Rigs of Rods/config" (was: "")
[RoR|CVar]     sys_savegames_dir:  "/Users/beshoyhanna/Development/rigs-of-rods/build-macos-ogre14-roadmap/cw2-shadow-paired-f87ba8368-run1/no-shadows/work/scene-home/Library/Application Support/Rigs of Rods/savegames" (was: "")
[RoR|CVar]    sys_screenshot_dir:  "/Users/beshoyhanna/Development/rigs-of-rods/build-macos-ogre14-roadmap/cw2-shadow-paired-f87ba8368-run1/no-shadows/work/scene-home/Library/Application Support/Rigs of Rods/screenshots" (was: "")
[RoR|CVar]       sys_scripts_dir:  "/Users/beshoyhanna/Development/rigs-of-rods/build-macos-ogre14-roadmap/cw2-shadow-paired-f87ba8368-run1/no-shadows/work/scene-home/Library/Application Support/Rigs of Rods/scripts" (was: "")
[RoR|CVar]      sys_projects_dir:  "/Users/beshoyhanna/Development/rigs-of-rods/build-macos-ogre14-roadmap/cw2-shadow-paired-f87ba8368-run1/no-shadows/work/scene-home/Library/Application Support/Rigs of Rods/projects" (was: "")
[RoR|CVar]  sys_repo_attachments_dir:  "/Users/beshoyhanna/Development/rigs-of-rods/build-macos-ogre14-roadmap/cw2-shadow-paired-f87ba8368-run1/no-shadows/work/scene-home/Library/Application Support/Rigs of Rods/repo_attachments" (was: "")
[RoR|Startup|Paths] process='/Users/beshoyhanna/Development/rigs-of-rods/build-macos-ogre14-roadmap/bin/RoR.app/Contents/MacOS', user='/Users/beshoyhanna/Development/rigs-of-rods/build-macos-ogre14-roadmap/cw2-shadow-paired-f87ba8368-run1/no-shadows/work/scene-home/Library/Application Support/Rigs of Rods', config='/Users/beshoyhanna/Development/rigs-of-rods/build-macos-ogre14-roadmap/cw2-shadow-paired-f87ba8368-run1/no-shadows/work/scene-home/Library/Application Support/Rigs of Rods/config', cache='/Users/beshoyhanna/Development/rigs-of-rods/build-macos-ogre14-roadmap/cw2-shadow-paired-f87ba8368-run1/no-shadows/work/scene-home/Library/Caches/Rigs of Rods', thumbnails='/Users/beshoyhanna/Development/rigs-of-rods/build-macos-ogre14-roadmap/cw2-shadow-paired-f87ba8368-run1/no-shadows/work/scene-home/Library/Caches/Rigs of Rods/thumbnails', logs='/Users/beshoyhanna/Development/rigs-of-rods/build-macos-ogre14-roadmap/cw2-shadow-paired-f87ba8368-run1/no-shadows/work/scene-home/Library/Logs/Rigs of Rods'
[RoR|CVar]  app_config_long_names:  "No" (was: "Yes")
[RoR|CVar]  app_disable_online_api:  "Yes" (was: "No")
[RoR|CVar]  app_force_cache_update:  "Yes" (was: "No")
[RoR|CVar]       app_num_workers:  "1" (was: "0")
[RoR|CVar]   audio_master_volume:  "0.000000" (was: "1.000000")
[RoR|CVar]       gfx_shadow_type:  "0" (was: "1")
[RoR|CVar]        gfx_water_mode:  "1" (was: "3")
[RoR|CVar]    cli_preset_terrain:  "cityworld_gateway_runtime.terrn2" (was: "")
[RoR|CVar]     sys_resources_dir:  "/Users/beshoyhanna/Development/rigs-of-rods/build-macos-ogre14-roadmap/bin/RoR.app/Contents/MacOS/resources" (was: "")
[RoR|Startup|Rendering] Creating OGRE renderer Root object, config='/Users/beshoyhanna/Development/rigs-of-rods/build-macos-ogre14-roadmap/cw2-shadow-paired-f87ba8368-run1/no-shadows/work/scene-home/Library/Application Support/Rigs of Rods/config/ogre.cfg'
Creating resource group General
Creating resource group OgreInternal
Creating resource group OgreAutodetect
SceneManagerFactory for type 'DefaultSceneManager' registered.
Registering ResourceManager for type Material
Registering ResourceManager for type Mesh
Registering ResourceManager for type Skeleton
MovableObjectFactory for type 'ParticleSystem' registered.
ArchiveFactory for type 'FileSystem' registered
ArchiveFactory for type 'Zip' registered
ArchiveFactory for type 'EmbeddedZip' registered
DDS codec registering
ETC codec registering
ASTC codec registering
Registering ResourceManager for type GpuProgram
Registering ResourceManager for type Compositor
MovableObjectFactory for type 'Entity' registered.
MovableObjectFactory for type 'Light' registered.
MovableObjectFactory for type 'BillboardSet' registered.
MovableObjectFactory for type 'ManualObject' registered.
MovableObjectFactory for type 'BillboardChain' registered.
MovableObjectFactory for type 'RibbonTrail' registered.
MovableObjectFactory for type 'StaticGeometry' registered.
MovableObjectFactory for type 'Rectangle2D' registered.
*-*-* OGRE Initialising
*-*-* Version 14.5.2 (Tsathoggua)
[RoR|Startup|Rendering] Loading OGRE renderer plugins config '/Users/beshoyhanna/Development/rigs-of-rods/build-macos-ogre14-roadmap/bin/RoR.app/Contents/MacOS/plugins.cfg'.
Loading library /Users/beshoyhanna/Development/rigs-of-rods/build-macos-ogre14-roadmap/bin/RoR.app/Contents/MacOS/../PlugIns/Codec_FreeImage.dylib
FreeImage version: 3.18.0
This program uses FreeImage, a free, open source image library supporting all common bitmap formats. See http://freeimage.sourceforge.net for details
Supported formats: bmp,ico,jpg,jif,jpeg,jpe,jng,koa,iff,lbm,mng,pbm,pbm,pcd,pcx,pgm,pgm,png,ppm,ppm,ras,tga,targa,tif,tiff,wap,wbmp,wbm,psd,psb,cut,xbm,xpm,gif,hdr,sgi,rgb,rgba,bw,exr,j2k,j2c,jp2,pfm,pct,pict,pic,3fr,arw,bay,bmq,cap,cine,cr2,crw,cs1,dc2,dcr,drf,dsc,dng,erf,fff,ia,iiq,k25,kc2,kdc,mdc,mef,mos,mrw,nef,nrw,orf,pef,ptx,pxn,qtk,raf,raw,rdc,rw2,rwl,rwz,sr2,srf,srw,sti,x3f,webp,jxr,wdp,hdp
Loading library /Users/beshoyhanna/Development/rigs-of-rods/build-macos-ogre14-roadmap/bin/RoR.app/Contents/MacOS/../PlugIns/RenderSystem_GL3Plus.dylib
Installing plugin: GL 3+ RenderSystem
OpenGL 3+ Rendering Subsystem created.
Plugin successfully installed
Loading library /Users/beshoyhanna/Development/rigs-of-rods/build-macos-ogre14-roadmap/bin/RoR.app/Contents/MacOS/../PlugIns/Plugin_ParticleFX.dylib
Installing plugin: ParticleFX
Particle Emitter Type 'Point' registered
Particle Emitter Type 'Box' registered
Particle Emitter Type 'Ellipsoid' registered
Particle Emitter Type 'Cylinder' registered
Particle Emitter Type 'Ring' registered
Particle Emitter Type 'HollowEllipsoid' registered
Particle Affector Type 'LinearForce' registered
Particle Affector Type 'ColourFader' registered
Particle Affector Type 'ColourFader2' registered
Particle Affector Type 'ColourImage' registered
Particle Affector Type 'ColourInterpolator' registered
Particle Affector Type 'Scaler' registered
Particle Affector Type 'Rotator' registered
Particle Affector Type 'DirectionRandomiser' registered
Particle Affector Type 'DeflectorPlane' registered
Particle Affector Type 'TextureAnimator' registered
Plugin successfully installed
Loading library /Users/beshoyhanna/Development/rigs-of-rods/build-macos-ogre14-roadmap/bin/RoR.app/Contents/MacOS/../PlugIns/Plugin_OctreeSceneManager.dylib
Installing plugin: Octree Scene Manager
Plugin successfully installed
[RoR|Startup|Rendering] Starting renderer 'OpenGL 3+ Rendering Subsystem' (without auto-creating render window)
CPU Identifier & Features
-------------------------
 *   CPU ID: 
 *          VFP: no
 *         NEON: yes
-------------------------
********************************************
***  Starting Mac OS X OpenGL Subsystem  ***
********************************************
[RoR|Startup|Rendering] Renderer options as reported by OGRE:
  Colour Depth = 32 (16, 32, )
  Content Scaling Factor = 1 (1.0, 2.0, )
  Debug Layer = Off (Off, On, )
  Display Frequency = N/A (N/A, )
  FSAA =  0 ( 0,  2,  4,  6,  8, )
  Full Screen = No (No, Yes, )
  Reversed Z-Buffer = No (No, Yes, )
  Separate Shader Objects = Yes (No, Yes, )
  VSync = No (No, Yes, )
  VSync Interval = 1 (1, 2, 3, 4, )
  Video Mode = 1280 x 720 (1920 x 1200, 2048 x 1280, 2048 x 1332, 2560 x 1600, 2560 x 1664, )
  sRGB Gamma Conversion = No (No, Yes, )

[RoR|Startup|Rendering] Creating render window with settings:
  FSAA =  0
  border = fixed
  contentScalingFactor = 1
  gamma = No
  vsync = No

[RoR|Startup|Rendering] Creating SDL host at 1280x720 logical points for 1280x720 backing pixels (scale 1.0)
2026-07-28 23:19:23.642 RoR[60554:23307182] ApplePersistenceIgnoreState: Existing state will not be touched. New state will be written to /var/folders/hy/htqwgpvj3mb3hhjs635x4y3m0000gn/T/org.rigsofrods.RoR.savedState
RenderSystem::_createRenderWindow "Rigs of Rods version 2026.07-dev-f87ba8368-dirty", 1280x720 windowed  miscParams: FSAA= 0 border=fixed contentScalingFactor=1 externalWindowHandle=42528851840 gamma=No vsync=No 
Creating a Cocoa Compatible Render System
Mac Cocoa Window: Rendering on an external NSWindow with nested NSView
Cocoa: Window created 1280 x 720 with backing store size 1280 x 720 using content scaling factor 1.0
GL_VERSION = 4.1.0.0
GL_VENDOR = Apple
GL_RENDERER = Apple M5
GL_EXTENSIONS = GL_ARB_blend_func_extended GL_ARB_draw_buffers_blend GL_ARB_draw_indirect GL_ARB_ES2_compatibility GL_ARB_explicit_attrib_location GL_ARB_gpu_shader_fp64 GL_ARB_gpu_shader5 GL_ARB_instanced_arrays GL_ARB_internalformat_query GL_ARB_occlusion_query2 GL_ARB_sample_shading GL_ARB_sampler_objects GL_ARB_separate_shader_objects GL_ARB_shader_bit_encoding GL_ARB_shader_subroutine GL_ARB_shading_language_include GL_ARB_tessellation_shader GL_ARB_texture_buffer_object_rgb32 GL_ARB_texture_cube_map_array GL_ARB_texture_gather GL_ARB_texture_query_lod GL_ARB_texture_rgb10_a2ui GL_ARB_texture_storage GL_ARB_texture_swizzle GL_ARB_timer_query GL_ARB_transform_feedback2 GL_ARB_transform_feedback3 GL_ARB_vertex_attrib_64bit GL_ARB_vertex_type_2_10_10_10_rev GL_ARB_viewport_array GL_EXT_debug_label GL_EXT_debug_marker GL_EXT_framebuffer_multisample_blit_scaled GL_EXT_texture_compression_s3tc GL_EXT_texture_filter_anisotropic GL_EXT_texture_sRGB_decode GL_APPLE_client_storage GL_APPLE_container_object_shareable GL_APPLE_flush_render GL_APPLE_rgb_422 GL_APPLE_row_bytes GL_APPLE_texture_range GL_NV_texture_barrier 
**************************************
***   OpenGL 3+ Renderer Started   ***
**************************************
FBO PF_UNKNOWN depth/stencil support: D0S1 D0S4 D0S8 D0S16 D16S0 D16S1 D16S4 D16S8 D16S16 D24S0 D24S1 D24S4 D24S8 D24S16 D32S0 D32S1 D32S4 D32S8 D32S16 D32S0 D32S1 D32S4 D32S8 D32S16 Packed-D24S8 Packed-D32S8 
FBO PF_L8 depth/stencil support: D0S0 D0S1 D0S4 D0S8 D0S16 D16S0 D16S1 D16S4 D16S8 D16S16 D24S0 D24S1 D24S4 D24S8 D24S16 D32S0 D32S1 D32S4 D32S8 D32S16 D32S0 D32S1 D32S4 D32S8 D32S16 Packed-D24S8 Packed-D32S8 
FBO PF_L16 depth/stencil support: D0S0 D0S1 D0S4 D0S8 D0S16 D16S0 D16S1 D16S4 D16S8 D16S16 D24S0 D24S1 D24S4 D24S8 D24S16 D32S0 D32S1 D32S4 D32S8 D32S16 D32S0 D32S1 D32S4 D32S8 D32S16 Packed-D24S8 Packed-D32S8 
FBO PF_A8 depth/stencil support: D0S0 D0S1 D0S4 D0S8 D0S16 D16S0 D16S1 D16S4 D16S8 D16S16 D24S0 D24S1 D24S4 D24S8 D24S16 D32S0 D32S1 D32S4 D32S8 D32S16 D32S0 D32S1 D32S4 D32S8 D32S16 Packed-D24S8 Packed-D32S8 
FBO PF_BYTE_LA depth/stencil support: D0S0 D0S1 D0S4 D0S8 D0S16 D16S0 D16S1 D16S4 D16S8 D16S16 D24S0 D24S1 D24S4 D24S8 D24S16 D32S0 D32S1 D32S4 D32S8 D32S16 D32S0 D32S1 D32S4 D32S8 D32S16 Packed-D24S8 Packed-D32S8 
FBO PF_R5G6B5 depth/stencil support: D0S0 D0S1 D0S4 D0S8 D0S16 D16S0 D16S1 D16S4 D16S8 D16S16 D24S0 D24S1 D24S4 D24S8 D24S16 D32S0 D32S1 D32S4 D32S8 D32S16 D32S0 D32S1 D32S4 D32S8 D32S16 Packed-D24S8 Packed-D32S8 
FBO PF_A4R4G4B4 depth/stencil support: D0S0 D0S1 D0S4 D0S8 D0S16 D16S0 D16S1 D16S4 D16S8 D16S16 D24S0 D24S1 D24S4 D24S8 D24S16 D32S0 D32S1 D32S4 D32S8 D32S16 D32S0 D32S1 D32S4 D32S8 D32S16 Packed-D24S8 Packed-D32S8 
FBO PF_A1R5G5B5 depth/stencil support: D0S0 D0S1 D0S4 D0S8 D0S16 D16S0 D16S1 D16S4 D16S8 D16S16 D24S0 D24S1 D24S4 D24S8 D24S16 D32S0 D32S1 D32S4 D32S8 D32S16 D32S0 D32S1 D32S4 D32S8 D32S16 Packed-D24S8 Packed-D32S8 
FBO PF_R8G8B8 depth/stencil support: D0S0 D0S1 D0S4 D0S8 D0S16 D16S0 D16S1 D16S4 D16S8 D16S16 D24S0 D24S1 D24S4 D24S8 D24S16 D32S0 D32S1 D32S4 D32S8 D32S16 D32S0 D32S1 D32S4 D32S8 D32S16 Packed-D24S8 Packed-D32S8 
FBO PF_B8G8R8 depth/stencil support: D0S0 D0S1 D0S4 D0S8 D0S16 D16S0 D16S1 D16S4 D16S8 D16S16 D24S0 D24S1 D24S4 D24S8 D24S16 D32S0 D32S1 D32S4 D32S8 D32S16 D32S0 D32S1 D32S4 D32S8 D32S16 Packed-D24S8 Packed-D32S8 
FBO PF_A8R8G8B8 depth/stencil support: D0S0 D0S1 D0S4 D0S8 D0S16 D16S0 D16S1 D16S4 D16S8 D16S16 D24S0 D24S1 D24S4 D24S8 D24S16 D32S0 D32S1 D32S4 D32S8 D32S16 D32S0 D32S1 D32S4 D32S8 D32S16 Packed-D24S8 Packed-D32S8 
FBO PF_A8B8G8R8 depth/stencil support: D0S0 D0S1 D0S4 D0S8 D0S16 D16S0 D16S1 D16S4 D16S8 D16S16 D24S0 D24S1 D24S4 D24S8 D24S16 D32S0 D32S1 D32S4 D32S8 D32S16 D32S0 D32S1 D32S4 D32S8 D32S16 Packed-D24S8 Packed-D32S8 
FBO PF_B8G8R8A8 depth/stencil support: D0S0 D0S1 D0S4 D0S8 D0S16 D16S0 D16S1 D16S4 D16S8 D16S16 D24S0 D24S1 D24S4 D24S8 D24S16 D32S0 D32S1 D32S4 D32S8 D32S16 D32S0 D32S1 D32S4 D32S8 D32S16 Packed-D24S8 Packed-D32S8 
FBO PF_A2R10G10B10 depth/stencil support: D0S0 D0S1 D0S4 D0S8 D0S16 D16S0 D16S1 D16S4 D16S8 D16S16 D24S0 D24S1 D24S4 D24S8 D24S16 D32S0 D32S1 D32S4 D32S8 D32S16 D32S0 D32S1 D32S4 D32S8 D32S16 Packed-D24S8 Packed-D32S8 
FBO PF_A2B10G10R10 depth/stencil support: D0S0 D0S1 D0S4 D0S8 D0S16 D16S0 D16S1 D16S4 D16S8 D16S16 D24S0 D24S1 D24S4 D24S8 D24S16 D32S0 D32S1 D32S4 D32S8 D32S16 D32S0 D32S1 D32S4 D32S8 D32S16 Packed-D24S8 Packed-D32S8 
FBO PF_FLOAT16_RGB depth/stencil support: D0S0 D0S1 D0S4 D0S8 D0S16 D16S0 D16S1 D16S4 D16S8 D16S16 D24S0 D24S1 D24S4 D24S8 D24S16 D32S0 D32S1 D32S4 D32S8 D32S16 D32S0 D32S1 D32S4 D32S8 D32S16 Packed-D24S8 Packed-D32S8 
FBO PF_FLOAT16_RGBA depth/stencil support: D0S0 D0S1 D0S4 D0S8 D0S16 D16S0 D16S1 D16S4 D16S8 D16S16 D24S0 D24S1 D24S4 D24S8 D24S16 D32S0 D32S1 D32S4 D32S8 D32S16 D32S0 D32S1 D32S4 D32S8 D32S16 Packed-D24S8 Packed-D32S8 
FBO PF_FLOAT32_RGB depth/stencil support: D0S0 D0S1 D0S4 D0S8 D0S16 D16S0 D16S1 D16S4 D16S8 D16S16 D24S0 D24S1 D24S4 D24S8 D24S16 D32S0 D32S1 D32S4 D32S8 D32S16 D32S0 D32S1 D32S4 D32S8 D32S16 Packed-D24S8 Packed-D32S8 
FBO PF_FLOAT32_RGBA depth/stencil support: D0S0 D0S1 D0S4 D0S8 D0S16 D16S0 D16S1 D16S4 D16S8 D16S16 D24S0 D24S1 D24S4 D24S8 D24S16 D32S0 D32S1 D32S4 D32S8 D32S16 D32S0 D32S1 D32S4 D32S8 D32S16 Packed-D24S8 Packed-D32S8 
FBO PF_X8R8G8B8 depth/stencil support: D0S0 D0S1 D0S4 D0S8 D0S16 D16S0 D16S1 D16S4 D16S8 D16S16 D24S0 D24S1 D24S4 D24S8 D24S16 D32S0 D32S1 D32S4 D32S8 D32S16 D32S0 D32S1 D32S4 D32S8 D32S16 Packed-D24S8 Packed-D32S8 
FBO PF_X8B8G8R8 depth/stencil support: D0S0 D0S1 D0S4 D0S8 D0S16 D16S0 D16S1 D16S4 D16S8 D16S16 D24S0 D24S1 D24S4 D24S8 D24S16 D32S0 D32S1 D32S4 D32S8 D32S16 D32S0 D32S1 D32S4 D32S8 D32S16 Packed-D24S8 Packed-D32S8 
FBO PF_R8G8B8A8 depth/stencil support: D0S0 D0S1 D0S4 D0S8 D0S16 D16S0 D16S1 D16S4 D16S8 D16S16 D24S0 D24S1 D24S4 D24S8 D24S16 D32S0 D32S1 D32S4 D32S8 D32S16 D32S0 D32S1 D32S4 D32S8 D32S16 Packed-D24S8 Packed-D32S8 
FBO PF_DEPTH16 depth/stencil support: D0S0 D0S1 D0S4 D0S8 D0S16 D16S0 D16S1 D16S4 D16S8 D16S16 D24S0 D24S1 D24S4 D24S8 D24S16 D32S0 D32S1 D32S4 D32S8 D32S16 D32S0 D32S1 D32S4 D32S8 D32S16 Packed-D24S8 Packed-D32S8 
FBO PF_SHORT_RGBA depth/stencil support: D0S0 D0S1 D0S4 D0S8 D0S16 D16S0 D16S1 D16S4 D16S8 D16S16 D24S0 D24S1 D24S4 D24S8 D24S16 D32S0 D32S1 D32S4 D32S8 D32S16 D32S0 D32S1 D32S4 D32S8 D32S16 Packed-D24S8 Packed-D32S8 
FBO PF_R3G3B2 depth/stencil support: D0S0 D0S1 D0S4 D0S8 D0S16 D16S0 D16S1 D16S4 D16S8 D16S16 D24S0 D24S1 D24S4 D24S8 D24S16 D32S0 D32S1 D32S4 D32S8 D32S16 D32S0 D32S1 D32S4 D32S8 D32S16 Packed-D24S8 Packed-D32S8 
FBO PF_FLOAT16_R depth/stencil support: D0S0 D0S1 D0S4 D0S8 D0S16 D16S0 D16S1 D16S4 D16S8 D16S16 D24S0 D24S1 D24S4 D24S8 D24S16 D32S0 D32S1 D32S4 D32S8 D32S16 D32S0 D32S1 D32S4 D32S8 D32S16 Packed-D24S8 Packed-D32S8 
FBO PF_FLOAT32_R depth/stencil support: D0S0 D0S1 D0S4 D0S8 D0S16 D16S0 D16S1 D16S4 D16S8 D16S16 D24S0 D24S1 D24S4 D24S8 D24S16 D32S0 D32S1 D32S4 D32S8 D32S16 D32S0 D32S1 D32S4 D32S8 D32S16 Packed-D24S8 Packed-D32S8 
FBO PF_SHORT_GR depth/stencil support: D0S0 D0S1 D0S4 D0S8 D0S16 D16S0 D16S1 D16S4 D16S8 D16S16 D24S0 D24S1 D24S4 D24S8 D24S16 D32S0 D32S1 D32S4 D32S8 D32S16 D32S0 D32S1 D32S4 D32S8 D32S16 Packed-D24S8 Packed-D32S8 
FBO PF_FLOAT16_GR depth/stencil support: D0S0 D0S1 D0S4 D0S8 D0S16 D16S0 D16S1 D16S4 D16S8 D16S16 D24S0 D24S1 D24S4 D24S8 D24S16 D32S0 D32S1 D32S4 D32S8 D32S16 D32S0 D32S1 D32S4 D32S8 D32S16 Packed-D24S8 Packed-D32S8 
FBO PF_FLOAT32_GR depth/stencil support: D0S0 D0S1 D0S4 D0S8 D0S16 D16S0 D16S1 D16S4 D16S8 D16S16 D24S0 D24S1 D24S4 D24S8 D24S16 D32S0 D32S1 D32S4 D32S8 D32S16 D32S0 D32S1 D32S4 D32S8 D32S16 Packed-D24S8 Packed-D32S8 
FBO PF_SHORT_RGB depth/stencil support: D0S0 D0S1 D0S4 D0S8 D0S16 D16S0 D16S1 D16S4 D16S8 D16S16 D24S0 D24S1 D24S4 D24S8 D24S16 D32S0 D32S1 D32S4 D32S8 D32S16 D32S0 D32S1 D32S4 D32S8 D32S16 Packed-D24S8 Packed-D32S8 
FBO PF_R11G11B10_FLOAT depth/stencil support: D0S0 D0S1 D0S4 D0S8 D0S16 D16S0 D16S1 D16S4 D16S8 D16S16 D24S0 D24S1 D24S4 D24S8 D24S16 D32S0 D32S1 D32S4 D32S8 D32S16 D32S0 D32S1 D32S4 D32S8 D32S16 Packed-D24S8 Packed-D32S8 
FBO PF_R8_UINT depth/stencil support: D0S0 D0S1 D0S4 D0S8 D0S16 D16S0 D16S1 D16S4 D16S8 D16S16 D24S0 D24S1 D24S4 D24S8 D24S16 D32S0 D32S1 D32S4 D32S8 D32S16 D32S0 D32S1 D32S4 D32S8 D32S16 Packed-D24S8 Packed-D32S8 
FBO PF_R8G8_UINT depth/stencil support: D0S0 D0S1 D0S4 D0S8 D0S16 D16S0 D16S1 D16S4 D16S8 D16S16 D24S0 D24S1 D24S4 D24S8 D24S16 D32S0 D32S1 D32S4 D32S8 D32S16 D32S0 D32S1 D32S4 D32S8 D32S16 Packed-D24S8 Packed-D32S8 
FBO PF_R8G8B8_UINT depth/stencil support: D0S0 D0S1 D0S4 D0S8 D0S16 D16S0 D16S1 D16S4 D16S8 D16S16 D24S0 D24S1 D24S4 D24S8 D24S16 D32S0 D32S1 D32S4 D32S8 D32S16 D32S0 D32S1 D32S4 D32S8 D32S16 Packed-D24S8 Packed-D32S8 
FBO PF_R8G8B8A8_UINT depth/stencil support: D0S0 D0S1 D0S4 D0S8 D0S16 D16S0 D16S1 D16S4 D16S8 D16S16 D24S0 D24S1 D24S4 D24S8 D24S16 D32S0 D32S1 D32S4 D32S8 D32S16 D32S0 D32S1 D32S4 D32S8 D32S16 Packed-D24S8 Packed-D32S8 
FBO PF_R16_UINT depth/stencil support: D0S0 D0S1 D0S4 D0S8 D0S16 D16S0 D16S1 D16S4 D16S8 D16S16 D24S0 D24S1 D24S4 D24S8 D24S16 D32S0 D32S1 D32S4 D32S8 D32S16 D32S0 D32S1 D32S4 D32S8 D32S16 Packed-D24S8 Packed-D32S8 
FBO PF_R16G16_UINT depth/stencil support: D0S0 D0S1 D0S4 D0S8 D0S16 D16S0 D16S1 D16S4 D16S8 D16S16 D24S0 D24S1 D24S4 D24S8 D24S16 D32S0 D32S1 D32S4 D32S8 D32S16 D32S0 D32S1 D32S4 D32S8 D32S16 Packed-D24S8 Packed-D32S8 
FBO PF_R16G16B16_UINT depth/stencil support: D0S0 D0S1 D0S4 D0S8 D0S16 D16S0 D16S1 D16S4 D16S8 D16S16 D24S0 D24S1 D24S4 D24S8 D24S16 D32S0 D32S1 D32S4 D32S8 D32S16 D32S0 D32S1 D32S4 D32S8 D32S16 Packed-D24S8 Packed-D32S8 
FBO PF_R16G16B16A16_UINT depth/stencil support: D0S0 D0S1 D0S4 D0S8 D0S16 D16S0 D16S1 D16S4 D16S8 D16S16 D24S0 D24S1 D24S4 D24S8 D24S16 D32S0 D32S1 D32S4 D32S8 D32S16 D32S0 D32S1 D32S4 D32S8 D32S16 Packed-D24S8 Packed-D32S8 
FBO PF_R32_UINT depth/stencil support: D0S0 D0S1 D0S4 D0S8 D0S16 D16S0 D16S1 D16S4 D16S8 D16S16 D24S0 D24S1 D24S4 D24S8 D24S16 D32S0 D32S1 D32S4 D32S8 D32S16 D32S0 D32S1 D32S4 D32S8 D32S16 Packed-D24S8 Packed-D32S8 
FBO PF_R32G32_UINT depth/stencil support: D0S0 D0S1 D0S4 D0S8 D0S16 D16S0 D16S1 D16S4 D16S8 D16S16 D24S0 D24S1 D24S4 D24S8 D24S16 D32S0 D32S1 D32S4 D32S8 D32S16 D32S0 D32S1 D32S4 D32S8 D32S16 Packed-D24S8 Packed-D32S8 
FBO PF_R32G32B32_UINT depth/stencil support: D0S0 D0S1 D0S4 D0S8 D0S16 D16S0 D16S1 D16S4 D16S8 D16S16 D24S0 D24S1 D24S4 D24S8 D24S16 D32S0 D32S1 D32S4 D32S8 D32S16 D32S0 D32S1 D32S4 D32S8 D32S16 Packed-D24S8 Packed-D32S8 
FBO PF_R32G32B32A32_UINT depth/stencil support: D0S0 D0S1 D0S4 D0S8 D0S16 D16S0 D16S1 D16S4 D16S8 D16S16 D24S0 D24S1 D24S4 D24S8 D24S16 D32S0 D32S1 D32S4 D32S8 D32S16 D32S0 D32S1 D32S4 D32S8 D32S16 Packed-D24S8 Packed-D32S8 
FBO PF_R8_SINT depth/stencil support: D0S0 D0S1 D0S4 D0S8 D0S16 D16S0 D16S1 D16S4 D16S8 D16S16 D24S0 D24S1 D24S4 D24S8 D24S16 D32S0 D32S1 D32S4 D32S8 D32S16 D32S0 D32S1 D32S4 D32S8 D32S16 Packed-D24S8 Packed-D32S8 
FBO PF_R8G8_SINT depth/stencil support: D0S0 D0S1 D0S4 D0S8 D0S16 D16S0 D16S1 D16S4 D16S8 D16S16 D24S0 D24S1 D24S4 D24S8 D24S16 D32S0 D32S1 D32S4 D32S8 D32S16 D32S0 D32S1 D32S4 D32S8 D32S16 Packed-D24S8 Packed-D32S8 
FBO PF_R8G8B8_SINT depth/stencil support: D0S0 D0S1 D0S4 D0S8 D0S16 D16S0 D16S1 D16S4 D16S8 D16S16 D24S0 D24S1 D24S4 D24S8 D24S16 D32S0 D32S1 D32S4 D32S8 D32S16 D32S0 D32S1 D32S4 D32S8 D32S16 Packed-D24S8 Packed-D32S8 
FBO PF_R8G8B8A8_SINT depth/stencil support: D0S0 D0S1 D0S4 D0S8 D0S16 D16S0 D16S1 D16S4 D16S8 D16S16 D24S0 D24S1 D24S4 D24S8 D24S16 D32S0 D32S1 D32S4 D32S8 D32S16 D32S0 D32S1 D32S4 D32S8 D32S16 Packed-D24S8 Packed-D32S8 
FBO PF_R16_SINT depth/stencil support: D0S0 D0S1 D0S4 D0S8 D0S16 D16S0 D16S1 D16S4 D16S8 D16S16 D24S0 D24S1 D24S4 D24S8 D24S16 D32S0 D32S1 D32S4 D32S8 D32S16 D32S0 D32S1 D32S4 D32S8 D32S16 Packed-D24S8 Packed-D32S8 
FBO PF_R16G16_SINT depth/stencil support: D0S0 D0S1 D0S4 D0S8 D0S16 D16S0 D16S1 D16S4 D16S8 D16S16 D24S0 D24S1 D24S4 D24S8 D24S16 D32S0 D32S1 D32S4 D32S8 D32S16 D32S0 D32S1 D32S4 D32S8 D32S16 Packed-D24S8 Packed-D32S8 
FBO PF_R16G16B16_SINT depth/stencil support: D0S0 D0S1 D0S4 D0S8 D0S16 D16S0 D16S1 D16S4 D16S8 D16S16 D24S0 D24S1 D24S4 D24S8 D24S16 D32S0 D32S1 D32S4 D32S8 D32S16 D32S0 D32S1 D32S4 D32S8 D32S16 Packed-D24S8 Packed-D32S8 
FBO PF_R16G16B16A16_SINT depth/stencil support: D0S0 D0S1 D0S4 D0S8 D0S16 D16S0 D16S1 D16S4 D16S8 D16S16 D24S0 D24S1 D24S4 D24S8 D24S16 D32S0 D32S1 D32S4 D32S8 D32S16 D32S0 D32S1 D32S4 D32S8 D32S16 Packed-D24S8 Packed-D32S8 
FBO PF_R32_SINT depth/stencil support: D0S0 D0S1 D0S4 D0S8 D0S16 D16S0 D16S1 D16S4 D16S8 D16S16 D24S0 D24S1 D24S4 D24S8 D24S16 D32S0 D32S1 D32S4 D32S8 D32S16 D32S0 D32S1 D32S4 D32S8 D32S16 Packed-D24S8 Packed-D32S8 
FBO PF_R32G32_SINT depth/stencil support: D0S0 D0S1 D0S4 D0S8 D0S16 D16S0 D16S1 D16S4 D16S8 D16S16 D24S0 D24S1 D24S4 D24S8 D24S16 D32S0 D32S1 D32S4 D32S8 D32S16 D32S0 D32S1 D32S4 D32S8 D32S16 Packed-D24S8 Packed-D32S8 
FBO PF_R32G32B32_SINT depth/stencil support: D0S0 D0S1 D0S4 D0S8 D0S16 D16S0 D16S1 D16S4 D16S8 D16S16 D24S0 D24S1 D24S4 D24S8 D24S16 D32S0 D32S1 D32S4 D32S8 D32S16 D32S0 D32S1 D32S4 D32S8 D32S16 Packed-D24S8 Packed-D32S8 
FBO PF_R32G32B32A32_SINT depth/stencil support: D0S0 D0S1 D0S4 D0S8 D0S16 D16S0 D16S1 D16S4 D16S8 D16S16 D24S0 D24S1 D24S4 D24S8 D24S16 D32S0 D32S1 D32S4 D32S8 D32S16 D32S0 D32S1 D32S4 D32S8 D32S16 Packed-D24S8 Packed-D32S8 
FBO PF_R8 depth/stencil support: D0S0 D0S1 D0S4 D0S8 D0S16 D16S0 D16S1 D16S4 D16S8 D16S16 D24S0 D24S1 D24S4 D24S8 D24S16 D32S0 D32S1 D32S4 D32S8 D32S16 D32S0 D32S1 D32S4 D32S8 D32S16 Packed-D24S8 Packed-D32S8 
FBO PF_R8G8 depth/stencil support: D0S0 D0S1 D0S4 D0S8 D0S16 D16S0 D16S1 D16S4 D16S8 D16S16 D24S0 D24S1 D24S4 D24S8 D24S16 D32S0 D32S1 D32S4 D32S8 D32S16 D32S0 D32S1 D32S4 D32S8 D32S16 Packed-D24S8 Packed-D32S8 
FBO PF_R8_SNORM depth/stencil support: D0S0 D0S1 D0S4 D0S8 D0S16 D16S0 D16S1 D16S4 D16S8 D16S16 D24S0 D24S1 D24S4 D24S8 D24S16 D32S0 D32S1 D32S4 D32S8 D32S16 D32S0 D32S1 D32S4 D32S8 D32S16 Packed-D24S8 Packed-D32S8 
FBO PF_R8G8_SNORM depth/stencil support: D0S0 D0S1 D0S4 D0S8 D0S16 D16S0 D16S1 D16S4 D16S8 D16S16 D24S0 D24S1 D24S4 D24S8 D24S16 D32S0 D32S1 D32S4 D32S8 D32S16 D32S0 D32S1 D32S4 D32S8 D32S16 Packed-D24S8 Packed-D32S8 
FBO PF_R8G8B8_SNORM depth/stencil support: D0S0 D0S1 D0S4 D0S8 D0S16 D16S0 D16S1 D16S4 D16S8 D16S16 D24S0 D24S1 D24S4 D24S8 D24S16 D32S0 D32S1 D32S4 D32S8 D32S16 D32S0 D32S1 D32S4 D32S8 D32S16 Packed-D24S8 Packed-D32S8 
FBO PF_R8G8B8A8_SNORM depth/stencil support: D0S0 D0S1 D0S4 D0S8 D0S16 D16S0 D16S1 D16S4 D16S8 D16S16 D24S0 D24S1 D24S4 D24S8 D24S16 D32S0 D32S1 D32S4 D32S8 D32S16 D32S0 D32S1 D32S4 D32S8 D32S16 Packed-D24S8 Packed-D32S8 
FBO PF_R16_SNORM depth/stencil support: D0S0 D0S1 D0S4 D0S8 D0S16 D16S0 D16S1 D16S4 D16S8 D16S16 D24S0 D24S1 D24S4 D24S8 D24S16 D32S0 D32S1 D32S4 D32S8 D32S16 D32S0 D32S1 D32S4 D32S8 D32S16 Packed-D24S8 Packed-D32S8 
FBO PF_R16G16_SNORM depth/stencil support: D0S0 D0S1 D0S4 D0S8 D0S16 D16S0 D16S1 D16S4 D16S8 D16S16 D24S0 D24S1 D24S4 D24S8 D24S16 D32S0 D32S1 D32S4 D32S8 D32S16 D32S0 D32S1 D32S4 D32S8 D32S16 Packed-D24S8 Packed-D32S8 
FBO PF_R16G16B16_SNORM depth/stencil support: D0S0 D0S1 D0S4 D0S8 D0S16 D16S0 D16S1 D16S4 D16S8 D16S16 D24S0 D24S1 D24S4 D24S8 D24S16 D32S0 D32S1 D32S4 D32S8 D32S16 D32S0 D32S1 D32S4 D32S8 D32S16 Packed-D24S8 Packed-D32S8 
FBO PF_R16G16B16A16_SNORM depth/stencil support: D0S0 D0S1 D0S4 D0S8 D0S16 D16S0 D16S1 D16S4 D16S8 D16S16 D24S0 D24S1 D24S4 D24S8 D24S16 D32S0 D32S1 D32S4 D32S8 D32S16 D32S0 D32S1 D32S4 D32S8 D32S16 Packed-D24S8 Packed-D32S8 
FBO PF_DEPTH32 depth/stencil support: D0S0 D0S1 D0S4 D0S8 D0S16 D16S0 D16S1 D16S4 D16S8 D16S16 D24S0 D24S1 D24S4 D24S8 D24S16 D32S0 D32S1 D32S4 D32S8 D32S16 D32S0 D32S1 D32S4 D32S8 D32S16 Packed-D24S8 Packed-D32S8 
FBO PF_DEPTH32F depth/stencil support: D0S0 D0S1 D0S4 D0S8 D0S16 D16S0 D16S1 D16S4 D16S8 D16S16 D24S0 D24S1 D24S4 D24S8 D24S16 D32S0 D32S1 D32S4 D32S8 D32S16 D32S0 D32S1 D32S4 D32S8 D32S16 Packed-D24S8 Packed-D32S8 
FBO PF_DEPTH24_STENCIL8 depth/stencil support: D0S0 D0S1 D0S4 D0S8 D0S16 D16S0 D16S1 D16S4 D16S8 D16S16 D24S0 D24S1 D24S4 D24S8 D24S16 D32S0 D32S1 D32S4 D32S8 D32S16 D32S0 D32S1 D32S4 D32S8 D32S16 Packed-D24S8 Packed-D32S8 
[GL] : Valid FBO targets PF_UNKNOWN PF_L8 PF_L16 PF_A8 PF_BYTE_LA PF_R5G6B5 PF_A4R4G4B4 PF_A1R5G5B5 PF_R8G8B8 PF_B8G8R8 PF_A8R8G8B8 PF_A8B8G8R8 PF_B8G8R8A8 PF_A2R10G10B10 PF_A2B10G10R10 PF_FLOAT16_RGB PF_FLOAT16_RGBA PF_FLOAT32_RGB PF_FLOAT32_RGBA PF_X8R8G8B8 PF_X8B8G8R8 PF_R8G8B8A8 PF_DEPTH16 PF_SHORT_RGBA PF_R3G3B2 PF_FLOAT16_R PF_FLOAT32_R PF_SHORT_GR PF_FLOAT16_GR PF_FLOAT32_GR PF_SHORT_RGB PF_R11G11B10_FLOAT PF_R8_UINT PF_R8G8_UINT PF_R8G8B8_UINT PF_R8G8B8A8_UINT PF_R16_UINT PF_R16G16_UINT PF_R16G16B16_UINT PF_R16G16B16A16_UINT PF_R32_UINT PF_R32G32_UINT PF_R32G32B32_UINT PF_R32G32B32A32_UINT PF_R8_SINT PF_R8G8_SINT PF_R8G8B8_SINT PF_R8G8B8A8_SINT PF_R16_SINT PF_R16G16_SINT PF_R16G16B16_SINT PF_R16G16B16A16_SINT PF_R32_SINT PF_R32G32_SINT PF_R32G32B32_SINT PF_R32G32B32A32_SINT PF_R8 PF_R8G8 PF_R8_SNORM PF_R8G8_SNORM PF_R8G8B8_SNORM PF_R8G8B8A8_SNORM PF_R16_SNORM PF_R16G16_SNORM PF_R16G16B16_SNORM PF_R16G16B16A16_SNORM PF_DEPTH32 PF_DEPTH32F PF_DEPTH24_STENCIL8 
Registering ResourceManager for type Texture
RenderSystem capabilities
-------------------------
RenderSystem Name: OpenGL 3+ Rendering Subsystem
GPU Vendor: apple
Device Name: Apple M5
Driver Version: 4.1.0.0
 * Fixed function pipeline: no
 * 32-bit index buffers: yes
 * Hardware stencil buffer: yes
   - Two sided stencil support: yes
   - Wrap stencil values: yes
 * Gpu programs: yes
   - Vertex constant 4-vectors: 1024
   - Fragment constant 4-vectors: 1024
 * Geometry programs: yes
   - Number of constant 4-vectors: 1024
 * Tessellation programs: yes
   - Hull program constant 4-vectors: 1024
   - Domain program constant 4-vectors: 1024
 * Mesh programs: no
 * Compute programs: no
 * VP/RT index from any shader: no
 * Supported Shader Profiles: glsl glsl150 glsl330 glsl400 glsl410
 * Read-back compiled shader: no
 * Number of vertex attributes: 16
 * Textures
   - Number of texture units: 16
   - Number of vertex textures: 16
   - Floating point: yes
   - Non-power-of-two: yes
   - 1D textures: yes
   - 2D array textures: yes
   - 3D textures: yes
   - Anisotropic filtering: yes
 * Texture Compression: yes
   - DXT: yes
   - VTC: no
   - PVRTC: no
   - ATC: no
   - ETC1: no
   - ETC2: no
   - BC4/BC5: yes
   - BC6H/BC7: no
   - ASTC: no
   - Automatic mipmap generation: yes
 * Vertex Buffers
   - Render to Vertex Buffer: yes
   - Instance Data: yes
   - Primitive Restart: no
   - INT_10_10_10_2_NORM element type: yes
   - 16x3 element types: yes
 * Read/Write Buffers: no
 * Hardware Occlusion Query: yes
 * User clip planes: yes
 * Depth clamping: yes
 * Hardware render-to-texture: yes
   - Multiple Render Targets: 8
 * Point Sprites: yes
   - Max Size: 64
 * Wide Lines: no
 * Hardware Gamma: yes
 * PBuffer support: no
 * Vertex Array Objects: yes
 * Separate shader objects: no
   - redeclare GLSL interface block: no
 * Debugging/ profiling events: no
 * Map buffer storage: yes
DefaultWorkQueue('Root') initialising on thread 0x1f22718c0.
DefaultWorkQueue('Root')::WorkerFunc - thread 0x16df37000 starting.
DefaultWorkQueue('Root')::WorkerFunc - thread 0x16dfc3000 starting.
Particle Renderer Type 'billboard' registered
SceneManagerFactory for type 'OctreeSceneManager' registered.
[RoR|DisplayMetrics] backend=macos logical=1280x720 backing=1280x720 scale=1.000x1.000 viewport=1280x720 valid=1
Added resource location '/Users/beshoyhanna/Development/rigs-of-rods/build-macos-ogre14-roadmap/bin/RoR.app/Contents/MacOS/resources/ogre14/Main' of type 'FileSystem' to resource group 'OgreInternal'
Added resource location '/Users/beshoyhanna/Development/rigs-of-rods/build-macos-ogre14-roadmap/bin/RoR.app/Contents/MacOS/resources/ogre14/RTShaderLib' of type 'FileSystem' to resource group 'OgreInternal'
Added resource location '/Users/beshoyhanna/Development/rigs-of-rods/build-macos-ogre14-roadmap/bin/RoR.app/Contents/MacOS/resources/ogre14/Terrain' of type 'FileSystem' to resource group 'OgreInternal'
[RoR|Startup|Rendering] OGRE RTShader System initialized; cache='/Users/beshoyhanna/Development/rigs-of-rods/build-macos-ogre14-roadmap/cw2-shadow-paired-f87ba8368-run1/no-shadows/work/scene-home/Library/Caches/Rigs of Rods/rtshader'
Creating resource group SrcRG
Warning: Skipping 'empty' because it already exists in resource group 'SrcRG'
Warning: Skipping 'empty' because it already exists in resource group 'SrcRG'
Warning: Skipping 'empty' because it already exists in resource group 'SrcRG'
Warning: Skipping 'empty' because it already exists in resource group 'SrcRG'
Warning: Skipping 'empty' because it already exists in resource group 'SrcRG'
Warning: Skipping 'empty' because it already exists in resource group 'SrcRG'
Added resource location '/Users/beshoyhanna/Development/rigs-of-rods/build-macos-ogre14-roadmap/bin/RoR.app/Contents/MacOS/resources/skeleton.zip' of type 'Zip' to resource group 'SrcRG'
Creating resource group DstRG
Added resource location '/Users/beshoyhanna/Development/rigs-of-rods/build-macos-ogre14-roadmap/cw2-shadow-paired-f87ba8368-run1/no-shadows/work/scene-home/Library/Application Support/Rigs of Rods/' of type 'FileSystem' to resource group 'DstRG'
Destroying resource group SrcRG
Unloading resource group SrcRG
Finished unloading resource group SrcRG
Destroying resource group DstRG
Unloading resource group DstRG
Finished unloading resource group DstRG
OverlayElementFactory for type Panel registered.
OverlayElementFactory for type BorderPanel registered.
OverlayElementFactory for type TextArea registered.
Registering ResourceManager for type Font
Texture 'Warning': Loading 1 faces(PF_R5G6B5,8x8x1) with 3 hardware generated mipmaps from Image. Internal format is PF_R5G6B5,8x8x1.
[RoR|ContentManager] Loading resource pack "flags" to group "FlagsRG" (ZIP archive)
Creating resource group FlagsRG
Added resource location '/Users/beshoyhanna/Development/rigs-of-rods/build-macos-ogre14-roadmap/bin/RoR.app/Contents/MacOS/resources/flags.zip' of type 'Zip' to resource group 'FlagsRG'
Initialising resource group FlagsRG
Parsing scripts for resource group FlagsRG
Finished parsing scripts for resource group FlagsRG
Creating resources for group FlagsRG
All done
[RoR|ContentManager] Loading resource pack "fonts" to group "FontsRG" (ZIP archive)
Creating resource group FontsRG
Added resource location '/Users/beshoyhanna/Development/rigs-of-rods/build-macos-ogre14-roadmap/bin/RoR.app/Contents/MacOS/resources/fonts.zip' of type 'Zip' to resource group 'FontsRG'
Initialising resource group FontsRG
Parsing scripts for resource group FontsRG
Parsing script Roboto-Medium.fontdef
Parsing script SdkTraysRedirect.fontdef
Finished parsing scripts for resource group FontsRG
Creating resources for group FontsRG
All done
[RoR|ContentManager] Loading resource pack "icons" to group "IconsRG" (ZIP archive)
Creating resource group IconsRG
Added resource location '/Users/beshoyhanna/Development/rigs-of-rods/build-macos-ogre14-roadmap/bin/RoR.app/Contents/MacOS/resources/icons.zip' of type 'Zip' to resource group 'IconsRG'
Initialising resource group IconsRG
Parsing scripts for resource group IconsRG
Finished parsing scripts for resource group IconsRG
Creating resources for group IconsRG
All done
[RoR|ContentManager] Loading resource pack "OgreCore" to group "OgreCoreRG" (ZIP archive)
Creating resource group OgreCoreRG
Added resource location '/Users/beshoyhanna/Development/rigs-of-rods/build-macos-ogre14-roadmap/bin/RoR.app/Contents/MacOS/resources/OgreCore.zip' of type 'Zip' to resource group 'OgreCoreRG'
Initialising resource group OgreCoreRG
Parsing scripts for resource group OgreCoreRG
Parsing script StdQuad_vp.program
Parsing script OgreCore.material
Parsing script OgreProfiler.material
Parsing script Vera.fontdef
Error: ScriptCompiler - unexpected token in Vera.fontdef(1): 'VeraMono'. If this is a legacy script you must prepend the type (e.g. font, overlay).
Error: ScriptCompiler - unexpected token in Vera.fontdef(10): 'VeraMonoBold'. If this is a legacy script you must prepend the type (e.g. font, overlay).
Parsing script cent.fontdef
Error: ScriptCompiler - unexpected token in cent.fontdef(1): 'cent'. If this is a legacy script you must prepend the type (e.g. font, overlay).
Error: ScriptCompiler - unexpected token in cent.fontdef(202): 'glyph'. If this is a legacy script you must prepend the type (e.g. font, overlay).
Error: ScriptCompiler - invalid parameters in cent.fontdef(204): missing property value
Error: ScriptCompiler - invalid parameters in cent.fontdef(137)
Error: ScriptCompiler - invalid parameters in cent.fontdef(204): 0.835938
Parsing script cyberbit.fontdef
Error: ScriptCompiler - unexpected token in cyberbit.fontdef(1): 'CyberbitEnglish'. If this is a legacy script you must prepend the type (e.g. font, overlay).
Parsing script highcontrast.fontdef
Error: ScriptCompiler - unexpected token in highcontrast.fontdef(1): 'highcontrast_black'. If this is a legacy script you must prepend the type (e.g. font, overlay).
Error: ScriptCompiler - unexpected token in highcontrast.fontdef(202): 'glyph'. If this is a legacy script you must prepend the type (e.g. font, overlay).
Error: ScriptCompiler - invalid parameters in highcontrast.fontdef(204): missing property value
Error: ScriptCompiler - unexpected token in highcontrast.fontdef(209): 'highcontrast_green'. If this is a legacy script you must prepend the type (e.g. font, overlay).
Error: ScriptCompiler - unexpected token in highcontrast.fontdef(410): 'glyph'. If this is a legacy script you must prepend the type (e.g. font, overlay).
Error: ScriptCompiler - invalid parameters in highcontrast.fontdef(412): missing property value
Error: ScriptCompiler - invalid parameters in highcontrast.fontdef(137)
Error: ScriptCompiler - invalid parameters in highcontrast.fontdef(204): 0.832031
Error: ScriptCompiler - invalid parameters in highcontrast.fontdef(345)
Error: ScriptCompiler - invalid parameters in highcontrast.fontdef(412): 0.832031
Finished parsing scripts for resource group OgreCoreRG
Creating resources for group OgreCoreRG
All done
[RoR|ContentManager] Loading resource pack "wallpapers" to group "Wallpapers" (ZIP archive)
Creating resource group Wallpapers
Added resource location '/Users/beshoyhanna/Development/rigs-of-rods/build-macos-ogre14-roadmap/bin/RoR.app/Contents/MacOS/resources/wallpapers.zip' of type 'Zip' to resource group 'Wallpapers'
Initialising resource group Wallpapers
Parsing scripts for resource group Wallpapers
Finished parsing scripts for resource group Wallpapers
Creating resources for group Wallpapers
All done
[RoR|ContentManager] Loading resource pack "scripts" to group "ScriptsRG" (ZIP archive)
Creating resource group ScriptsRG
Added resource location '/Users/beshoyhanna/Development/rigs-of-rods/build-macos-ogre14-roadmap/bin/RoR.app/Contents/MacOS/resources/scripts.zip' of type 'Zip' to resource group 'ScriptsRG'
Initialising resource group ScriptsRG
Parsing scripts for resource group ScriptsRG
Finished parsing scripts for resource group ScriptsRG
Creating resources for group ScriptsRG
All done
Creating resource group LngRG
Added resource location '/Users/beshoyhanna/Development/rigs-of-rods/build-macos-ogre14-roadmap/bin/RoR.app/Contents/MacOS/languages' of type 'FileSystem' to resource group 'LngRG'
Destroying resource group LngRG
Unloading resource group LngRG
Finished unloading resource group LngRG
[RoR|App] Error loading language file: '/Users/beshoyhanna/Development/rigs-of-rods/build-macos-ogre14-roadmap/bin/RoR.app/Contents/MacOS/languages/en/ror.mo'
Creating resource group Config
Added resource location '/Users/beshoyhanna/Development/rigs-of-rods/build-macos-ogre14-roadmap/cw2-shadow-paired-f87ba8368-run1/no-shadows/work/scene-home/Library/Application Support/Rigs of Rods/config' of type 'FileSystem' to resource group 'Config'
Creating resource group Savegames
Added resource location '/Users/beshoyhanna/Development/rigs-of-rods/build-macos-ogre14-roadmap/cw2-shadow-paired-f87ba8368-run1/no-shadows/work/scene-home/Library/Application Support/Rigs of Rods/savegames' of type 'FileSystem' to resource group 'Savegames'
Creating resource group Scripts
Added resource location '/Users/beshoyhanna/Development/rigs-of-rods/build-macos-ogre14-roadmap/cw2-shadow-paired-f87ba8368-run1/no-shadows/work/scene-home/Library/Application Support/Rigs of Rods/scripts' of type 'FileSystem' to resource group 'Scripts'
Creating resource group Logs
Added resource location '/Users/beshoyhanna/Development/rigs-of-rods/build-macos-ogre14-roadmap/cw2-shadow-paired-f87ba8368-run1/no-shadows/work/scene-home/Library/Logs/Rigs of Rods' of type 'FileSystem' to resource group 'Logs'
Creating resource group ManagedMaterials
Added resource location '/Users/beshoyhanna/Development/rigs-of-rods/build-macos-ogre14-roadmap/bin/RoR.app/Contents/MacOS/resources/managed_materials/shadows/pssm/off' of type 'FileSystem' to resource group 'ManagedMaterials'
Added resource location '/Users/beshoyhanna/Development/rigs-of-rods/build-macos-ogre14-roadmap/bin/RoR.app/Contents/MacOS/resources/managed_materials/texture' of type 'FileSystem' to resource group 'ManagedMaterials'
Added resource location '/Users/beshoyhanna/Development/rigs-of-rods/build-macos-ogre14-roadmap/bin/RoR.app/Contents/MacOS/resources/managed_materials' of type 'FileSystem' to resource group 'ManagedMaterials'
Initialising resource group ManagedMaterials
Parsing scripts for resource group ManagedMaterials
Parsing script nicemetal_mm.program
Parsing script shadows.material
Parsing script texture_manager.material
Parsing script managed_mats_vehicles_nicemetal.material
Warning: ScriptCompiler - deprecated symbol in managed_mats_vehicles_nicemetal.material(31): texture_alias. Use 'texture $variable'
Warning: ScriptCompiler - deprecated symbol in managed_mats_vehicles_nicemetal.material(51): texture_alias. Use 'texture $variable'
Warning: ScriptCompiler - deprecated symbol in managed_mats_vehicles_nicemetal.material(56): 'cubic_texture ..'. Use 'texture .. cubic' instead.
Warning: ScriptCompiler - deprecated symbol in managed_mats_vehicles_nicemetal.material(92): texture_alias. Use 'texture $variable'
Warning: ScriptCompiler - deprecated symbol in managed_mats_vehicles_nicemetal.material(118): texture_alias. Use 'texture $variable'
Warning: ScriptCompiler - deprecated symbol in managed_mats_vehicles_nicemetal.material(123): 'cubic_texture ..'. Use 'texture .. cubic' instead.
Warning: ScriptCompiler - deprecated symbol in managed_mats_vehicles_nicemetal.material(151): texture_alias. Use 'texture $variable'
Warning: ScriptCompiler - deprecated symbol in managed_mats_vehicles_nicemetal.material(157): texture_alias. Use 'texture $variable'
Warning: ScriptCompiler - deprecated symbol in managed_mats_vehicles_nicemetal.material(176): texture_alias. Use 'texture $variable'
Warning: ScriptCompiler - deprecated symbol in managed_mats_vehicles_nicemetal.material(181): 'cubic_texture ..'. Use 'texture .. cubic' instead.
Parsing script managed_submesh.material
Error: ScriptCompiler - unexpected token in managed_submesh.material(25): token "normalise_normals" is not recognized
Warning: ScriptCompiler - deprecated symbol in managed_submesh.material(33): texture_alias. Use 'texture $variable'
Warning: ScriptCompiler - deprecated symbol in managed_submesh.material(53): texture_alias. Use 'texture $variable'
Warning: ScriptCompiler - deprecated symbol in managed_mats.material(13): texture_alias. Use 'texture $variable'
Warning: ScriptCompiler - deprecated symbol in managed_submesh.material(70): texture_alias. Use 'texture $variable'
Warning: ScriptCompiler - deprecated symbol in managed_submesh.material(86): cull_software. Only used by the BSP scene manager.
Warning: ScriptCompiler - deprecated symbol in managed_submesh.material(90): texture_alias. Use 'texture $variable'
Warning: ScriptCompiler - deprecated symbol in managed_submesh.material(98): 'cubic_texture ..'. Use 'texture .. cubic' instead.
Error: ScriptCompiler - unexpected token in managed_submesh.material(131): token "normalise_normals" is not recognized
Warning: ScriptCompiler - deprecated symbol in managed_submesh.material(139): texture_alias. Use 'texture $variable'
Warning: ScriptCompiler - deprecated symbol in managed_submesh.material(159): texture_alias. Use 'texture $variable'
Warning: ScriptCompiler - deprecated symbol in managed_mats.material(13): texture_alias. Use 'texture $variable'
Warning: ScriptCompiler - deprecated symbol in managed_submesh.material(176): texture_alias. Use 'texture $variable'
Warning: ScriptCompiler - deprecated symbol in managed_submesh.material(194): texture_alias. Use 'texture $variable'
Warning: ScriptCompiler - deprecated symbol in managed_submesh.material(203): 'cubic_texture ..'. Use 'texture .. cubic' instead.
Error: ScriptCompiler - unexpected token in managed_submesh.material(237): token "normalise_normals" is not recognized
Warning: ScriptCompiler - deprecated symbol in managed_submesh.material(245): texture_alias. Use 'texture $variable'
Warning: ScriptCompiler - deprecated symbol in managed_mats.material(13): texture_alias. Use 'texture $variable'
Warning: ScriptCompiler - deprecated symbol in managed_submesh.material(270): texture_alias. Use 'texture $variable'
Warning: ScriptCompiler - deprecated symbol in managed_submesh.material(286): cull_software. Only used by the BSP scene manager.
Warning: ScriptCompiler - deprecated symbol in managed_submesh.material(290): texture_alias. Use 'texture $variable'
Warning: ScriptCompiler - deprecated symbol in managed_submesh.material(298): 'cubic_texture ..'. Use 'texture .. cubic' instead.
Error: ScriptCompiler - unexpected token in managed_submesh.material(342): token "normalise_normals" is not recognized
Warning: ScriptCompiler - deprecated symbol in managed_submesh.material(350): texture_alias. Use 'texture $variable'
Warning: ScriptCompiler - deprecated symbol in managed_mats.material(13): texture_alias. Use 'texture $variable'
Warning: ScriptCompiler - deprecated symbol in managed_submesh.material(375): texture_alias. Use 'texture $variable'
Warning: ScriptCompiler - deprecated symbol in managed_submesh.material(393): texture_alias. Use 'texture $variable'
Warning: ScriptCompiler - deprecated symbol in managed_submesh.material(402): 'cubic_texture ..'. Use 'texture .. cubic' instead.
Parsing script managed_mats_vehicles.material
Warning: ScriptCompiler - deprecated symbol in texture_manager.material(16): 'cubic_texture ..'. Use 'texture .. cubic' instead.
Warning: ScriptCompiler - deprecated symbol in texture_manager.material(16): 'cubic_texture ..'. Use 'texture .. cubic' instead.
Warning: ScriptCompiler - deprecated symbol in texture_manager.material(16): 'cubic_texture ..'. Use 'texture .. cubic' instead.
Parsing script managed_mats_vehicles_transparent_nicemetal.material
Warning: ScriptCompiler - deprecated symbol in managed_mats_vehicles_transparent_nicemetal.material(33): texture_alias. Use 'texture $variable'
Warning: ScriptCompiler - deprecated symbol in managed_mats_vehicles_transparent_nicemetal.material(54): texture_alias. Use 'texture $variable'
Warning: ScriptCompiler - deprecated symbol in managed_mats_vehicles_transparent_nicemetal.material(59): 'cubic_texture ..'. Use 'texture .. cubic' instead.
Warning: ScriptCompiler - deprecated symbol in managed_mats_vehicles_transparent_nicemetal.material(98): texture_alias. Use 'texture $variable'
Warning: ScriptCompiler - deprecated symbol in managed_mats_vehicles_transparent_nicemetal.material(125): texture_alias. Use 'texture $variable'
Error: ScriptCompiler - fewer parameters expected in managed_mats_vehicles_transparent_nicemetal.material(125): texture_alias must have at most 1 argument
Warning: ScriptCompiler - deprecated symbol in managed_mats_vehicles_transparent_nicemetal.material(130): 'cubic_texture ..'. Use 'texture .. cubic' instead.
Warning: ScriptCompiler - deprecated symbol in managed_mats_vehicles_transparent_nicemetal.material(166): texture_alias. Use 'texture $variable'
Warning: ScriptCompiler - deprecated symbol in managed_mats_vehicles_transparent_nicemetal.material(186): texture_alias. Use 'texture $variable'
Warning: ScriptCompiler - deprecated symbol in managed_mats_vehicles_transparent_nicemetal.material(191): 'cubic_texture ..'. Use 'texture .. cubic' instead.
Parsing script managed_mats.material
Parsing script managed_mats_vehicles_transparent.material
Warning: ScriptCompiler - deprecated symbol in texture_manager.material(16): 'cubic_texture ..'. Use 'texture .. cubic' instead.
Warning: ScriptCompiler - deprecated symbol in texture_manager.material(16): 'cubic_texture ..'. Use 'texture .. cubic' instead.
Warning: ScriptCompiler - deprecated symbol in texture_manager.material(16): 'cubic_texture ..'. Use 'texture .. cubic' instead.
Finished parsing scripts for resource group ManagedMaterials
Creating resources for group ManagedMaterials
All done
[RoR|ContentManager] Loading resource pack "mygui" to group "MyGuiRG" (ZIP archive)
Creating resource group MyGuiRG
Added resource location '/Users/beshoyhanna/Development/rigs-of-rods/build-macos-ogre14-roadmap/bin/RoR.app/Contents/MacOS/resources/mygui.zip' of type 'Zip' to resource group 'MyGuiRG'
Initialising resource group MyGuiRG
Parsing scripts for resource group MyGuiRG
Finished parsing scripts for resource group MyGuiRG
Creating resources for group MyGuiRG
All done
[RoR|ContentManager] Loading resource pack "dashboards" to group "DashboardsRG" (ZIP archive)
Creating resource group DashboardsRG
Added resource location '/Users/beshoyhanna/Development/rigs-of-rods/build-macos-ogre14-roadmap/bin/RoR.app/Contents/MacOS/resources/dashboards.zip' of type 'Zip' to resource group 'DashboardsRG'
Initialising resource group DashboardsRG
Parsing scripts for resource group DashboardsRG
Finished parsing scripts for resource group DashboardsRG
Creating resources for group DashboardsRG
All done
Particle Affector Type 'FireExtinguisher' registered
Particle Affector Type 'ExtinguishableFire' registered
RoR|ContentManager: Creating Sound Manager
[RoR|Audio] No audio device configured, opening default.
SoundManager: OpenAL vendor is: OpenAL Community
SoundManager: OpenAL version is: 1.1 ALSOFT 1.24.3
SoundManager: OpenAL renderer is: OpenAL Soft
SoundManager: OpenAL extensions are: AL_EXT_ALAW AL_EXT_BFORMAT AL_EXT_debug AL_EXT_direct_context AL_EXT_DOUBLE AL_EXT_EXPONENT_DISTANCE AL_EXT_FLOAT32 AL_EXT_IMA4 AL_EXT_LINEAR_DISTANCE AL_EXT_MCFORMATS AL_EXT_MULAW AL_EXT_MULAW_BFORMAT AL_EXT_MULAW_MCFORMATS AL_EXT_OFFSET AL_EXT_source_distance_model AL_EXT_SOURCE_RADIUS AL_EXT_STATIC_BUFFER AL_EXT_STEREO_ANGLES AL_LOKI_quadriphonic AL_SOFT_bformat_ex AL_SOFT_bformat_hoa AL_SOFT_block_alignment AL_SOFT_buffer_length_query AL_SOFT_callback_buffer AL_SOFTX_convolution_effect AL_SOFT_deferred_updates AL_SOFT_direct_channels AL_SOFT_direct_channels_remix AL_SOFT_effect_target AL_SOFT_events AL_SOFT_gain_clamp_ex AL_SOFTX_hold_on_disconnect AL_SOFT_loop_points AL_SOFTX_map_buffer AL_SOFT_MSADPCM AL_SOFT_source_latency AL_SOFT_source_length AL_SOFTX_source_panning AL_SOFT_source_resampler AL_SOFT_source_spatialize AL_SOFT_source_start_delay AL_SOFT_UHJ AL_SOFT_UHJ_ex
SoundManager: OpenAL device is: OpenAL Soft
SoundManager: OpenAL ALC extensions are: ALC_ENUMERATE_ALL_EXT ALC_ENUMERATION_EXT ALC_EXT_CAPTURE ALC_EXT_debug ALC_EXT_DEDICATED ALC_EXT_direct_context ALC_EXT_disconnect ALC_EXT_EFX ALC_EXT_thread_local_context ALC_SOFT_device_clock ALC_SOFT_HRTF ALC_SOFT_loopback ALC_SOFT_loopback_bformat ALC_SOFT_output_limiter ALC_SOFT_output_mode ALC_SOFT_pause_device ALC_SOFT_reopen_device ALC_SOFT_system_events
SoundManager: Found OpenAL EFX extension
SoundManager: OpenAL driver supports AL_EFFECT_EAXREVERB, using it
SoundScriptManager: Sound Manager started with 32 sources
[RoR|ContentManager] Loading resource pack "sounds" to group "SoundsRG" (ZIP archive)
Creating resource group SoundsRG
Added resource location '/Users/beshoyhanna/Development/rigs-of-rods/build-macos-ogre14-roadmap/bin/RoR.app/Contents/MacOS/resources/sounds.zip' of type 'Zip' to resource group 'SoundsRG'
Initialising resource group SoundsRG
Parsing scripts for resource group SoundsRG
Parsing script defaults.soundscript
SoundScriptManager: Parsing script defaults.soundscript
SoundScriptManager: creating template tracks/main_menu_tune
SoundScriptManager: creating template tracks/default_diesel
SoundScriptManager: creating template tracks/default_force
SoundScriptManager: creating template tracks/default_car
SoundScriptManager: creating template tracks/default_starter
SoundScriptManager: creating template tracks/default_turbo
SoundScriptManager: creating template tracks/default_turbo_small
SoundScriptManager: creating template tracks/default_turbo_mid
SoundScriptManager: creating template tracks/default_turbo_big
SoundScriptManager: creating template tracks/default_turbo_bov
SoundScriptManager: creating template tracks/default_wastegate_flutter
SoundScriptManager: creating template tracks/default_turbo_backfire
SoundScriptManager: creating template tracks/default_air_purge
SoundScriptManager: creating template tracks/default_horn
SoundScriptManager: creating template tracks/default_pump
SoundScriptManager: creating template tracks/default_police
SoundScriptManager: creating template tracks/default_screetch
SoundScriptManager: creating template tracks/default_brakes
SoundScriptManager: creating template tracks/default_parkbrakes
SoundScriptManager: creating template tracks/default_air
SoundScriptManager: creating template tracks/default_shift
SoundScriptManager: creating template tracks/default_break
SoundScriptManager: creating template tracks/default_creak
Bad SoundScript attribute line: 'trigger_source	creak' in defaults.soundscript
SoundScriptManager: creating template tracks/default_gear_slide
SoundScriptManager: creating template tracks/default_marine_large
SoundScriptManager: creating template tracks/default_marine_small
SoundScriptManager: creating template tracks/default_turboprop_start1
SoundScriptManager: creating template tracks/default_turboprop_lopower1
SoundScriptManager: creating template tracks/default_turboprop_hipower1
SoundScriptManager: creating template tracks/default_turboprop_start2
SoundScriptManager: creating template tracks/default_turboprop_lopower2
SoundScriptManager: creating template tracks/default_turboprop_hipower2
SoundScriptManager: creating template tracks/default_turboprop_start3
SoundScriptManager: creating template tracks/default_turboprop_lopower3
SoundScriptManager: creating template tracks/default_turboprop_hipower3
SoundScriptManager: creating template tracks/default_turboprop_start4
SoundScriptManager: creating template tracks/default_turboprop_lopower4
SoundScriptManager: creating template tracks/default_turboprop_hipower4
SoundScriptManager: creating template tracks/default_turboprop_start5
SoundScriptManager: creating template tracks/default_turboprop_lopower5
SoundScriptManager: creating template tracks/default_turboprop_hipower5
SoundScriptManager: creating template tracks/default_turboprop_start6
SoundScriptManager: creating template tracks/default_turboprop_lopower6
SoundScriptManager: creating template tracks/default_turboprop_hipower6
SoundScriptManager: creating template tracks/default_turboprop_start7
SoundScriptManager: creating template tracks/default_turboprop_lopower7
SoundScriptManager: creating template tracks/default_turboprop_hipower7
SoundScriptManager: creating template tracks/default_turboprop_start8
SoundScriptManager: creating template tracks/default_turboprop_lopower8
SoundScriptManager: creating template tracks/default_turboprop_hipower8
SoundScriptManager: creating template tracks/default_pistonprop_start1
SoundScriptManager: creating template tracks/default_pistonprop_lopower1
SoundScriptManager: creating template tracks/default_pistonprop_hipower1
SoundScriptManager: creating template tracks/default_pistonprop_start2
SoundScriptManager: creating template tracks/default_pistonprop_lopower2
SoundScriptManager: creating template tracks/default_pistonprop_hipower2
SoundScriptManager: creating template tracks/default_pistonprop_start3
SoundScriptManager: creating template tracks/default_pistonprop_lopower3
SoundScriptManager: creating template tracks/default_pistonprop_hipower3
SoundScriptManager: creating template tracks/default_pistonprop_start4
SoundScriptManager: creating template tracks/default_pistonprop_lopower4
SoundScriptManager: creating template tracks/default_pistonprop_hipower4
SoundScriptManager: creating template tracks/default_pistonprop_lopower5
SoundScriptManager: creating template tracks/default_pistonprop_hipower5
SoundScriptManager: creating template tracks/default_pistonprop_lopower6
SoundScriptManager: creating template tracks/default_pistonprop_hipower6
SoundScriptManager: creating template tracks/default_pistonprop_lopower7
SoundScriptManager: creating template tracks/default_pistonprop_hipower7
SoundScriptManager: creating template tracks/default_pistonprop_lopower8
SoundScriptManager: creating template tracks/default_pistonprop_hipower8
SoundScriptManager: creating template tracks/default_turbojet_start1
SoundScriptManager: creating template tracks/default_turbojet_lopower1
SoundScriptManager: creating template tracks/default_turbojet_hipower1
SoundScriptManager: creating template tracks/default_turbojet_afterburner1
SoundScriptManager: creating template tracks/default_turbojet_start2
SoundScriptManager: creating template tracks/default_turbojet_lopower2
SoundScriptManager: creating template tracks/default_turbojet_hipower2
SoundScriptManager: creating template tracks/default_turbojet_afterburner2
SoundScriptManager: creating template tracks/default_turbojet_start3
SoundScriptManager: creating template tracks/default_turbojet_lopower3
SoundScriptManager: creating template tracks/default_turbojet_hipower3
SoundScriptManager: creating template tracks/default_turbojet_afterburner3
SoundScriptManager: creating template tracks/default_turbojet_start4
SoundScriptManager: creating template tracks/default_turbojet_lopower4
SoundScriptManager: creating template tracks/default_turbojet_hipower4
SoundScriptManager: creating template tracks/default_turbojet_afterburner4
SoundScriptManager: creating template tracks/default_turbojet_start5
SoundScriptManager: creating template tracks/default_turbojet_lopower5
SoundScriptManager: creating template tracks/default_turbojet_hipower5
SoundScriptManager: creating template tracks/default_turbojet_afterburner5
SoundScriptManager: creating template tracks/default_turbojet_start6
SoundScriptManager: creating template tracks/default_turbojet_lopower6
SoundScriptManager: creating template tracks/default_turbojet_hipower6
SoundScriptManager: creating template tracks/default_turbojet_afterburner6
SoundScriptManager: creating template tracks/default_turbojet_start7
SoundScriptManager: creating template tracks/default_turbojet_lopower7
SoundScriptManager: creating template tracks/default_turbojet_hipower7
SoundScriptManager: creating template tracks/default_turbojet_afterburner7
SoundScriptManager: creating template tracks/default_turbojet_start8
SoundScriptManager: creating template tracks/default_turbojet_lopower8
SoundScriptManager: creating template tracks/default_turbojet_hipower8
SoundScriptManager: creating template tracks/default_turbojet_afterburner8
SoundScriptManager: creating template tracks/default_reverse_beep
SoundScriptManager: creating template tracks/default_turn_signal
SoundScriptManager: creating template tracks/default_antilock
SoundScriptManager: creating template tracks/default_tractioncontrol
SoundScriptManager: creating template tracks/default_gpws_10
SoundScriptManager: creating template tracks/default_gpws_20
SoundScriptManager: creating template tracks/default_gpws_30
SoundScriptManager: creating template tracks/default_gpws_40
SoundScriptManager: creating template tracks/default_gpws_50
SoundScriptManager: creating template tracks/default_gpws_100
SoundScriptManager: creating template tracks/default_gpws_pullup
SoundScriptManager: creating template tracks/default_gpws_minimums
SoundScriptManager: creating template tracks/default_gpws_apdisconnect
SoundScriptManager: creating template tracks/default_aoa_warning
SoundScriptManager: creating template tracks/default_aivionic_chat01
SoundScriptManager: creating template tracks/default_aivionic_chat02
SoundScriptManager: creating template tracks/default_aivionic_chat03
SoundScriptManager: creating template tracks/default_aivionic_chat04
SoundScriptManager: creating template tracks/default_aivionic_chat05
SoundScriptManager: creating template tracks/default_aivionic_chat06
SoundScriptManager: creating template tracks/default_aivionic_chat07
SoundScriptManager: creating template tracks/default_aivionic_chat08
SoundScriptManager: creating template tracks/default_aivionic_chat09
SoundScriptManager: creating template tracks/default_aivionic_chat10
SoundScriptManager: creating template tracks/default_aivionic_chat11
SoundScriptManager: creating template tracks/default_aivionic_chat12
SoundScriptManager: creating template tracks/default_aivionic_chat13
Finished parsing scripts for resource group SoundsRG
Creating resources for group SoundsRG
All done
RoR|ContentManager: Loading filesystems
RoR|ContentManager: Registering colored text overlay factory
OverlayElementFactory for type ColoredTextArea registered.
RoR|ContentManager: Calling initialiseAllResourceGroups()
Parsing scripts for resource group Config
Finished parsing scripts for resource group Config
Creating resources for group Config
All done
Parsing scripts for resource group General
Finished parsing scripts for resource group General
Creating resources for group General
All done
Parsing scripts for resource group Logs
Finished parsing scripts for resource group Logs
Creating resources for group Logs
All done
Parsing scripts for resource group OgreAutodetect
Finished parsing scripts for resource group OgreAutodetect
Creating resources for group OgreAutodetect
All done
Parsing scripts for resource group OgreInternal
Parsing script ShadowVolumeExtude.program
Parsing script Shadow.material
Parsing script RTSSamplers.material
Finished parsing scripts for resource group OgreInternal
Creating resources for group OgreInternal
All done
Parsing scripts for resource group Savegames
Finished parsing scripts for resource group Savegames
Creating resources for group Savegames
All done
Parsing scripts for resource group Scripts
Finished parsing scripts for resource group Scripts
Creating resources for group Scripts
All done
[RoR] Loading skidmarks.cfg...
[RoR] skidmarks.cfg loaded OK
Texture 'ror.png': Loading 1 faces(PF_A8R8G8B8,96x96x1) with 5 hardware generated mipmaps from Image. Internal format is PF_A8R8G8B8,96x96x1.
Texture 'MyGUI_BlueWhiteSkins.png': Loading 1 faces(PF_A8R8G8B8,512x256x1) Internal format is PF_A8R8G8B8,512x256x1.
Texture 'RoR_Pointers.png': Loading 1 faces(PF_A8R8G8B8,256x128x1) Internal format is PF_A8R8G8B8,256x128x1.
*** Loading OIS ***
*** Initializing OIS ***
OIS Version: 1.5.1
+ Release Name: 1.5.0
+ Manager: Mac OS X Cocoa Input Manager
+ Total Keyboards: 1
+ Total Mice: 1
+ Total JoySticks: 0
* Device: Keyboard Vendor: Mac OS X Cocoa Input Manager
* Device: Mouse Vendor: Mac OS X Cocoa Input Manager
+ macOS keyboard: SDL buffered keys/text + OIS device facade
+ macOS joysticks: SDL event backend
+ macOS SDL joystick force feedback is unavailable; continuing without FFB
 * Loading input mapping input.map
unknown event (ignored): COMMON_TOGGLE_RENDER_MODE
 * Input map successfully loaded: 251 entries
ScriptEngine initializing ...
Type registrations done. If you see no error above everything should be working
Texture 'loading_15.jpg': Loading 1 faces(PF_R8G8B8,1920x1080x1) with 5 hardware generated mipmaps from Image. Internal format is PF_R8G8B8,1920x1080x1.
Warning: force-disabling 'lighting' and 'depth_check' of Material rigsofrods/WallpaperMat for use with OverlayElement rigsofrods/WallpaperPanel
[RoR|ThreadPool] Found 10 logical CPU cores, creating 1 worker threads
[RoR|CVar]             app_state:  "1" (was: "0")
RTSS: using 2c3a67ed69eb2b45d0879220f1d3ba9f_VS for Pass 0 of 'rigsofrods/WallpaperMat'
RTSS: using 0edfb3f0978a2915ef74ad50734e28c8_FS for Pass 0 of 'rigsofrods/WallpaperMat'
RTSS: using e73c7192a801d65a4bc4b8996fe43f7a_VS for Pass 0 of 'ImGui/material'
RTSS: using 837f3874c816f8f40226deb62182ebb1_FS for Pass 0 of 'ImGui/material'
[RoR|PleaseWaitUI] <100%> Hack
[RoR|ModCache] Cache update requested
Creating resource group Cache
Added resource location '/Users/beshoyhanna/Development/rigs-of-rods/build-macos-ogre14-roadmap/cw2-shadow-paired-f87ba8368-run1/no-shadows/work/scene-home/Library/Caches/Rigs of Rods' of type 'FileSystem' to resource group 'Cache'
Creating resource group Thumbnails
Added resource location '/Users/beshoyhanna/Development/rigs-of-rods/build-macos-ogre14-roadmap/cw2-shadow-paired-f87ba8368-run1/no-shadows/work/scene-home/Library/Caches/Rigs of Rods/thumbnails' of type 'FileSystem' to resource group 'Thumbnails'
Creating resource group RepoAttachments
Added resource location '/Users/beshoyhanna/Development/rigs-of-rods/build-macos-ogre14-roadmap/cw2-shadow-paired-f87ba8368-run1/no-shadows/work/scene-home/Library/Application Support/Rigs of Rods/repo_attachments' of type 'FileSystem' to resource group 'RepoAttachments'
Creating resource group Content
Added resource location '/Users/beshoyhanna/Development/rigs-of-rods/build-macos-ogre14-roadmap/cw2-shadow-paired-f87ba8368-run1/no-shadows/work/scene-home/Library/Application Support/Rigs of Rods/mods' of type 'FileSystem' to resource group 'Content'
Added resource location '/Users/beshoyhanna/Development/rigs-of-rods/build-macos-ogre14-roadmap/cw2-shadow-paired-f87ba8368-run1/no-shadows/work/scene-home/Library/Application Support/Rigs of Rods/packs' of type 'FileSystem' to resource group 'Content'
Added resource location '/Users/beshoyhanna/Development/rigs-of-rods/build-macos-ogre14-roadmap/cw2-shadow-paired-f87ba8368-run1/no-shadows/work/scene-home/Library/Application Support/Rigs of Rods/terrains' of type 'FileSystem' to resource group 'Content'
Added resource location '/Users/beshoyhanna/Development/rigs-of-rods/build-macos-ogre14-roadmap/cw2-shadow-paired-f87ba8368-run1/no-shadows/work/scene-home/Library/Application Support/Rigs of Rods/vehicles' of type 'FileSystem' to resource group 'Content'
Added resource location '/Users/beshoyhanna/Development/rigs-of-rods/build-macos-ogre14-roadmap/cw2-shadow-paired-f87ba8368-run1/no-shadows/work/scene-home/Library/Application Support/Rigs of Rods/projects' of type 'FileSystem' to resource group 'Content'
Added resource location '/Users/beshoyhanna/Development/rigs-of-rods/build-macos-ogre14-roadmap/bin/RoR.app/Contents/MacOS/content' of type 'FileSystem' to resource group 'Content'
Added resource location '/Users/beshoyhanna/Development/rigs-of-rods/build-macos-ogre14-roadmap/bin/RoR.app/Contents/MacOS/resources/beamobjects.zip' of type 'Zip' to resource group 'Content'
Added resource location '/Users/beshoyhanna/Development/rigs-of-rods/build-macos-ogre14-roadmap/bin/RoR.app/Contents/MacOS/resources/dashboards.zip' of type 'Zip' to resource group 'Content'
Added resource location '/Users/beshoyhanna/Development/rigs-of-rods/build-macos-ogre14-roadmap/bin/RoR.app/Contents/MacOS/resources/gadgets.zip' of type 'Zip' to resource group 'Content'
Creating resource group Temp
Added resource location '/Users/beshoyhanna/Development/rigs-of-rods/build-macos-ogre14-roadmap/cw2-shadow-paired-f87ba8368-run1/no-shadows/work/scene-home/Library/Application Support/Rigs of Rods/mods' of type 'FileSystem' to resource group 'Temp' with recursive option
Added resource location '/Users/beshoyhanna/Development/rigs-of-rods/build-macos-ogre14-roadmap/cw2-shadow-paired-f87ba8368-run1/no-shadows/work/scene-home/Library/Application Support/Rigs of Rods/packs' of type 'FileSystem' to resource group 'Temp' with recursive option
Added resource location '/Users/beshoyhanna/Development/rigs-of-rods/build-macos-ogre14-roadmap/cw2-shadow-paired-f87ba8368-run1/no-shadows/work/scene-home/Library/Application Support/Rigs of Rods/terrains' of type 'FileSystem' to resource group 'Temp' with recursive option
Added resource location '/Users/beshoyhanna/Development/rigs-of-rods/build-macos-ogre14-roadmap/cw2-shadow-paired-f87ba8368-run1/no-shadows/work/scene-home/Library/Application Support/Rigs of Rods/vehicles' of type 'FileSystem' to resource group 'Temp' with recursive option
Added resource location '/Users/beshoyhanna/Development/rigs-of-rods/build-macos-ogre14-roadmap/cw2-shadow-paired-f87ba8368-run1/no-shadows/work/scene-home/Library/Application Support/Rigs of Rods/projects' of type 'FileSystem' to resource group 'Temp' with recursive option
Added resource location '/Users/beshoyhanna/Development/rigs-of-rods/build-macos-ogre14-roadmap/bin/RoR.app/Contents/MacOS/content' of type 'FileSystem' to resource group 'Temp' with recursive option
Destroying resource group Temp
Unloading resource group Temp
Finished unloading resource group Temp
[RoR|ModCache] Performing update ...
[RoR|ModCache] Error, cache file still invalid after check/update, content selector will be empty.
[RoR|PleaseWaitUI] <0%> Loading zips in group Content
cityworld-next-gateway-runtime.zip
1/4
[RoR|ModCache] Adding archive '/Users/beshoyhanna/Development/rigs-of-rods/build-macos-ogre14-roadmap/cw2-shadow-paired-f87ba8368-run1/no-shadows/work/scene-home/Library/Application Support/Rigs of Rods/mods/cityworld-next-gateway-runtime.zip'
Creating resource group Temp
Added resource location '/Users/beshoyhanna/Development/rigs-of-rods/build-macos-ogre14-roadmap/cw2-shadow-paired-f87ba8368-run1/no-shadows/work/scene-home/Library/Application Support/Rigs of Rods/mods/cityworld-next-gateway-runtime.zip' of type 'Zip' to resource group 'Temp'
[RoR|ModCache] Preparing to add file 'cityworld_gateway_runtime.terrn2'
Destroying resource group Temp
Unloading resource group Temp
Finished unloading resource group Temp
[RoR|PleaseWaitUI] <25%> Loading zips in group Content
simple2-terrain.zip
2/4
[RoR|ModCache] Adding archive '/Users/beshoyhanna/Development/rigs-of-rods/build-macos-ogre14-roadmap/bin/RoR.app/Contents/MacOS/content/simple2-terrain.zip'
Creating resource group Temp
Added resource location '/Users/beshoyhanna/Development/rigs-of-rods/build-macos-ogre14-roadmap/bin/RoR.app/Contents/MacOS/content/simple2-terrain.zip' of type 'Zip' to resource group 'Temp'
[RoR|ModCache] Preparing to add file 'simple2.terrn2'
done generating file cache!
[RoR|ModCache] Preparing to add file 'simple2_a.terrn2'
done generating file cache!
[RoR|ModCache] Preparing to add file 'simple2_w.terrn2'
done generating file cache!
Destroying resource group Temp
Unloading resource group Temp
Finished unloading resource group Temp
[RoR|PleaseWaitUI] <50%> Loading zips in group Content
agora.zip
3/4
[RoR|ModCache] Adding archive '/Users/beshoyhanna/Development/rigs-of-rods/build-macos-ogre14-roadmap/bin/RoR.app/Contents/MacOS/content/agora.zip'
Creating resource group Temp
Added resource location '/Users/beshoyhanna/Development/rigs-of-rods/build-macos-ogre14-roadmap/bin/RoR.app/Contents/MacOS/content/agora.zip' of type 'Zip' to resource group 'Temp'
[RoR|ModCache] Preparing to add file '95bbUID-agoral.truck'
done generating file cache!
[RoR|ModCache] Preparing to add file '95bbUID-agoras.truck'
done generating file cache!
Destroying resource group Temp
Unloading resource group Temp
Finished unloading resource group Temp
[RoR|PleaseWaitUI] <75%> Loading zips in group Content
dafsemi.zip
4/4
[RoR|ModCache] Adding archive '/Users/beshoyhanna/Development/rigs-of-rods/build-macos-ogre14-roadmap/bin/RoR.app/Contents/MacOS/content/dafsemi.zip'
Creating resource group Temp
Added resource location '/Users/beshoyhanna/Development/rigs-of-rods/build-macos-ogre14-roadmap/bin/RoR.app/Contents/MacOS/content/dafsemi.zip' of type 'Zip' to resource group 'Temp'
[RoR|ModCache] Preparing to add file 'b6b0UID-semi.truck'
done generating file cache!
[RoR|ModCache] Preparing to add file 'b6b0UID-semi.trailer'
done generating file cache!
[RoR|ModCache] Preparing to add file 'b6b0UID-semiflat.trailer'
done generating file cache!
Destroying resource group Temp
Unloading resource group Temp
Finished unloading resource group Temp
[RoR|ModCache] Preparing to add file 'rail1tPnt190r634dL.fixed'
[RoR|ModCache] Preparing to add file 'rail1tPnt190r634dLi.fixed'
[RoR|ModCache] Preparing to add file 'rail1tPnt190r634dR.fixed'
[RoR|ModCache] Preparing to add file 'rail1tPnt190r634dRi.fixed'
[RoR|ModCache] Preparing to add file 'rail1tPnt190r634dtri.fixed'
[RoR|ModCache] Preparing to add file 'rail1tgerbuf.fixed'
[RoR|ModCache] Preparing to add file 'default_boat.dashboard'
done generating file cache!
[RoR|ModCache] Preparing to add file 'default_truck_analog.dashboard'
done generating file cache!
[RoR|ModCache] Preparing to add file 'default_truck_digital.dashboard'
done generating file cache!
[RoR|ModCache] Preparing to add file 'rdd_classic.dashboard'
done generating file cache!
[RoR|ModCache] Preparing to add file 'engine_tool.gadget'
done generating file cache!
[RoR|ModCache] Preparing to add file 'odef_browser.gadget'
done generating file cache!
[RoR|ModCache] Preparing to add file 'ogre_inspector.gadget'
done generating file cache!
[RoR|ModCache] Preparing to add file 'overlay_editor.gadget'
done generating file cache!
[RoR|ModCache] Preparing to add file 'rig_editor.gadget'
done generating file cache!
[RoR|ModCache] Preparing to add file 'road_editor.gadget'
done generating file cache!
[RoR|ModCache] Preparing to add file 'script_editor.gadget'
done generating file cache!
[RoR|ModCache] Preparing to add file 'shock_tool.gadget'
done generating file cache!
[RoR|ModCache] Preparing to add file 'terrn_batcher.gadget'
done generating file cache!
[RoR|ModCache] Preparing to add file 'walkie_talkie.gadget'
done generating file cache!
[RoR|ModCache] Searching for duplicates ...
[RoR|ModCache] File 'mods.cache' written OK
[RoR|ModCache] Cache loaded
Destroying resource group Content
Unloading resource group Content
Finished unloading resource group Content
[RoR|PleaseWaitUI] <5%> Loading resources
[RoR|ContentManager] Loading resource pack "airfoils" to group "AirfoilsRG" (ZIP archive)
Creating resource group AirfoilsRG
Added resource location '/Users/beshoyhanna/Development/rigs-of-rods/build-macos-ogre14-roadmap/bin/RoR.app/Contents/MacOS/resources/airfoils.zip' of type 'Zip' to resource group 'AirfoilsRG'
Initialising resource group AirfoilsRG
Parsing scripts for resource group AirfoilsRG
Finished parsing scripts for resource group AirfoilsRG
Creating resources for group AirfoilsRG
All done
[RoR|ContentManager] Loading resource pack "textures" to group "TexturesRG" (ZIP archive)
Creating resource group TexturesRG
Added resource location '/Users/beshoyhanna/Development/rigs-of-rods/build-macos-ogre14-roadmap/bin/RoR.app/Contents/MacOS/resources/textures.zip' of type 'Zip' to resource group 'TexturesRG'
Initialising resource group TexturesRG
Parsing scripts for resource group TexturesRG
Finished parsing scripts for resource group TexturesRG
Creating resources for group TexturesRG
All done
[RoR|ContentManager] Loading resource pack "famicons" to group "FamiconsRG" (ZIP archive)
Creating resource group FamiconsRG
Added resource location '/Users/beshoyhanna/Development/rigs-of-rods/build-macos-ogre14-roadmap/bin/RoR.app/Contents/MacOS/resources/famicons.zip' of type 'Zip' to resource group 'FamiconsRG'
Initialising resource group FamiconsRG
Parsing scripts for resource group FamiconsRG
Finished parsing scripts for resource group FamiconsRG
Creating resources for group FamiconsRG
All done
[RoR|ContentManager] Loading resource pack "materials" to group "MaterialsRG" (ZIP archive)
Creating resource group MaterialsRG
Added resource location '/Users/beshoyhanna/Development/rigs-of-rods/build-macos-ogre14-roadmap/bin/RoR.app/Contents/MacOS/resources/materials.zip' of type 'Zip' to resource group 'MaterialsRG'
Initialising resource group MaterialsRG
Parsing scripts for resource group MaterialsRG
Parsing script general.program
Parsing script nicemetal.program
Parsing script character.material
Warning: ScriptCompiler - deprecated symbol in managed_mats.material(13): texture_alias. Use 'texture $variable'
Parsing script eurosigns.material
Warning: ScriptCompiler - deprecated symbol in managed_mats.material(13): texture_alias. Use 'texture $variable'
Warning: ScriptCompiler - deprecated symbol in managed_mats.material(13): texture_alias. Use 'texture $variable'
Warning: ScriptCompiler - deprecated symbol in managed_mats.material(13): texture_alias. Use 'texture $variable'
Warning: ScriptCompiler - deprecated symbol in managed_mats.material(13): texture_alias. Use 'texture $variable'
Warning: ScriptCompiler - deprecated symbol in managed_mats.material(13): texture_alias. Use 'texture $variable'
Warning: ScriptCompiler - deprecated symbol in managed_mats.material(13): texture_alias. Use 'texture $variable'
Warning: ScriptCompiler - deprecated symbol in managed_mats.material(13): texture_alias. Use 'texture $variable'
Warning: ScriptCompiler - deprecated symbol in managed_mats.material(13): texture_alias. Use 'texture $variable'
Warning: ScriptCompiler - deprecated symbol in managed_mats.material(13): texture_alias. Use 'texture $variable'
Warning: ScriptCompiler - deprecated symbol in managed_mats.material(13): texture_alias. Use 'texture $variable'
Warning: ScriptCompiler - deprecated symbol in managed_mats.material(13): texture_alias. Use 'texture $variable'
Warning: ScriptCompiler - deprecated symbol in managed_mats.material(13): texture_alias. Use 'texture $variable'
Warning: ScriptCompiler - deprecated symbol in managed_mats.material(13): texture_alias. Use 'texture $variable'
Warning: ScriptCompiler - deprecated symbol in managed_mats.material(13): texture_alias. Use 'texture $variable'
Warning: ScriptCompiler - deprecated symbol in managed_mats.material(13): texture_alias. Use 'texture $variable'
Warning: ScriptCompiler - deprecated symbol in managed_mats.material(13): texture_alias. Use 'texture $variable'
Warning: ScriptCompiler - deprecated symbol in managed_mats.material(13): texture_alias. Use 'texture $variable'
Warning: ScriptCompiler - deprecated symbol in managed_mats.material(13): texture_alias. Use 'texture $variable'
Warning: ScriptCompiler - deprecated symbol in managed_mats.material(13): texture_alias. Use 'texture $variable'
Warning: ScriptCompiler - deprecated symbol in managed_mats.material(13): texture_alias. Use 'texture $variable'
Warning: ScriptCompiler - deprecated symbol in managed_mats.material(13): texture_alias. Use 'texture $variable'
Warning: ScriptCompiler - deprecated symbol in managed_mats.material(13): texture_alias. Use 'texture $variable'
Warning: ScriptCompiler - deprecated symbol in managed_mats.material(13): texture_alias. Use 'texture $variable'
Warning: ScriptCompiler - deprecated symbol in managed_mats.material(13): texture_alias. Use 'texture $variable'
Warning: ScriptCompiler - deprecated symbol in managed_mats.material(13): texture_alias. Use 'texture $variable'
Warning: ScriptCompiler - deprecated symbol in managed_mats.material(13): texture_alias. Use 'texture $variable'
Warning: ScriptCompiler - deprecated symbol in managed_mats.material(13): texture_alias. Use 'texture $variable'
Warning: ScriptCompiler - deprecated symbol in managed_mats.material(13): texture_alias. Use 'texture $variable'
Warning: ScriptCompiler - deprecated symbol in managed_mats.material(13): texture_alias. Use 'texture $variable'
Warning: ScriptCompiler - deprecated symbol in managed_mats.material(13): texture_alias. Use 'texture $variable'
Warning: ScriptCompiler - deprecated symbol in managed_mats.material(13): texture_alias. Use 'texture $variable'
Warning: ScriptCompiler - deprecated symbol in managed_mats.material(13): texture_alias. Use 'texture $variable'
Warning: ScriptCompiler - deprecated symbol in managed_mats.material(13): texture_alias. Use 'texture $variable'
Warning: ScriptCompiler - deprecated symbol in managed_mats.material(13): texture_alias. Use 'texture $variable'
Warning: ScriptCompiler - deprecated symbol in managed_mats.material(13): texture_alias. Use 'texture $variable'
Warning: ScriptCompiler - deprecated symbol in managed_mats.material(13): texture_alias. Use 'texture $variable'
Warning: ScriptCompiler - deprecated symbol in managed_mats.material(13): texture_alias. Use 'texture $variable'
Warning: ScriptCompiler - deprecated symbol in managed_mats.material(13): texture_alias. Use 'texture $variable'
Warning: ScriptCompiler - deprecated symbol in managed_mats.material(13): texture_alias. Use 'texture $variable'
Warning: ScriptCompiler - deprecated symbol in managed_mats.material(13): texture_alias. Use 'texture $variable'
Warning: ScriptCompiler - deprecated symbol in managed_mats.material(13): texture_alias. Use 'texture $variable'
Warning: ScriptCompiler - deprecated symbol in managed_mats.material(13): texture_alias. Use 'texture $variable'
Warning: ScriptCompiler - deprecated symbol in managed_mats.material(13): texture_alias. Use 'texture $variable'
Warning: ScriptCompiler - deprecated symbol in managed_mats.material(13): texture_alias. Use 'texture $variable'
Warning: ScriptCompiler - deprecated symbol in managed_mats.material(13): texture_alias. Use 'texture $variable'
Warning: ScriptCompiler - deprecated symbol in managed_mats.material(13): texture_alias. Use 'texture $variable'
Warning: ScriptCompiler - deprecated symbol in managed_mats.material(13): texture_alias. Use 'texture $variable'
Warning: ScriptCompiler - deprecated symbol in managed_mats.material(13): texture_alias. Use 'texture $variable'
Warning: ScriptCompiler - deprecated symbol in managed_mats.material(13): texture_alias. Use 'texture $variable'
Warning: ScriptCompiler - deprecated symbol in managed_mats.material(13): texture_alias. Use 'texture $variable'
Warning: ScriptCompiler - deprecated symbol in managed_mats.material(13): texture_alias. Use 'texture $variable'
Warning: ScriptCompiler - deprecated symbol in managed_mats.material(13): texture_alias. Use 'texture $variable'
Warning: ScriptCompiler - deprecated symbol in managed_mats.material(13): texture_alias. Use 'texture $variable'
Warning: ScriptCompiler - deprecated symbol in managed_mats.material(13): texture_alias. Use 'texture $variable'
Warning: ScriptCompiler - deprecated symbol in managed_mats.material(13): texture_alias. Use 'texture $variable'
Warning: ScriptCompiler - deprecated symbol in managed_mats.material(13): texture_alias. Use 'texture $variable'
Warning: ScriptCompiler - deprecated symbol in managed_mats.material(13): texture_alias. Use 'texture $variable'
Warning: ScriptCompiler - deprecated symbol in managed_mats.material(13): texture_alias. Use 'texture $variable'
Warning: ScriptCompiler - deprecated symbol in managed_mats.material(13): texture_alias. Use 'texture $variable'
Warning: ScriptCompiler - deprecated symbol in managed_mats.material(13): texture_alias. Use 'texture $variable'
Warning: ScriptCompiler - deprecated symbol in managed_mats.material(13): texture_alias. Use 'texture $variable'
Warning: ScriptCompiler - deprecated symbol in managed_mats.material(13): texture_alias. Use 'texture $variable'
Warning: ScriptCompiler - deprecated symbol in managed_mats.material(13): texture_alias. Use 'texture $variable'
Warning: ScriptCompiler - deprecated symbol in managed_mats.material(13): texture_alias. Use 'texture $variable'
Warning: ScriptCompiler - deprecated symbol in managed_mats.material(13): texture_alias. Use 'texture $variable'
Warning: ScriptCompiler - deprecated symbol in managed_mats.material(13): texture_alias. Use 'texture $variable'
Warning: ScriptCompiler - deprecated symbol in managed_mats.material(13): texture_alias. Use 'texture $variable'
Warning: ScriptCompiler - deprecated symbol in managed_mats.material(13): texture_alias. Use 'texture $variable'
Warning: ScriptCompiler - deprecated symbol in managed_mats.material(13): texture_alias. Use 'texture $variable'
Warning: ScriptCompiler - deprecated symbol in managed_mats.material(13): texture_alias. Use 'texture $variable'
Warning: ScriptCompiler - deprecated symbol in managed_mats.material(13): texture_alias. Use 'texture $variable'
Warning: ScriptCompiler - deprecated symbol in managed_mats.material(13): texture_alias. Use 'texture $variable'
Warning: ScriptCompiler - deprecated symbol in managed_mats.material(13): texture_alias. Use 'texture $variable'
Warning: ScriptCompiler - deprecated symbol in managed_mats.material(13): texture_alias. Use 'texture $variable'
Warning: ScriptCompiler - deprecated symbol in managed_mats.material(13): texture_alias. Use 'texture $variable'
Warning: ScriptCompiler - deprecated symbol in managed_mats.material(13): texture_alias. Use 'texture $variable'
Parsing script ferryslip.material
Parsing script floatingdocks.material
Parsing script fresnel.material
Warning: ScriptCompiler - deprecated symbol in fresnel.material(20): asm. Use syntax code.
Warning: ScriptCompiler - deprecated symbol in fresnel.material(37): cull_software. Only used by the BSP scene manager.
Error: ScriptCompiler - invalid parameters in fresnel.material(70): overriding previous declarations of texture 'Reflection' with different parameters
Error: ScriptCompiler - invalid parameters in fresnel.material(79): overriding previous declarations of texture 'Refraction' with different parameters
Warning: ScriptCompiler - deprecated symbol in fresnel.material(100): cull_software. Only used by the BSP scene manager.
Parsing script general.material
Warning: ScriptCompiler - deprecated symbol in general.material(308): 'cubic_texture ..'. Use 'texture .. cubic' instead.
Warning: ScriptCompiler - deprecated symbol in general.material(376): 'cubic_texture ..'. Use 'texture .. cubic' instead.
Parsing script grass.material
Parsing script hangar.material
Warning: ScriptCompiler - deprecated symbol in managed_mats.material(13): texture_alias. Use 'texture $variable'
Warning: ScriptCompiler - deprecated symbol in hangar.material(5): set_texture_alias. Use 'set $variable value'
Warning: ScriptCompiler - deprecated symbol in managed_mats.material(83): cull_software. Only used by the BSP scene manager.
Warning: ScriptCompiler - deprecated symbol in managed_mats.material(86): texture_alias. Use 'texture $variable'
Warning: ScriptCompiler - deprecated symbol in hangar.material(9): set_texture_alias. Use 'set $variable value'
Warning: ScriptCompiler - deprecated symbol in managed_mats.material(13): texture_alias. Use 'texture $variable'
Warning: ScriptCompiler - deprecated symbol in hangar.material(14): set_texture_alias. Use 'set $variable value'
Parsing script largedocks.material
Warning: ScriptCompiler - deprecated symbol in managed_mats.material(13): texture_alias. Use 'texture $variable'
Warning: ScriptCompiler - deprecated symbol in largedocks.material(5): set_texture_alias. Use 'set $variable value'
Parsing script load-spawner.material
Warning: ScriptCompiler - deprecated symbol in managed_mats.material(13): texture_alias. Use 'texture $variable'
Parsing script marina.material
Warning: ScriptCompiler - deprecated symbol in managed_mats.material(13): texture_alias. Use 'texture $variable'
Warning: ScriptCompiler - deprecated symbol in marina.material(5): set_texture_alias. Use 'set $variable value'
Parsing script open-truck-spawner.material
Warning: ScriptCompiler - deprecated symbol in managed_mats.material(13): texture_alias. Use 'texture $variable'
Parsing script ror.material
Warning: ScriptCompiler - deprecated symbol in ror.material(40): cull_software. Only used by the BSP scene manager.
Warning: ScriptCompiler - deprecated symbol in ror.material(59): cull_software. Only used by the BSP scene manager.
Warning: ScriptCompiler - deprecated symbol in managed_mats.material(13): texture_alias. Use 'texture $variable'
Warning: ScriptCompiler - deprecated symbol in ror.material(72): set_texture_alias. Use 'set $variable value'
Warning: ScriptCompiler - deprecated symbol in ror.material(221): cull_software. Only used by the BSP scene manager.
Warning: ScriptCompiler - deprecated symbol in ror.material(226): 'cubic_texture ..'. Use 'texture .. cubic' instead.
Warning: ScriptCompiler - deprecated symbol in ror.material(242): 'cubic_texture ..'. Use 'texture .. cubic' instead.
Warning: ScriptCompiler - deprecated symbol in ror.material(259): 'cubic_texture ..'. Use 'texture .. cubic' instead.
Warning: ScriptCompiler - deprecated symbol in managed_mats.material(13): texture_alias. Use 'texture $variable'
Warning: ScriptCompiler - deprecated symbol in ror.material(1818): set_texture_alias. Use 'set $variable value'
Warning: ScriptCompiler - deprecated symbol in managed_mats.material(13): texture_alias. Use 'texture $variable'
Warning: ScriptCompiler - deprecated symbol in ror.material(1823): set_texture_alias. Use 'set $variable value'
Warning: ScriptCompiler - deprecated symbol in managed_mats.material(13): texture_alias. Use 'texture $variable'
Warning: ScriptCompiler - deprecated symbol in ror.material(1828): set_texture_alias. Use 'set $variable value'
Warning: ScriptCompiler - deprecated symbol in managed_mats.material(13): texture_alias. Use 'texture $variable'
Warning: ScriptCompiler - deprecated symbol in ror.material(1833): set_texture_alias. Use 'set $variable value'
Warning: ScriptCompiler - deprecated symbol in managed_mats.material(13): texture_alias. Use 'texture $variable'
Warning: ScriptCompiler - deprecated symbol in ror.material(1838): set_texture_alias. Use 'set $variable value'
Warning: ScriptCompiler - deprecated symbol in managed_mats.material(13): texture_alias. Use 'texture $variable'
Warning: ScriptCompiler - deprecated symbol in ror.material(1843): set_texture_alias. Use 'set $variable value'
Warning: ScriptCompiler - deprecated symbol in managed_mats.material(13): texture_alias. Use 'texture $variable'
Warning: ScriptCompiler - deprecated symbol in ror.material(1848): set_texture_alias. Use 'set $variable value'
Warning: ScriptCompiler - deprecated symbol in managed_mats.material(13): texture_alias. Use 'texture $variable'
Warning: ScriptCompiler - deprecated symbol in ror.material(1866): set_texture_alias. Use 'set $variable value'
Warning: ScriptCompiler - deprecated symbol in ror.material(1895): cull_software. Only used by the BSP scene manager.
Warning: ScriptCompiler - deprecated symbol in ror.material(1917): 'cubic_texture ..'. Use 'texture .. cubic' instead.
Warning: ScriptCompiler - deprecated symbol in ror.material(1936): 'cubic_texture ..'. Use 'texture .. cubic' instead.
Warning: ScriptCompiler - deprecated symbol in ror.material(1955): 'cubic_texture ..'. Use 'texture .. cubic' instead.
Warning: ScriptCompiler - deprecated symbol in ror.material(1974): 'cubic_texture ..'. Use 'texture .. cubic' instead.
Warning: ScriptCompiler - deprecated symbol in managed_mats.material(13): texture_alias. Use 'texture $variable'
Warning: ScriptCompiler - deprecated symbol in ror.material(2013): set_texture_alias. Use 'set $variable value'
Warning: ScriptCompiler - deprecated symbol in ror.material(2114): cull_software. Only used by the BSP scene manager.
Warning: ScriptCompiler - deprecated symbol in ror.material(2170): cull_software. Only used by the BSP scene manager.
Warning: ScriptCompiler - deprecated symbol in ror.material(2840): cull_software. Only used by the BSP scene manager.
Warning: ScriptCompiler - deprecated symbol in ror.material(2854): cull_software. Only used by the BSP scene manager.
Warning: ScriptCompiler - deprecated symbol in ror.material(2876): cull_software. Only used by the BSP scene manager.
Warning: ScriptCompiler - deprecated symbol in ror.material(2891): cull_software. Only used by the BSP scene manager.
Parsing script runway.material
Warning: ScriptCompiler - deprecated symbol in managed_mats.material(13): texture_alias. Use 'texture $variable'
Warning: ScriptCompiler - deprecated symbol in managed_mats.material(13): texture_alias. Use 'texture $variable'
Warning: ScriptCompiler - deprecated symbol in managed_mats.material(13): texture_alias. Use 'texture $variable'
Warning: ScriptCompiler - deprecated symbol in managed_mats.material(13): texture_alias. Use 'texture $variable'
Warning: ScriptCompiler - deprecated symbol in managed_mats.material(13): texture_alias. Use 'texture $variable'
Warning: ScriptCompiler - deprecated symbol in managed_mats.material(13): texture_alias. Use 'texture $variable'
Warning: ScriptCompiler - deprecated symbol in managed_mats.material(13): texture_alias. Use 'texture $variable'
Warning: ScriptCompiler - deprecated symbol in managed_mats.material(13): texture_alias. Use 'texture $variable'
Warning: ScriptCompiler - deprecated symbol in managed_mats.material(13): texture_alias. Use 'texture $variable'
Warning: ScriptCompiler - deprecated symbol in managed_mats.material(13): texture_alias. Use 'texture $variable'
Warning: ScriptCompiler - deprecated symbol in managed_mats.material(13): texture_alias. Use 'texture $variable'
Warning: ScriptCompiler - deprecated symbol in managed_mats.material(13): texture_alias. Use 'texture $variable'
Warning: ScriptCompiler - deprecated symbol in managed_mats.material(13): texture_alias. Use 'texture $variable'
Warning: ScriptCompiler - deprecated symbol in managed_mats.material(13): texture_alias. Use 'texture $variable'
Warning: ScriptCompiler - deprecated symbol in managed_mats.material(13): texture_alias. Use 'texture $variable'
Warning: ScriptCompiler - deprecated symbol in managed_mats.material(13): texture_alias. Use 'texture $variable'
Warning: ScriptCompiler - deprecated symbol in managed_mats.material(13): texture_alias. Use 'texture $variable'
Warning: ScriptCompiler - deprecated symbol in managed_mats.material(13): texture_alias. Use 'texture $variable'
Warning: ScriptCompiler - deprecated symbol in managed_mats.material(13): texture_alias. Use 'texture $variable'
Warning: ScriptCompiler - deprecated symbol in managed_mats.material(13): texture_alias. Use 'texture $variable'
Warning: ScriptCompiler - deprecated symbol in managed_mats.material(13): texture_alias. Use 'texture $variable'
Warning: ScriptCompiler - deprecated symbol in managed_mats.material(13): texture_alias. Use 'texture $variable'
Warning: ScriptCompiler - deprecated symbol in managed_mats.material(13): texture_alias. Use 'texture $variable'
Warning: ScriptCompiler - deprecated symbol in managed_mats.material(13): texture_alias. Use 'texture $variable'
Warning: ScriptCompiler - deprecated symbol in managed_mats.material(13): texture_alias. Use 'texture $variable'
Warning: ScriptCompiler - deprecated symbol in managed_mats.material(13): texture_alias. Use 'texture $variable'
Warning: ScriptCompiler - deprecated symbol in managed_mats.material(13): texture_alias. Use 'texture $variable'
Warning: ScriptCompiler - deprecated symbol in managed_mats.material(13): texture_alias. Use 'texture $variable'
Warning: ScriptCompiler - deprecated symbol in managed_mats.material(13): texture_alias. Use 'texture $variable'
Warning: ScriptCompiler - deprecated symbol in managed_mats.material(13): texture_alias. Use 'texture $variable'
Warning: ScriptCompiler - deprecated symbol in managed_mats.material(13): texture_alias. Use 'texture $variable'
Warning: ScriptCompiler - deprecated symbol in managed_mats.material(13): texture_alias. Use 'texture $variable'
Warning: ScriptCompiler - deprecated symbol in managed_mats.material(13): texture_alias. Use 'texture $variable'
Warning: ScriptCompiler - deprecated symbol in managed_mats.material(13): texture_alias. Use 'texture $variable'
Warning: ScriptCompiler - deprecated symbol in managed_mats.material(13): texture_alias. Use 'texture $variable'
Warning: ScriptCompiler - deprecated symbol in managed_mats.material(13): texture_alias. Use 'texture $variable'
Warning: ScriptCompiler - deprecated symbol in managed_mats.material(13): texture_alias. Use 'texture $variable'
Warning: ScriptCompiler - deprecated symbol in managed_mats.material(13): texture_alias. Use 'texture $variable'
Warning: ScriptCompiler - deprecated symbol in managed_mats.material(13): texture_alias. Use 'texture $variable'
Warning: ScriptCompiler - deprecated symbol in managed_mats.material(13): texture_alias. Use 'texture $variable'
Parsing script trafficlights.material
Warning: ScriptCompiler - deprecated symbol in managed_mats.material(13): texture_alias. Use 'texture $variable'
Warning: ScriptCompiler - deprecated symbol in managed_mats.material(13): texture_alias. Use 'texture $variable'
Warning: ScriptCompiler - deprecated symbol in managed_mats.material(13): texture_alias. Use 'texture $variable'
Parsing script train_platform.material
Warning: ScriptCompiler - deprecated symbol in managed_mats.material(13): texture_alias. Use 'texture $variable'
Warning: ScriptCompiler - deprecated symbol in managed_mats.material(13): texture_alias. Use 'texture $variable'
Parsing script train_rails.material
Warning: ScriptCompiler - deprecated symbol in managed_mats.material(13): texture_alias. Use 'texture $variable'
Warning: ScriptCompiler - deprecated symbol in train_rails.material(38): set_texture_alias. Use 'set $variable value'
Warning: ScriptCompiler - deprecated symbol in managed_mats.material(13): texture_alias. Use 'texture $variable'
Warning: ScriptCompiler - deprecated symbol in train_rails.material(44): set_texture_alias. Use 'set $variable value'
Warning: ScriptCompiler - deprecated symbol in managed_mats.material(13): texture_alias. Use 'texture $variable'
Warning: ScriptCompiler - deprecated symbol in train_rails.material(50): set_texture_alias. Use 'set $variable value'
Warning: ScriptCompiler - deprecated symbol in managed_mats.material(13): texture_alias. Use 'texture $variable'
Warning: ScriptCompiler - deprecated symbol in train_rails.material(56): set_texture_alias. Use 'set $variable value'
Warning: ScriptCompiler - deprecated symbol in managed_mats.material(13): texture_alias. Use 'texture $variable'
Warning: ScriptCompiler - deprecated symbol in train_rails.material(62): set_texture_alias. Use 'set $variable value'
Warning: ScriptCompiler - deprecated symbol in managed_mats.material(13): texture_alias. Use 'texture $variable'
Warning: ScriptCompiler - deprecated symbol in train_rails.material(68): set_texture_alias. Use 'set $variable value'
Parsing script truckshop.material
Warning: ScriptCompiler - deprecated symbol in managed_mats.material(13): texture_alias. Use 'texture $variable'
Warning: ScriptCompiler - deprecated symbol in truckshop.material(14): set_texture_alias. Use 'set $variable value'
Finished parsing scripts for resource group MaterialsRG
Creating resources for group MaterialsRG
All done
[RoR|ContentManager] Loading resource pack "meshes" to group "MeshesRG" (ZIP archive)
Creating resource group MeshesRG
Added resource location '/Users/beshoyhanna/Development/rigs-of-rods/build-macos-ogre14-roadmap/bin/RoR.app/Contents/MacOS/resources/meshes.zip' of type 'Zip' to resource group 'MeshesRG'
Initialising resource group MeshesRG
Parsing scripts for resource group MeshesRG
Parsing script character.material
Finished parsing scripts for resource group MeshesRG
Creating resources for group MeshesRG
All done
[RoR|ContentManager] Loading resource pack "overlays" to group "OverlaysRG" (ZIP archive)
Creating resource group OverlaysRG
Added resource location '/Users/beshoyhanna/Development/rigs-of-rods/build-macos-ogre14-roadmap/bin/RoR.app/Contents/MacOS/resources/overlays.zip' of type 'Zip' to resource group 'OverlaysRG'
Initialising resource group OverlaysRG
Parsing scripts for resource group OverlaysRG
Parsing script 3d_dashblend.overlay
Texture 'dashblend.dds': Loading 1 faces(PF_DXT5,128x64x1) with 5 custom mipmaps from Image. Internal format is PF_DXT5,128x64x1.
Warning: force-disabling 'lighting' and 'depth_check' of Material tracks/dashblend for use with OverlayElement tracks/3Dblend
Parsing script 3d_dashboard.overlay
Texture 'dashboard.dds': Loading 1 faces(PF_DXT1,2048x1024x1) with 5 custom mipmaps from Image. Internal format is PF_DXT1,2048x1024x1.
Warning: force-disabling 'lighting' and 'depth_check' of Material tracks/3Duptex for use with OverlayElement tracks/3Duptex
Texture 'tacho.dds': Loading 1 faces(PF_DXT1,256x256x1) with 5 custom mipmaps from Image. Internal format is PF_DXT1,256x256x1.
Warning: force-disabling 'lighting' and 'depth_check' of Material tracks/Tacho for use with OverlayElement tracks/3Dtacho
Texture 'speedo.dds': Loading 1 faces(PF_DXT1,256x256x1) with 5 custom mipmaps from Image. Internal format is PF_DXT1,256x256x1.
Warning: force-disabling 'lighting' and 'depth_check' of Material tracks/Speedo for use with OverlayElement tracks/3Dspeedo
Parsing script 3d_dashboard_needles.overlay
Texture 'redneedle.dds': Loading 1 faces(PF_DXT3,256x256x1) with 5 custom mipmaps from Image. Internal format is PF_DXT3,256x256x1.
Warning: force-disabling 'lighting' and 'depth_check' of Material tracks/tachoneedle_mat for use with OverlayElement tracks/3Dtachoneedle
Warning: force-disabling 'lighting' and 'depth_check' of Material tracks/speedoneedle_mat for use with OverlayElement tracks/3Dspeedoneedle
Warning: ScriptCompiler - deprecated symbol in 3d_dashboard_needles.overlay(30): 'element type(name)'. use 'overlay_element name type'
Warning: ScriptCompiler - deprecated symbol in 3d_dashboard_needles.overlay(49): 'element type(name)'. use 'overlay_element name type'
Warning: ScriptCompiler - deprecated symbol in 3d_dashboard_needles.overlay(68): 'element type(name)'. use 'overlay_element name type'
Warning: ScriptCompiler - deprecated symbol in 3d_dashboard_needles.overlay(87): 'element type(name)'. use 'overlay_element name type'
Warning: ScriptCompiler - deprecated symbol in 3d_dashboard_needles.overlay(106): 'element type(name)'. use 'overlay_element name type'
Warning: ScriptCompiler - deprecated symbol in 3d_dashboard_needles.overlay(125): 'element type(name)'. use 'overlay_element name type'
Parsing script airdashboard.overlay
Texture 'dashbar.dds': Loading 1 faces(PF_DXT1,512x16x1) with 5 custom mipmaps from Image. Internal format is PF_DXT1,512x16x1.
Warning: force-disabling 'lighting' and 'depth_check' of Material tracks/dashbar for use with OverlayElement tracks/airdashbar
Warning: force-disabling 'lighting' and 'depth_check' of Material tracks/black for use with OverlayElement tracks/airdashfiller
Texture 'airspeed.dds': Loading 1 faces(PF_DXT1,256x256x1) with 5 custom mipmaps from Image. Internal format is PF_DXT1,256x256x1.
Warning: force-disabling 'lighting' and 'depth_check' of Material tracks/airspeed for use with OverlayElement tracks/airspeed
Texture 'altimeter.dds': Loading 1 faces(PF_DXT1,256x256x1) with 5 custom mipmaps from Image. Internal format is PF_DXT1,256x256x1.
Warning: force-disabling 'lighting' and 'depth_check' of Material tracks/altimeter for use with OverlayElement tracks/altimeter
Texture 'vvi.dds': Loading 1 faces(PF_DXT1,128x256x1) with 5 custom mipmaps from Image. Internal format is PF_DXT1,128x256x1.
Warning: force-disabling 'lighting' and 'depth_check' of Material tracks/vvi for use with OverlayElement tracks/vvi
Texture 'adi-tape.dds': Loading 1 faces(PF_DXT1,256x256x1) with 5 custom mipmaps from Image. Internal format is PF_DXT1,256x256x1.
Warning: force-disabling 'lighting' and 'depth_check' of Material tracks/adi-tape for use with OverlayElement tracks/adi-tape
Texture 'adi.dds': Loading 1 faces(PF_DXT3,256x256x1) with 5 custom mipmaps from Image. Internal format is PF_DXT3,256x256x1.
Warning: force-disabling 'lighting' and 'depth_check' of Material tracks/adi for use with OverlayElement tracks/adi
Texture 'adi-bugs.dds': Loading 1 faces(PF_DXT3,256x256x1) with 5 custom mipmaps from Image. Internal format is PF_DXT3,256x256x1.
Warning: force-disabling 'lighting' and 'depth_check' of Material tracks/adi-bugs for use with OverlayElement tracks/adi-bugs
Texture 'aoa.dds': Loading 1 faces(PF_DXT1,128x256x1) with 5 custom mipmaps from Image. Internal format is PF_DXT1,128x256x1.
Warning: force-disabling 'lighting' and 'depth_check' of Material tracks/aoa for use with OverlayElement tracks/aoa
Texture 'hsi.dds': Loading 1 faces(PF_DXT1,256x256x1) with 5 custom mipmaps from Image. Internal format is PF_DXT1,256x256x1.
Warning: force-disabling 'lighting' and 'depth_check' of Material tracks/hsi for use with OverlayElement tracks/hsi
Texture 'hsi-rose.dds': Loading 1 faces(PF_DXT3,256x256x1) with 5 custom mipmaps from Image. Internal format is PF_DXT3,256x256x1.
Warning: force-disabling 'lighting' and 'depth_check' of Material tracks/hsi-rose for use with OverlayElement tracks/hsi-rose
Texture 'hsi-bug.dds': Loading 1 faces(PF_DXT3,128x128x1) with 5 custom mipmaps from Image. Internal format is PF_DXT3,128x128x1.
Warning: force-disabling 'lighting' and 'depth_check' of Material tracks/hsi-bug for use with OverlayElement tracks/hsi-bug
Texture 'hsi-v.dds': Loading 1 faces(PF_DXT3,128x128x1) with 5 custom mipmaps from Image. Internal format is PF_DXT3,128x128x1.
Warning: force-disabling 'lighting' and 'depth_check' of Material tracks/hsi-v for use with OverlayElement tracks/hsi-v
Texture 'hsi-h.dds': Loading 1 faces(PF_DXT3,128x128x1) with 5 custom mipmaps from Image. Internal format is PF_DXT3,128x128x1.
Warning: force-disabling 'lighting' and 'depth_check' of Material tracks/hsi-h for use with OverlayElement tracks/hsi-h
Texture 'thrusttrack.dds': Loading 1 faces(PF_DXT1,32x128x1) with 5 custom mipmaps from Image. Internal format is PF_DXT1,32x128x1.
Warning: force-disabling 'lighting' and 'depth_check' of Material tracks/thrusttrack for use with OverlayElement tracks/thrusttrack1
Texture 'engfire-off.dds': Loading 1 faces(PF_DXT1,64x32x1) with 5 custom mipmaps from Image. Internal format is PF_DXT1,64x32x1.
Warning: force-disabling 'lighting' and 'depth_check' of Material tracks/engfire-off for use with OverlayElement tracks/engfire1
Texture 'engstart-off.dds': Loading 1 faces(PF_DXT1,64x32x1) with 5 custom mipmaps from Image. Internal format is PF_DXT1,64x32x1.
Warning: force-disabling 'lighting' and 'depth_check' of Material tracks/engstart-off for use with OverlayElement tracks/engstart1
Texture 'airrpm.dds': Loading 1 faces(PF_DXT1,128x128x1) with 5 custom mipmaps from Image. Internal format is PF_DXT1,128x128x1.
Warning: force-disabling 'lighting' and 'depth_check' of Material tracks/airrpm for use with OverlayElement tracks/airrpm1
Texture 'airpitch.dds': Loading 1 faces(PF_DXT1,128x128x1) with 5 custom mipmaps from Image. Internal format is PF_DXT1,128x128x1.
Warning: force-disabling 'lighting' and 'depth_check' of Material tracks/airpitch for use with OverlayElement tracks/airpitch1
Texture 'airtorque.dds': Loading 1 faces(PF_DXT1,128x128x1) with 5 custom mipmaps from Image. Internal format is PF_DXT1,128x128x1.
Warning: force-disabling 'lighting' and 'depth_check' of Material tracks/airtorque for use with OverlayElement tracks/airtorque1
Texture 'val-bg.dds': Loading 1 faces(PF_DXT1,64x32x1) with 5 custom mipmaps from Image. Internal format is PF_DXT1,64x32x1.
Warning: force-disabling 'lighting' and 'depth_check' of Material tracks/val-bg for use with OverlayElement tracks/ap_hdg_val_bg
Texture 'ap-up.dds': Loading 1 faces(PF_DXT1,64x32x1) with 5 custom mipmaps from Image. Internal format is PF_DXT1,64x32x1.
Warning: force-disabling 'lighting' and 'depth_check' of Material tracks/ap-up for use with OverlayElement tracks/ap_hdg_up
Texture 'ap-dn.dds': Loading 1 faces(PF_DXT1,64x32x1) with 5 custom mipmaps from Image. Internal format is PF_DXT1,64x32x1.
Warning: force-disabling 'lighting' and 'depth_check' of Material tracks/ap-dn for use with OverlayElement tracks/ap_hdg_dn
Texture 'hdg-off.dds': Loading 1 faces(PF_DXT1,64x64x1) with 5 custom mipmaps from Image. Internal format is PF_DXT1,64x64x1.
Warning: force-disabling 'lighting' and 'depth_check' of Material tracks/hdg-off for use with OverlayElement tracks/ap_hdg_but
Texture 'wlv-off.dds': Loading 1 faces(PF_DXT1,64x64x1) with 5 custom mipmaps from Image. Internal format is PF_DXT1,64x64x1.
Warning: force-disabling 'lighting' and 'depth_check' of Material tracks/wlv-off for use with OverlayElement tracks/ap_wlv_but
Texture 'nav-off.dds': Loading 1 faces(PF_DXT1,64x64x1) with 5 custom mipmaps from Image. Internal format is PF_DXT1,64x64x1.
Warning: force-disabling 'lighting' and 'depth_check' of Material tracks/nav-off for use with OverlayElement tracks/ap_nav_but
Texture 'hold-off.dds': Loading 1 faces(PF_DXT1,64x64x1) with 5 custom mipmaps from Image. Internal format is PF_DXT1,64x64x1.
Warning: force-disabling 'lighting' and 'depth_check' of Material tracks/hold-off for use with OverlayElement tracks/ap_alt_but
Texture 'vs-off.dds': Loading 1 faces(PF_DXT1,64x64x1) with 5 custom mipmaps from Image. Internal format is PF_DXT1,64x64x1.
Warning: force-disabling 'lighting' and 'depth_check' of Material tracks/vs-off for use with OverlayElement tracks/ap_vs_but
Texture 'athr-off.dds': Loading 1 faces(PF_DXT1,64x64x1) with 5 custom mipmaps from Image. Internal format is PF_DXT1,64x64x1.
Warning: force-disabling 'lighting' and 'depth_check' of Material tracks/athr-off for use with OverlayElement tracks/ap_ias_but
Texture 'gpws-on.dds': Loading 1 faces(PF_DXT1,64x64x1) with 5 custom mipmaps from Image. Internal format is PF_DXT1,64x64x1.
Warning: force-disabling 'lighting' and 'depth_check' of Material tracks/gpws-on for use with OverlayElement tracks/ap_gpws_but
Texture 'brks-off.dds': Loading 1 faces(PF_DXT1,64x64x1) with 5 custom mipmaps from Image. Internal format is PF_DXT1,64x64x1.
Warning: force-disabling 'lighting' and 'depth_check' of Material tracks/brks-off for use with OverlayElement tracks/ap_brks_but
Parsing script airneedles.overlay
Texture 'thrusthandle.dds': Loading 1 faces(PF_DXT1,32x32x1) with 5 custom mipmaps from Image. Internal format is PF_DXT1,32x32x1.
Warning: force-disabling 'lighting' and 'depth_check' of Material tracks/thrusthandle for use with OverlayElement tracks/thrust1
Texture 'whiteneedle.dds': Loading 1 faces(PF_DXT3,256x256x1) with 5 custom mipmaps from Image. Internal format is PF_DXT3,256x256x1.
Warning: force-disabling 'lighting' and 'depth_check' of Material tracks/airspeedneedle_mat for use with OverlayElement tracks/airspeedneedle
Warning: force-disabling 'lighting' and 'depth_check' of Material tracks/airrpm1needle_mat for use with OverlayElement tracks/airrpm1needle
Warning: force-disabling 'lighting' and 'depth_check' of Material tracks/airrpm2needle_mat for use with OverlayElement tracks/airrpm2needle
Warning: force-disabling 'lighting' and 'depth_check' of Material tracks/airrpm3needle_mat for use with OverlayElement tracks/airrpm3needle
Warning: force-disabling 'lighting' and 'depth_check' of Material tracks/airrpm4needle_mat for use with OverlayElement tracks/airrpm4needle
Warning: force-disabling 'lighting' and 'depth_check' of Material tracks/airpitch1needle_mat for use with OverlayElement tracks/airpitch1needle
Warning: force-disabling 'lighting' and 'depth_check' of Material tracks/airpitch2needle_mat for use with OverlayElement tracks/airpitch2needle
Warning: force-disabling 'lighting' and 'depth_check' of Material tracks/airpitch3needle_mat for use with OverlayElement tracks/airpitch3needle
Warning: force-disabling 'lighting' and 'depth_check' of Material tracks/airpitch4needle_mat for use with OverlayElement tracks/airpitch4needle
Warning: force-disabling 'lighting' and 'depth_check' of Material tracks/airtorque1needle_mat for use with OverlayElement tracks/airtorque1needle
Warning: force-disabling 'lighting' and 'depth_check' of Material tracks/airtorque2needle_mat for use with OverlayElement tracks/airtorque2needle
Warning: force-disabling 'lighting' and 'depth_check' of Material tracks/airtorque3needle_mat for use with OverlayElement tracks/airtorque3needle
Warning: force-disabling 'lighting' and 'depth_check' of Material tracks/airtorque4needle_mat for use with OverlayElement tracks/airtorque4needle
Warning: force-disabling 'lighting' and 'depth_check' of Material tracks/altimeterneedle_mat for use with OverlayElement tracks/altimeterneedle
Warning: force-disabling 'lighting' and 'depth_check' of Material tracks/vvineedle_mat for use with OverlayElement tracks/vvineedle
Warning: force-disabling 'lighting' and 'depth_check' of Material tracks/aoaneedle_mat for use with OverlayElement tracks/aoaneedle
Parsing script boatdashboard.overlay
Texture 'shipsteer_bg.dds': Loading 1 faces(PF_DXT1,256x256x1) with 5 custom mipmaps from Image. Internal format is PF_DXT1,256x256x1.
Warning: force-disabling 'lighting' and 'depth_check' of Material tracks/boatsteer/bg_mat for use with OverlayElement tracks/boatsteer
Texture 'boatspeed.dds': Loading 1 faces(PF_DXT3,256x256x1) with 5 custom mipmaps from Image. Internal format is PF_DXT3,256x256x1.
Warning: force-disabling 'lighting' and 'depth_check' of Material tracks/boatspeed for use with OverlayElement tracks/boatspeed
Texture 'boatdepthmeter.dds': Loading 1 faces(PF_DXT5,256x256x1) with 5 custom mipmaps from Image. Internal format is PF_DXT5,256x256x1.
Warning: force-disabling 'lighting' and 'depth_check' of Material tracks/boatdepthmeter for use with OverlayElement tracks/boatdepthmeter
Texture 'boatthrusttrack.dds': Loading 1 faces(PF_DXT3,32x128x1) with 5 custom mipmaps from Image. Internal format is PF_DXT3,32x128x1.
Warning: force-disabling 'lighting' and 'depth_check' of Material tracks/boatthrusttrack for use with OverlayElement tracks/boatthrusttrack1
Parsing script boatneedles.overlay
Warning: force-disabling 'lighting' and 'depth_check' of Material tracks/boatspeedneedle_mat for use with OverlayElement tracks/boatspeedneedle
Texture 'shipsteer.dds': Loading 1 faces(PF_DXT3,256x256x1) with 5 custom mipmaps from Image. Internal format is PF_DXT3,256x256x1.
Warning: force-disabling 'lighting' and 'depth_check' of Material tracks/boatsteer/fg_mat for use with OverlayElement tracks/boatsteer/fg
Parsing script chat.overlay
Parsing script credits.overlay
Texture 'credits.dds': Loading 1 faces(PF_DXT1,1024x512x1) with 5 custom mipmaps from Image. Internal format is PF_DXT1,1024x512x1.
Warning: force-disabling 'lighting' and 'depth_check' of Material tracks/credits for use with OverlayElement tracks/credits
Parsing script directionarrow.overlay
Warning: force-disabling 'lighting' and 'depth_check' of Material tracks/pointingArrowBackground for use with OverlayElement tracks/DirectionArrow/MainPanel
Parsing script engine.overlay
Texture 'New_Ogre_Border_Center.png': Loading 1 faces(PF_A8R8G8B8,256x128x1) with 5 hardware generated mipmaps from Image. Internal format is PF_A8R8G8B8,256x128x1.
Texture 'New_Ogre_Border.png': Loading 1 faces(PF_A8R8G8B8,256x256x1) with 5 hardware generated mipmaps from Image. Internal format is PF_A8R8G8B8,256x256x1.
Parsing script loader.overlay
Texture 'New_Ogre_Border_Break.png': Loading 1 faces(PF_A8R8G8B8,32x32x1) with 5 hardware generated mipmaps from Image. Internal format is PF_A8R8G8B8,32x32x1.
Warning: force-disabling 'lighting' and 'depth_check' of Material tracks/graytrans for use with OverlayElement tracks/CategoryPanel/ProgressBarBorder
Warning: force-disabling 'lighting' and 'depth_check' of Material tracks/white for use with OverlayElement tracks/CategoryPanel/ProgressBarInner
Texture 'unknown.dds': Loading 1 faces(PF_DXT5,256x256x1) with 5 custom mipmaps from Image. Internal format is PF_DXT5,256x256x1.
Warning: force-disabling 'lighting' and 'depth_check' of Material tracks/Viewer for use with OverlayElement tracks/picture
Parsing script machinedashboard.overlay
Texture 'instructions.dds': Loading 1 faces(PF_DXT1,256x256x1) with 5 custom mipmaps from Image. Internal format is PF_DXT1,256x256x1.
Warning: force-disabling 'lighting' and 'depth_check' of Material tracks/instructions for use with OverlayElement tracks/machineinstructions
Parsing script needles.overlay
Error: ScriptCompiler - no object created in needles.overlay(37): Top level components must be containers, but 'TextArea' is an element
Error: ScriptCompiler - no object created in needles.overlay(55): Top level components must be containers, but 'TextArea' is an element
Error: ScriptCompiler - no object created in needles.overlay(71): Top level components must be containers, but 'TextArea' is an element
Error: ScriptCompiler - no object created in needles.overlay(87): Top level components must be containers, but 'TextArea' is an element
Error: ScriptCompiler - no object created in needles.overlay(103): Top level components must be containers, but 'TextArea' is an element
Error: ScriptCompiler - no object created in needles.overlay(119): Top level components must be containers, but 'TextArea' is an element
Parsing script various.overlay
Texture 'pressure.dds': Loading 1 faces(PF_DXT3,128x128x1) with 5 custom mipmaps from Image. Internal format is PF_DXT3,128x128x1.
Warning: force-disabling 'lighting' and 'depth_check' of Material tracks/pressuremat for use with OverlayElement tracks/pressureo
Warning: force-disabling 'lighting' and 'depth_check' of Material tracks/pressureneedle_mat for use with OverlayElement tracks/pressureneedle
Warning: force-disabling 'lighting' and 'depth_check' of Material tracks/blackFade for use with OverlayElement FadeInOutPanel
Finished parsing scripts for resource group OverlaysRG
Creating resources for group OverlaysRG
All done
[RoR|ContentManager] Loading resource pack "particles" to group "ParticlesRG" (ZIP archive)
Creating resource group ParticlesRG
Added resource location '/Users/beshoyhanna/Development/rigs-of-rods/build-macos-ogre14-roadmap/bin/RoR.app/Contents/MacOS/resources/particles.zip' of type 'Zip' to resource group 'ParticlesRG'
Initialising resource group ParticlesRG
Parsing scripts for resource group ParticlesRG
Parsing script particles.material
Parsing script dust.particle
Parsing script mud.particle
Parsing script smoke.particle
Parsing script snow.particle
Parsing script water.particle
Finished parsing scripts for resource group ParticlesRG
Creating resources for group ParticlesRG
All done
[RoR|ContentManager] Loading resource pack "paged" to group "PagedRG" (ZIP archive)
Creating resource group PagedRG
Added resource location '/Users/beshoyhanna/Development/rigs-of-rods/build-macos-ogre14-roadmap/bin/RoR.app/Contents/MacOS/resources/paged.zip' of type 'Zip' to resource group 'PagedRG'
Initialising resource group PagedRG
Parsing scripts for resource group PagedRG
Parsing script grass.material
Warning: ScriptCompiler - deprecated symbol in grass.material(9): cull_software. Only used by the BSP scene manager.
Warning: ScriptCompiler - deprecated symbol in grass.material(27): cull_software. Only used by the BSP scene manager.
Warning: ScriptCompiler - deprecated symbol in grass.material(44): cull_software. Only used by the BSP scene manager.
Warning: ScriptCompiler - deprecated symbol in grass.material(61): cull_software. Only used by the BSP scene manager.
Warning: ScriptCompiler - deprecated symbol in grass.material(78): cull_software. Only used by the BSP scene manager.
Warning: ScriptCompiler - deprecated symbol in grass.material(96): cull_software. Only used by the BSP scene manager.
Warning: ScriptCompiler - deprecated symbol in grass.material(114): cull_software. Only used by the BSP scene manager.
Warning: ScriptCompiler - deprecated symbol in grass.material(132): cull_software. Only used by the BSP scene manager.
Warning: ScriptCompiler - deprecated symbol in grass.material(150): cull_software. Only used by the BSP scene manager.
Parsing script palm.material
Warning: ScriptCompiler - deprecated symbol in palm.material(9): cull_software. Only used by the BSP scene manager.
Parsing script tree.material
Warning: ScriptCompiler - deprecated symbol in tree.material(26): alpha. Use PF_A8 instead
Warning: ScriptCompiler - deprecated symbol in tree.material(43): alpha. Use PF_A8 instead
Parsing script tree_01.material
Warning: ScriptCompiler - deprecated symbol in tree_01.material(13): texture_alias. Use 'texture $variable'
Warning: ScriptCompiler - deprecated symbol in tree_01.material(31): cull_software. Only used by the BSP scene manager.
Warning: ScriptCompiler - deprecated symbol in tree_01.material(37): texture_alias. Use 'texture $variable'
Warning: ScriptCompiler - deprecated symbol in tree_01.material(61): texture_alias. Use 'texture $variable'
Finished parsing scripts for resource group PagedRG
Creating resources for group PagedRG
All done
Creating resource group {bundle USER:/mods/cityworld-next-gateway-runtime.zip}
Added resource location '/Users/beshoyhanna/Development/rigs-of-rods/build-macos-ogre14-roadmap/cw2-shadow-paired-f87ba8368-run1/no-shadows/work/scene-home/Library/Application Support/Rigs of Rods/mods/cityworld-next-gateway-runtime.zip' of type 'Zip' to resource group '{bundle USER:/mods/cityworld-next-gateway-runtime.zip}'
Initialising resource group {bundle USER:/mods/cityworld-next-gateway-runtime.zip}
Parsing scripts for resource group {bundle USER:/mods/cityworld-next-gateway-runtime.zip}
Parsing script rorng_city_bridge_curve_left_15deg_20m.material
Parsing script rorng_city_bridge_transition_12m.material
Parsing script rorng_city_gateway_block_40m.material
Parsing script simple2.os
Error: ScriptCompiler - unexpected token in simple2.os(1): 'caelum_sky_system'. If this is a legacy script you must prepend the type (e.g. font, overlay).
Error: ScriptCompiler - unexpected token in simple2.os(4): 'sun'. If this is a legacy script you must prepend the type (e.g. font, overlay).
Error: ScriptCompiler - unexpected token in simple2.os(13): 'moon'. If this is a legacy script you must prepend the type (e.g. font, overlay).
Error: ScriptCompiler - unexpected token in simple2.os(22): 'sky_dome'. If this is a legacy script you must prepend the type (e.g. font, overlay).
Finished parsing scripts for resource group {bundle USER:/mods/cityworld-next-gateway-runtime.zip}
Creating resources for group {bundle USER:/mods/cityworld-next-gateway-runtime.zip}
All done
 ===== LOADING TERRAIN cityworld_gateway_runtime.terrn2
[RoR|PleaseWaitUI] <10%> Initializing Object Subsystem
[RoR|PleaseWaitUI] <17%> Initializing Geometry Subsystem
[RoR|PleaseWaitUI] <23%> Initializing Camera Subsystem
[RoR|PleaseWaitUI] <25%> Initializing Sky Subsystem
Texture 'cloudy_noon.dds': Loading 6 faces(PF_DXT1,512x512x1) with 5 custom mipmaps from multiple Images. Internal format is PF_DXT1,512x512x1.
[RoR|PleaseWaitUI] <27%> Initializing Light Subsystem
[RoR|PleaseWaitUI] <28%> Initializing Shadow Subsystem
[RoR|PleaseWaitUI] <29%> Initializing Fog Subsystem
[RoR|PleaseWaitUI] <31%> Initializing Vegetation Subsystem
[RoR|PleaseWaitUI] <40%> Loading Terrain Geometry
done loading page: loaded 1 layers
[RoR|PleaseWaitUI] <44%> Loading terrain pages ...
Terrain created; size=1025 minBatch=17 maxBatch=65 treeDepth=5 lodLevels=7 leafLods=3
RTSS: using f1cc2d109f8adcb4402c560dbcad0809_VS for Pass 0 of 'OgreTerrain/2548447198'
RTSS: using d222809ed12cb7a85d2ddf6c6cc4bb4d_FS for Pass 0 of 'OgreTerrain/2548447198'
RTSS: using 572dd29a4cc9059a68e315add362812d_VS for Pass 0 of 'OgreTerrain/2548447198'
RTSS: using 0edfb3f0978a2915ef74ad50734e28c8_FS for Pass 0 of 'OgreTerrain/2548447198'
Texture 'simple2-gravel_diffusespecular.dds': Loading 1 faces(PF_DXT5,512x512x1) with 5 custom mipmaps from Image. Internal format is PF_DXT5,512x512x1.
Texture 'simple2-gravel_normalheight.dds': Loading 1 faces(PF_DXT5,512x512x1) with 5 custom mipmaps from Image. Internal format is PF_DXT5,512x512x1.
RTSS: using 91ab00fe4524b6908e7c66dae9d2273e_VS for Pass 0 of 'OgreTerrain/2548447198/comp'
RTSS: using 912f2205a4b3ef1a8f77854043fa7333_FS for Pass 0 of 'OgreTerrain/2548447198/comp'
RTSS: using f1cc2d109f8adcb4402c560dbcad0809_VS for Pass 0 of 'OgreTerrain/2548447198'
RTSS: using d222809ed12cb7a85d2ddf6c6cc4bb4d_FS for Pass 0 of 'OgreTerrain/2548447198'
RTSS: using 572dd29a4cc9059a68e315add362812d_VS for Pass 0 of 'OgreTerrain/2548447198'
RTSS: using 0edfb3f0978a2915ef74ad50734e28c8_FS for Pass 0 of 'OgreTerrain/2548447198'
RTSS: using 91ab00fe4524b6908e7c66dae9d2273e_VS for Pass 0 of 'OgreTerrain/2548447198/comp'
RTSS: using 912f2205a4b3ef1a8f77854043fa7333_FS for Pass 0 of 'OgreTerrain/2548447198/comp'
 *** Terrain loaded from cache ***
RTSS: using 2c3a67ed69eb2b45d0879220f1d3ba9f_VS for Pass 0 of 'rigsofrods/WallpaperMat'
RTSS: using 0edfb3f0978a2915ef74ad50734e28c8_FS for Pass 0 of 'rigsofrods/WallpaperMat'
RTSS: using e73c7192a801d65a4bc4b8996fe43f7a_VS for Pass 0 of 'ImGui/material'
RTSS: using 837f3874c816f8f40226deb62182ebb1_FS for Pass 0 of 'ImGui/material'
RTSS: using 8340a5709a0a468830c9eca28daa7d10_VS for Pass 0 of 'tracks/skyboxcol'
RTSS: using b8e0864820f7d44e58234ec701b0db12_FS for Pass 0 of 'tracks/skyboxcol'
[RoR|PleaseWaitUI] <60%> Initializing Collision Subsystem
[RoR|PleaseWaitUI] <75%> Initializing Script Subsystem
Executing main() in cityworld_gateway_runtime.as(category:TERRAIN,unique ID:0)
[RoR|CVar]  sim_deterministic_fixed_steps_per_frame:  "20" (was: "0")
[RoR|CVar]           ui_hide_gui:  "Yes" (was: "No")
[RoR|CW2|GatewayRuntime] START modules=5 seams=4 turn_degrees=45 gateway_m=40
The script finished successfully.
[RoR|PleaseWaitUI] <77%> Initializing Water Subsystem
[RoR|PleaseWaitUI] <80%> Loading Terrain Objects
Mesh: Loading rorng_city_bridge_curve_left_15deg_20m_lod0.mesh.
Mesh: Loading rorng_city_bridge_curve_left_15deg_20m_collision_barrier_left.mesh.
Mesh: Loading rorng_city_bridge_curve_left_15deg_20m_collision_barrier_right.mesh.
Mesh: Loading rorng_city_bridge_curve_left_15deg_20m_collision_road.mesh.
Mesh: Loading rorng_city_bridge_transition_12m_lod0.mesh.
Mesh: Loading rorng_city_bridge_transition_12m_collision_barrier_left.mesh.
Mesh: Loading rorng_city_bridge_transition_12m_collision_barrier_right.mesh.
Mesh: Loading rorng_city_bridge_transition_12m_collision_road.mesh.
Mesh: Loading rorng_city_gateway_block_40m_lod0.mesh.
Mesh: Loading rorng_city_gateway_block_40m_collision_barrier_left.mesh.
Mesh: Loading rorng_city_gateway_block_40m_collision_barrier_right.mesh.
Mesh: Loading rorng_city_gateway_block_40m_collision_road.mesh.
Texture 'flare.dds': Loading 1 faces(PF_DXT5,128x128x1) with 5 custom mipmaps from Image. Internal format is PF_DXT5,128x128x1.
[RoR|TerrainObject|Lights] odef=rorng_city_gateway_block_40m.odef spotlights=0 point_lights=8
RoR was not compiled with PagedGeometry support. You cannot use Landuse maps with it.
RTSS: using 839a275503c059b65963ee86b94f0958_VS for Pass 0 of 'rorng_gateway_asphalt'
RTSS: using 0707934bcf4c4eaf95146f0593b5065b_FS for Pass 0 of 'rorng_gateway_asphalt'
RTSS: using 839a275503c059b65963ee86b94f0958_VS for Pass 0 of 'rorng_gateway_sidewalk'
RTSS: using 0707934bcf4c4eaf95146f0593b5065b_FS for Pass 0 of 'rorng_gateway_sidewalk'
RTSS: using 839a275503c059b65963ee86b94f0958_VS for Pass 0 of 'rorng_gateway_architectural_concrete'
RTSS: using 0707934bcf4c4eaf95146f0593b5065b_FS for Pass 0 of 'rorng_gateway_architectural_concrete'
RTSS: using 839a275503c059b65963ee86b94f0958_VS for Pass 0 of 'rorng_gateway_lane_white'
RTSS: using 0707934bcf4c4eaf95146f0593b5065b_FS for Pass 0 of 'rorng_gateway_lane_white'
RTSS: using 839a275503c059b65963ee86b94f0958_VS for Pass 0 of 'rorng_gateway_lane_yellow'
RTSS: using 0707934bcf4c4eaf95146f0593b5065b_FS for Pass 0 of 'rorng_gateway_lane_yellow'
RTSS: using 839a275503c059b65963ee86b94f0958_VS for Pass 0 of 'rorng_gateway_brick'
RTSS: using 0707934bcf4c4eaf95146f0593b5065b_FS for Pass 0 of 'rorng_gateway_brick'
RTSS: using 839a275503c059b65963ee86b94f0958_VS for Pass 0 of 'rorng_gateway_glass_blue'
RTSS: using 0707934bcf4c4eaf95146f0593b5065b_FS for Pass 0 of 'rorng_gateway_glass_blue'
RTSS: using 839a275503c059b65963ee86b94f0958_VS for Pass 0 of 'rorng_gateway_powdercoat_metal'
RTSS: using 0707934bcf4c4eaf95146f0593b5065b_FS for Pass 0 of 'rorng_gateway_powdercoat_metal'
RTSS: using 839a275503c059b65963ee86b94f0958_VS for Pass 0 of 'rorng_gateway_stone'
RTSS: using 0707934bcf4c4eaf95146f0593b5065b_FS for Pass 0 of 'rorng_gateway_stone'
RTSS: using 839a275503c059b65963ee86b94f0958_VS for Pass 0 of 'rorng_gateway_tree_bark'
RTSS: using 0707934bcf4c4eaf95146f0593b5065b_FS for Pass 0 of 'rorng_gateway_tree_bark'
RTSS: using 839a275503c059b65963ee86b94f0958_VS for Pass 0 of 'rorng_gateway_leaf_dark'
RTSS: using 0707934bcf4c4eaf95146f0593b5065b_FS for Pass 0 of 'rorng_gateway_leaf_dark'
RTSS: using 839a275503c059b65963ee86b94f0958_VS for Pass 0 of 'rorng_gateway_leaf_light'
RTSS: using 0707934bcf4c4eaf95146f0593b5065b_FS for Pass 0 of 'rorng_gateway_leaf_light'
RTSS: using 839a275503c059b65963ee86b94f0958_VS for Pass 0 of 'rorng_gateway_lamp_emissive'
RTSS: using 0707934bcf4c4eaf95146f0593b5065b_FS for Pass 0 of 'rorng_gateway_lamp_emissive'
RTSS: using 2c3a67ed69eb2b45d0879220f1d3ba9f_VS for Pass 0 of 'tracks/flare'
RTSS: using 5840dcf54f8abf0be0cdcfd96c1961ec_FS for Pass 0 of 'tracks/flare'
[RoR|PleaseWaitUI] <90%> Initializing terrain light properties
Texture 'smoke.dds': Loading 1 faces(PF_DXT5,128x128x1) with 5 custom mipmaps from Image. Internal format is PF_DXT5,128x128x1.
Texture 'dust.dds': Loading 1 faces(PF_DXT5,128x128x1) with 5 custom mipmaps from Image. Internal format is PF_DXT5,128x128x1.
Texture 'flaretrail.png': Loading 1 faces(PF_A8R8G8B8,256x256x1) with 5 hardware generated mipmaps from Image. Internal format is PF_A8R8G8B8,256x256x1.
Texture 'splash.dds': Loading 1 faces(PF_DXT5,256x256x1) with 5 custom mipmaps from Image. Internal format is PF_DXT5,256x256x1.
Texture 'ripple.dds': Loading 1 faces(PF_DXT5,128x128x1) with 5 custom mipmaps from Image. Internal format is PF_DXT5,128x128x1.
[RoR|PleaseWaitUI] <92%> Initializing Overview Map Subsystem
RTSS: using 2c3a67ed69eb2b45d0879220f1d3ba9f_VS for Pass 0 of 'rigsofrods/WallpaperMat'
RTSS: using 0edfb3f0978a2915ef74ad50734e28c8_FS for Pass 0 of 'rigsofrods/WallpaperMat'
RTSS: using e73c7192a801d65a4bc4b8996fe43f7a_VS for Pass 0 of 'ImGui/material'
RTSS: using 837f3874c816f8f40226deb62182ebb1_FS for Pass 0 of 'ImGui/material'
RTSS: using 8340a5709a0a468830c9eca28daa7d10_VS for Pass 0 of 'tracks/skyboxcol'
RTSS: using b8e0864820f7d44e58234ec701b0db12_FS for Pass 0 of 'tracks/skyboxcol'
RTSS: using 839a275503c059b65963ee86b94f0958_VS for Pass 0 of 'rorng_gateway_asphalt'
RTSS: using 09374ea492bda38d3c3ada90a7d9e5b4_FS for Pass 0 of 'rorng_gateway_asphalt'
RTSS: using 839a275503c059b65963ee86b94f0958_VS for Pass 0 of 'rorng_gateway_sidewalk'
RTSS: using 09374ea492bda38d3c3ada90a7d9e5b4_FS for Pass 0 of 'rorng_gateway_sidewalk'
RTSS: using 839a275503c059b65963ee86b94f0958_VS for Pass 0 of 'rorng_gateway_architectural_concrete'
RTSS: using 09374ea492bda38d3c3ada90a7d9e5b4_FS for Pass 0 of 'rorng_gateway_architectural_concrete'
RTSS: using 839a275503c059b65963ee86b94f0958_VS for Pass 0 of 'rorng_gateway_lane_white'
RTSS: using 09374ea492bda38d3c3ada90a7d9e5b4_FS for Pass 0 of 'rorng_gateway_lane_white'
RTSS: using 839a275503c059b65963ee86b94f0958_VS for Pass 0 of 'rorng_gateway_lane_yellow'
RTSS: using 09374ea492bda38d3c3ada90a7d9e5b4_FS for Pass 0 of 'rorng_gateway_lane_yellow'
RTSS: using 839a275503c059b65963ee86b94f0958_VS for Pass 0 of 'rorng_gateway_brick'
RTSS: using 09374ea492bda38d3c3ada90a7d9e5b4_FS for Pass 0 of 'rorng_gateway_brick'
RTSS: using 839a275503c059b65963ee86b94f0958_VS for Pass 0 of 'rorng_gateway_glass_blue'
RTSS: using 09374ea492bda38d3c3ada90a7d9e5b4_FS for Pass 0 of 'rorng_gateway_glass_blue'
RTSS: using 839a275503c059b65963ee86b94f0958_VS for Pass 0 of 'rorng_gateway_powdercoat_metal'
RTSS: using 09374ea492bda38d3c3ada90a7d9e5b4_FS for Pass 0 of 'rorng_gateway_powdercoat_metal'
RTSS: using 839a275503c059b65963ee86b94f0958_VS for Pass 0 of 'rorng_gateway_stone'
RTSS: using 09374ea492bda38d3c3ada90a7d9e5b4_FS for Pass 0 of 'rorng_gateway_stone'
RTSS: using 839a275503c059b65963ee86b94f0958_VS for Pass 0 of 'rorng_gateway_tree_bark'
RTSS: using 09374ea492bda38d3c3ada90a7d9e5b4_FS for Pass 0 of 'rorng_gateway_tree_bark'
RTSS: using 839a275503c059b65963ee86b94f0958_VS for Pass 0 of 'rorng_gateway_leaf_dark'
RTSS: using 09374ea492bda38d3c3ada90a7d9e5b4_FS for Pass 0 of 'rorng_gateway_leaf_dark'
RTSS: using 839a275503c059b65963ee86b94f0958_VS for Pass 0 of 'rorng_gateway_leaf_light'
RTSS: using 09374ea492bda38d3c3ada90a7d9e5b4_FS for Pass 0 of 'rorng_gateway_leaf_light'
RTSS: using 839a275503c059b65963ee86b94f0958_VS for Pass 0 of 'rorng_gateway_lamp_emissive'
RTSS: using 09374ea492bda38d3c3ada90a7d9e5b4_FS for Pass 0 of 'rorng_gateway_lamp_emissive'
RTSS: using 2c3a67ed69eb2b45d0879220f1d3ba9f_VS for Pass 0 of 'tracks/flare'
RTSS: using 5840dcf54f8abf0be0cdcfd96c1961ec_FS for Pass 0 of 'tracks/flare'
RTSS: using 839a275503c059b65963ee86b94f0958_VS for Pass 0 of 'rorng_city_concrete'
RTSS: using 09374ea492bda38d3c3ada90a7d9e5b4_FS for Pass 0 of 'rorng_city_concrete'
RTSS: using 839a275503c059b65963ee86b94f0958_VS for Pass 0 of 'rorng_city_asphalt'
RTSS: using 09374ea492bda38d3c3ada90a7d9e5b4_FS for Pass 0 of 'rorng_city_asphalt'
RTSS: using 839a275503c059b65963ee86b94f0958_VS for Pass 0 of 'rorng_city_galvanized_steel'
RTSS: using 09374ea492bda38d3c3ada90a7d9e5b4_FS for Pass 0 of 'rorng_city_galvanized_steel'
RTSS: using 839a275503c059b65963ee86b94f0958_VS for Pass 0 of 'rorng_city_lane_white'
RTSS: using 09374ea492bda38d3c3ada90a7d9e5b4_FS for Pass 0 of 'rorng_city_lane_white'
RTSS: using 839a275503c059b65963ee86b94f0958_VS for Pass 0 of 'rorng_city_lane_yellow'
RTSS: using 09374ea492bda38d3c3ada90a7d9e5b4_FS for Pass 0 of 'rorng_city_lane_yellow'
RTSS: using 839a275503c059b65963ee86b94f0958_VS for Pass 0 of 'rorng_city_dark_steel'
RTSS: using 09374ea492bda38d3c3ada90a7d9e5b4_FS for Pass 0 of 'rorng_city_dark_steel'
RTSS: using 839a275503c059b65963ee86b94f0958_VS for Pass 0 of 'rorng_city_lamp_emissive'
RTSS: using 09374ea492bda38d3c3ada90a7d9e5b4_FS for Pass 0 of 'rorng_city_lamp_emissive'
RTSS: using 839a275503c059b65963ee86b94f0958_VS for Pass 0 of 'rorng_transition_concrete'
RTSS: using 09374ea492bda38d3c3ada90a7d9e5b4_FS for Pass 0 of 'rorng_transition_concrete'
RTSS: using 839a275503c059b65963ee86b94f0958_VS for Pass 0 of 'rorng_transition_asphalt'
RTSS: using 09374ea492bda38d3c3ada90a7d9e5b4_FS for Pass 0 of 'rorng_transition_asphalt'
RTSS: using 839a275503c059b65963ee86b94f0958_VS for Pass 0 of 'rorng_transition_dark_steel'
RTSS: using 09374ea492bda38d3c3ada90a7d9e5b4_FS for Pass 0 of 'rorng_transition_dark_steel'
RTSS: using 839a275503c059b65963ee86b94f0958_VS for Pass 0 of 'rorng_transition_lane_white'
RTSS: using 09374ea492bda38d3c3ada90a7d9e5b4_FS for Pass 0 of 'rorng_transition_lane_white'
RTSS: using 839a275503c059b65963ee86b94f0958_VS for Pass 0 of 'rorng_transition_lane_yellow'
RTSS: using 09374ea492bda38d3c3ada90a7d9e5b4_FS for Pass 0 of 'rorng_transition_lane_yellow'
RTSS: using 839a275503c059b65963ee86b94f0958_VS for Pass 0 of 'rorng_transition_galvanized_steel'
RTSS: using 09374ea492bda38d3c3ada90a7d9e5b4_FS for Pass 0 of 'rorng_transition_galvanized_steel'
Texture 'SurveyMapStatic': Loading 1 faces(PF_R8G8B8,4096x4096x1) with 5 hardware generated mipmaps from Image. Internal format is PF_R8G8B8,4096x4096x1.
 ===== LOADING TERRAIN ACTORS cityworld_gateway_runtime.terrn2
[RoR|PleaseWaitUI] <95%> Loading Terrain Actors
 ===== TERRAIN LOADING DONE cityworld_gateway_runtime.terrn2
[RoR|CVar]      sim_terrain_name:  "cityworld_gateway_runtime.terrn2" (was: "")
[RoR|CVar]  sim_terrain_gui_name:  "CityWorld Next Gateway Runtime Gate" (was: "")
Mesh: Loading character.mesh.
Can't assign material to SubMesh of 'character.mesh'. Material 'character' not found in group 'MeshesRG'. Have you forgotten to define it in a .material script?
Skeleton: Loading character.skeleton
Texture 'character.dds': Loading 1 faces(PF_X8R8G8B8,1024x1024x1) with 5 custom mipmaps from Image. Internal format is PF_X8R8G8B8,1024x1024x1.
Texture 'character-alpha.png': Loading 1 faces(PF_A8R8G8B8,1024x1024x1) with 5 hardware generated mipmaps from Image. Internal format is PF_A8R8G8B8,1024x1024x1.
Mesh: Loading arrow2.mesh.
Texture 'targetarrowtex.dds': Loading 1 faces(PF_DXT3,128x128x1) with 5 custom mipmaps from Image. Internal format is PF_DXT3,128x128x1.
[RoR|CVar]             sim_state:  "1" (was: "0")
[RoR|CVar]             app_state:  "2" (was: "1")
[RoR|CVar]             sim_state:  "2" (was: "1")
RTSS: using 4b23046936a0d3b197116992a2aa3e0b_VS for Pass 0 of 'tracks/Character#0'
RTSS: using 4dc3f2ce7b891eb7fec3c31a8d4d6370_FS for Pass 0 of 'tracks/Character#0'
RTSS: using 4b23046936a0d3b197116992a2aa3e0b_VS for Pass 1 of 'tracks/Character#0'
RTSS: using 317a03059f98b12cdc10815a4970964b_FS for Pass 1 of 'tracks/Character#0'
 ===== LOADING VEHICLE: b6b0UID-semi.truck
Creating resource group {bundle BIN:/content/dafsemi.zip}
Added resource location '/Users/beshoyhanna/Development/rigs-of-rods/build-macos-ogre14-roadmap/bin/RoR.app/Contents/MacOS/content/dafsemi.zip' of type 'Zip' to resource group '{bundle BIN:/content/dafsemi.zip}'
Added resource location '/Users/beshoyhanna/Development/rigs-of-rods/build-macos-ogre14-roadmap/bin/RoR.app/Contents/MacOS/resources/managed_materials/shadows/pssm/off' of type 'FileSystem' to resource group '{bundle BIN:/content/dafsemi.zip}'
Added resource location '/Users/beshoyhanna/Development/rigs-of-rods/build-macos-ogre14-roadmap/bin/RoR.app/Contents/MacOS/resources/managed_materials/texture' of type 'FileSystem' to resource group '{bundle BIN:/content/dafsemi.zip}'
Added resource location '/Users/beshoyhanna/Development/rigs-of-rods/build-macos-ogre14-roadmap/bin/RoR.app/Contents/MacOS/resources/managed_materials' of type 'FileSystem' to resource group '{bundle BIN:/content/dafsemi.zip}'
[RoR|ContentManager] Loading resource pack "textures" to group "{bundle BIN:/content/dafsemi.zip}" (ZIP archive)
Added resource location '/Users/beshoyhanna/Development/rigs-of-rods/build-macos-ogre14-roadmap/bin/RoR.app/Contents/MacOS/resources/textures.zip' of type 'Zip' to resource group '{bundle BIN:/content/dafsemi.zip}'
[RoR|ContentManager] Loading resource pack "materials" to group "{bundle BIN:/content/dafsemi.zip}" (ZIP archive)
Added resource location '/Users/beshoyhanna/Development/rigs-of-rods/build-macos-ogre14-roadmap/bin/RoR.app/Contents/MacOS/resources/materials.zip' of type 'Zip' to resource group '{bundle BIN:/content/dafsemi.zip}'
[RoR|ContentManager] Loading resource pack "meshes" to group "{bundle BIN:/content/dafsemi.zip}" (ZIP archive)
Warning: Skipping 'character.material' because it already exists in resource group '{bundle BIN:/content/dafsemi.zip}'
Added resource location '/Users/beshoyhanna/Development/rigs-of-rods/build-macos-ogre14-roadmap/bin/RoR.app/Contents/MacOS/resources/meshes.zip' of type 'Zip' to resource group '{bundle BIN:/content/dafsemi.zip}'
Initialising resource group {bundle BIN:/content/dafsemi.zip}
Parsing scripts for resource group {bundle BIN:/content/dafsemi.zip}
Parsing script nicemetal_mm.program
Parsing script general.program
Parsing script nicemetal.program
Parsing script b6b0UID-semi.material
Parsing script b6b0UID-semiflat.material
Parsing script shadows.material
Parsing script texture_manager.material
Parsing script managed_mats_vehicles_nicemetal.material
Warning: ScriptCompiler - deprecated symbol in managed_mats_vehicles_nicemetal.material(31): texture_alias. Use 'texture $variable'
Warning: ScriptCompiler - deprecated symbol in managed_mats_vehicles_nicemetal.material(51): texture_alias. Use 'texture $variable'
Warning: ScriptCompiler - deprecated symbol in managed_mats_vehicles_nicemetal.material(56): 'cubic_texture ..'. Use 'texture .. cubic' instead.
Warning: ScriptCompiler - deprecated symbol in managed_mats_vehicles_nicemetal.material(92): texture_alias. Use 'texture $variable'
Warning: ScriptCompiler - deprecated symbol in managed_mats_vehicles_nicemetal.material(118): texture_alias. Use 'texture $variable'
Warning: ScriptCompiler - deprecated symbol in managed_mats_vehicles_nicemetal.material(123): 'cubic_texture ..'. Use 'texture .. cubic' instead.
Warning: ScriptCompiler - deprecated symbol in managed_mats_vehicles_nicemetal.material(151): texture_alias. Use 'texture $variable'
Warning: ScriptCompiler - deprecated symbol in managed_mats_vehicles_nicemetal.material(157): texture_alias. Use 'texture $variable'
Warning: ScriptCompiler - deprecated symbol in managed_mats_vehicles_nicemetal.material(176): texture_alias. Use 'texture $variable'
Warning: ScriptCompiler - deprecated symbol in managed_mats_vehicles_nicemetal.material(181): 'cubic_texture ..'. Use 'texture .. cubic' instead.
Parsing script managed_submesh.material
Error: ScriptCompiler - unexpected token in managed_submesh.material(25): token "normalise_normals" is not recognized
Warning: ScriptCompiler - deprecated symbol in managed_submesh.material(33): texture_alias. Use 'texture $variable'
Warning: ScriptCompiler - deprecated symbol in managed_submesh.material(53): texture_alias. Use 'texture $variable'
Warning: ScriptCompiler - deprecated symbol in managed_mats.material(13): texture_alias. Use 'texture $variable'
Warning: ScriptCompiler - deprecated symbol in managed_submesh.material(70): texture_alias. Use 'texture $variable'
Warning: ScriptCompiler - deprecated symbol in managed_submesh.material(86): cull_software. Only used by the BSP scene manager.
Warning: ScriptCompiler - deprecated symbol in managed_submesh.material(90): texture_alias. Use 'texture $variable'
Warning: ScriptCompiler - deprecated symbol in managed_submesh.material(98): 'cubic_texture ..'. Use 'texture .. cubic' instead.
Error: ScriptCompiler - unexpected token in managed_submesh.material(131): token "normalise_normals" is not recognized
Warning: ScriptCompiler - deprecated symbol in managed_submesh.material(139): texture_alias. Use 'texture $variable'
Warning: ScriptCompiler - deprecated symbol in managed_submesh.material(159): texture_alias. Use 'texture $variable'
Warning: ScriptCompiler - deprecated symbol in managed_mats.material(13): texture_alias. Use 'texture $variable'
Warning: ScriptCompiler - deprecated symbol in managed_submesh.material(176): texture_alias. Use 'texture $variable'
Warning: ScriptCompiler - deprecated symbol in managed_submesh.material(194): texture_alias. Use 'texture $variable'
Warning: ScriptCompiler - deprecated symbol in managed_submesh.material(203): 'cubic_texture ..'. Use 'texture .. cubic' instead.
Error: ScriptCompiler - unexpected token in managed_submesh.material(237): token "normalise_normals" is not recognized
Warning: ScriptCompiler - deprecated symbol in managed_submesh.material(245): texture_alias. Use 'texture $variable'
Warning: ScriptCompiler - deprecated symbol in managed_mats.material(13): texture_alias. Use 'texture $variable'
Warning: ScriptCompiler - deprecated symbol in managed_submesh.material(270): texture_alias. Use 'texture $variable'
Warning: ScriptCompiler - deprecated symbol in managed_submesh.material(286): cull_software. Only used by the BSP scene manager.
Warning: ScriptCompiler - deprecated symbol in managed_submesh.material(290): texture_alias. Use 'texture $variable'
Warning: ScriptCompiler - deprecated symbol in managed_submesh.material(298): 'cubic_texture ..'. Use 'texture .. cubic' instead.
Error: ScriptCompiler - unexpected token in managed_submesh.material(342): token "normalise_normals" is not recognized
Warning: ScriptCompiler - deprecated symbol in managed_submesh.material(350): texture_alias. Use 'texture $variable'
Warning: ScriptCompiler - deprecated symbol in managed_mats.material(13): texture_alias. Use 'texture $variable'
Warning: ScriptCompiler - deprecated symbol in managed_submesh.material(375): texture_alias. Use 'texture $variable'
Warning: ScriptCompiler - deprecated symbol in managed_submesh.material(393): texture_alias. Use 'texture $variable'
Warning: ScriptCompiler - deprecated symbol in managed_submesh.material(402): 'cubic_texture ..'. Use 'texture .. cubic' instead.
Parsing script managed_mats_vehicles.material
Warning: ScriptCompiler - deprecated symbol in texture_manager.material(16): 'cubic_texture ..'. Use 'texture .. cubic' instead.
Warning: ScriptCompiler - deprecated symbol in texture_manager.material(16): 'cubic_texture ..'. Use 'texture .. cubic' instead.
Warning: ScriptCompiler - deprecated symbol in texture_manager.material(16): 'cubic_texture ..'. Use 'texture .. cubic' instead.
Parsing script managed_mats_vehicles_transparent_nicemetal.material
Warning: ScriptCompiler - deprecated symbol in managed_mats_vehicles_transparent_nicemetal.material(33): texture_alias. Use 'texture $variable'
Warning: ScriptCompiler - deprecated symbol in managed_mats_vehicles_transparent_nicemetal.material(54): texture_alias. Use 'texture $variable'
Warning: ScriptCompiler - deprecated symbol in managed_mats_vehicles_transparent_nicemetal.material(59): 'cubic_texture ..'. Use 'texture .. cubic' instead.
Warning: ScriptCompiler - deprecated symbol in managed_mats_vehicles_transparent_nicemetal.material(98): texture_alias. Use 'texture $variable'
Warning: ScriptCompiler - deprecated symbol in managed_mats_vehicles_transparent_nicemetal.material(125): texture_alias. Use 'texture $variable'
Error: ScriptCompiler - fewer parameters expected in managed_mats_vehicles_transparent_nicemetal.material(125): texture_alias must have at most 1 argument
Warning: ScriptCompiler - deprecated symbol in managed_mats_vehicles_transparent_nicemetal.material(130): 'cubic_texture ..'. Use 'texture .. cubic' instead.
Warning: ScriptCompiler - deprecated symbol in managed_mats_vehicles_transparent_nicemetal.material(166): texture_alias. Use 'texture $variable'
Warning: ScriptCompiler - deprecated symbol in managed_mats_vehicles_transparent_nicemetal.material(186): texture_alias. Use 'texture $variable'
Warning: ScriptCompiler - deprecated symbol in managed_mats_vehicles_transparent_nicemetal.material(191): 'cubic_texture ..'. Use 'texture .. cubic' instead.
Parsing script managed_mats.material
Parsing script managed_mats_vehicles_transparent.material
Warning: ScriptCompiler - deprecated symbol in texture_manager.material(16): 'cubic_texture ..'. Use 'texture .. cubic' instead.
Warning: ScriptCompiler - deprecated symbol in texture_manager.material(16): 'cubic_texture ..'. Use 'texture .. cubic' instead.
Warning: ScriptCompiler - deprecated symbol in texture_manager.material(16): 'cubic_texture ..'. Use 'texture .. cubic' instead.
Parsing script character.material
Warning: ScriptCompiler - deprecated symbol in managed_mats.material(13): texture_alias. Use 'texture $variable'
Parsing script eurosigns.material
Warning: ScriptCompiler - deprecated symbol in managed_mats.material(13): texture_alias. Use 'texture $variable'
Warning: ScriptCompiler - deprecated symbol in managed_mats.material(13): texture_alias. Use 'texture $variable'
Warning: ScriptCompiler - deprecated symbol in managed_mats.material(13): texture_alias. Use 'texture $variable'
Warning: ScriptCompiler - deprecated symbol in managed_mats.material(13): texture_alias. Use 'texture $variable'
Warning: ScriptCompiler - deprecated symbol in managed_mats.material(13): texture_alias. Use 'texture $variable'
Warning: ScriptCompiler - deprecated symbol in managed_mats.material(13): texture_alias. Use 'texture $variable'
Warning: ScriptCompiler - deprecated symbol in managed_mats.material(13): texture_alias. Use 'texture $variable'
Warning: ScriptCompiler - deprecated symbol in managed_mats.material(13): texture_alias. Use 'texture $variable'
Warning: ScriptCompiler - deprecated symbol in managed_mats.material(13): texture_alias. Use 'texture $variable'
Warning: ScriptCompiler - deprecated symbol in managed_mats.material(13): texture_alias. Use 'texture $variable'
Warning: ScriptCompiler - deprecated symbol in managed_mats.material(13): texture_alias. Use 'texture $variable'
Warning: ScriptCompiler - deprecated symbol in managed_mats.material(13): texture_alias. Use 'texture $variable'
Warning: ScriptCompiler - deprecated symbol in managed_mats.material(13): texture_alias. Use 'texture $variable'
Warning: ScriptCompiler - deprecated symbol in managed_mats.material(13): texture_alias. Use 'texture $variable'
Warning: ScriptCompiler - deprecated symbol in managed_mats.material(13): texture_alias. Use 'texture $variable'
Warning: ScriptCompiler - deprecated symbol in managed_mats.material(13): texture_alias. Use 'texture $variable'
Warning: ScriptCompiler - deprecated symbol in managed_mats.material(13): texture_alias. Use 'texture $variable'
Warning: ScriptCompiler - deprecated symbol in managed_mats.material(13): texture_alias. Use 'texture $variable'
Warning: ScriptCompiler - deprecated symbol in managed_mats.material(13): texture_alias. Use 'texture $variable'
Warning: ScriptCompiler - deprecated symbol in managed_mats.material(13): texture_alias. Use 'texture $variable'
Warning: ScriptCompiler - deprecated symbol in managed_mats.material(13): texture_alias. Use 'texture $variable'
Warning: ScriptCompiler - deprecated symbol in managed_mats.material(13): texture_alias. Use 'texture $variable'
Warning: ScriptCompiler - deprecated symbol in managed_mats.material(13): texture_alias. Use 'texture $variable'
Warning: ScriptCompiler - deprecated symbol in managed_mats.material(13): texture_alias. Use 'texture $variable'
Warning: ScriptCompiler - deprecated symbol in managed_mats.material(13): texture_alias. Use 'texture $variable'
Warning: ScriptCompiler - deprecated symbol in managed_mats.material(13): texture_alias. Use 'texture $variable'
Warning: ScriptCompiler - deprecated symbol in managed_mats.material(13): texture_alias. Use 'texture $variable'
Warning: ScriptCompiler - deprecated symbol in managed_mats.material(13): texture_alias. Use 'texture $variable'
Warning: ScriptCompiler - deprecated symbol in managed_mats.material(13): texture_alias. Use 'texture $variable'
Warning: ScriptCompiler - deprecated symbol in managed_mats.material(13): texture_alias. Use 'texture $variable'
Warning: ScriptCompiler - deprecated symbol in managed_mats.material(13): texture_alias. Use 'texture $variable'
Warning: ScriptCompiler - deprecated symbol in managed_mats.material(13): texture_alias. Use 'texture $variable'
Warning: ScriptCompiler - deprecated symbol in managed_mats.material(13): texture_alias. Use 'texture $variable'
Warning: ScriptCompiler - deprecated symbol in managed_mats.material(13): texture_alias. Use 'texture $variable'
Warning: ScriptCompiler - deprecated symbol in managed_mats.material(13): texture_alias. Use 'texture $variable'
Warning: ScriptCompiler - deprecated symbol in managed_mats.material(13): texture_alias. Use 'texture $variable'
Warning: ScriptCompiler - deprecated symbol in managed_mats.material(13): texture_alias. Use 'texture $variable'
Warning: ScriptCompiler - deprecated symbol in managed_mats.material(13): texture_alias. Use 'texture $variable'
Warning: ScriptCompiler - deprecated symbol in managed_mats.material(13): texture_alias. Use 'texture $variable'
Warning: ScriptCompiler - deprecated symbol in managed_mats.material(13): texture_alias. Use 'texture $variable'
Warning: ScriptCompiler - deprecated symbol in managed_mats.material(13): texture_alias. Use 'texture $variable'
Warning: ScriptCompiler - deprecated symbol in managed_mats.material(13): texture_alias. Use 'texture $variable'
Warning: ScriptCompiler - deprecated symbol in managed_mats.material(13): texture_alias. Use 'texture $variable'
Warning: ScriptCompiler - deprecated symbol in managed_mats.material(13): texture_alias. Use 'texture $variable'
Warning: ScriptCompiler - deprecated symbol in managed_mats.material(13): texture_alias. Use 'texture $variable'
Warning: ScriptCompiler - deprecated symbol in managed_mats.material(13): texture_alias. Use 'texture $variable'
Warning: ScriptCompiler - deprecated symbol in managed_mats.material(13): texture_alias. Use 'texture $variable'
Warning: ScriptCompiler - deprecated symbol in managed_mats.material(13): texture_alias. Use 'texture $variable'
Warning: ScriptCompiler - deprecated symbol in managed_mats.material(13): texture_alias. Use 'texture $variable'
Warning: ScriptCompiler - deprecated symbol in managed_mats.material(13): texture_alias. Use 'texture $variable'
Warning: ScriptCompiler - deprecated symbol in managed_mats.material(13): texture_alias. Use 'texture $variable'
Warning: ScriptCompiler - deprecated symbol in managed_mats.material(13): texture_alias. Use 'texture $variable'
Warning: ScriptCompiler - deprecated symbol in managed_mats.material(13): texture_alias. Use 'texture $variable'
Warning: ScriptCompiler - deprecated symbol in managed_mats.material(13): texture_alias. Use 'texture $variable'
Warning: ScriptCompiler - deprecated symbol in managed_mats.material(13): texture_alias. Use 'texture $variable'
Warning: ScriptCompiler - deprecated symbol in managed_mats.material(13): texture_alias. Use 'texture $variable'
Warning: ScriptCompiler - deprecated symbol in managed_mats.material(13): texture_alias. Use 'texture $variable'
Warning: ScriptCompiler - deprecated symbol in managed_mats.material(13): texture_alias. Use 'texture $variable'
Warning: ScriptCompiler - deprecated symbol in managed_mats.material(13): texture_alias. Use 'texture $variable'
Warning: ScriptCompiler - deprecated symbol in managed_mats.material(13): texture_alias. Use 'texture $variable'
Warning: ScriptCompiler - deprecated symbol in managed_mats.material(13): texture_alias. Use 'texture $variable'
Warning: ScriptCompiler - deprecated symbol in managed_mats.material(13): texture_alias. Use 'texture $variable'
Warning: ScriptCompiler - deprecated symbol in managed_mats.material(13): texture_alias. Use 'texture $variable'
Warning: ScriptCompiler - deprecated symbol in managed_mats.material(13): texture_alias. Use 'texture $variable'
Warning: ScriptCompiler - deprecated symbol in managed_mats.material(13): texture_alias. Use 'texture $variable'
Warning: ScriptCompiler - deprecated symbol in managed_mats.material(13): texture_alias. Use 'texture $variable'
Warning: ScriptCompiler - deprecated symbol in managed_mats.material(13): texture_alias. Use 'texture $variable'
Warning: ScriptCompiler - deprecated symbol in managed_mats.material(13): texture_alias. Use 'texture $variable'
Warning: ScriptCompiler - deprecated symbol in managed_mats.material(13): texture_alias. Use 'texture $variable'
Warning: ScriptCompiler - deprecated symbol in managed_mats.material(13): texture_alias. Use 'texture $variable'
Warning: ScriptCompiler - deprecated symbol in managed_mats.material(13): texture_alias. Use 'texture $variable'
Warning: ScriptCompiler - deprecated symbol in managed_mats.material(13): texture_alias. Use 'texture $variable'
Warning: ScriptCompiler - deprecated symbol in managed_mats.material(13): texture_alias. Use 'texture $variable'
Warning: ScriptCompiler - deprecated symbol in managed_mats.material(13): texture_alias. Use 'texture $variable'
Warning: ScriptCompiler - deprecated symbol in managed_mats.material(13): texture_alias. Use 'texture $variable'
Warning: ScriptCompiler - deprecated symbol in managed_mats.material(13): texture_alias. Use 'texture $variable'
Parsing script ferryslip.material
Parsing script floatingdocks.material
Parsing script fresnel.material
Warning: ScriptCompiler - deprecated symbol in fresnel.material(20): asm. Use syntax code.
Warning: ScriptCompiler - deprecated symbol in fresnel.material(37): cull_software. Only used by the BSP scene manager.
Warning: ScriptCompiler - deprecated symbol in fresnel.material(100): cull_software. Only used by the BSP scene manager.
Parsing script general.material
Warning: ScriptCompiler - deprecated symbol in general.material(308): 'cubic_texture ..'. Use 'texture .. cubic' instead.
Warning: ScriptCompiler - deprecated symbol in general.material(376): 'cubic_texture ..'. Use 'texture .. cubic' instead.
Parsing script grass.material
Parsing script hangar.material
Warning: ScriptCompiler - deprecated symbol in managed_mats.material(13): texture_alias. Use 'texture $variable'
Warning: ScriptCompiler - deprecated symbol in hangar.material(5): set_texture_alias. Use 'set $variable value'
Warning: ScriptCompiler - deprecated symbol in managed_mats.material(83): cull_software. Only used by the BSP scene manager.
Warning: ScriptCompiler - deprecated symbol in managed_mats.material(86): texture_alias. Use 'texture $variable'
Warning: ScriptCompiler - deprecated symbol in hangar.material(9): set_texture_alias. Use 'set $variable value'
Warning: ScriptCompiler - deprecated symbol in managed_mats.material(13): texture_alias. Use 'texture $variable'
Warning: ScriptCompiler - deprecated symbol in hangar.material(14): set_texture_alias. Use 'set $variable value'
Parsing script largedocks.material
Warning: ScriptCompiler - deprecated symbol in managed_mats.material(13): texture_alias. Use 'texture $variable'
Warning: ScriptCompiler - deprecated symbol in largedocks.material(5): set_texture_alias. Use 'set $variable value'
Parsing script load-spawner.material
Warning: ScriptCompiler - deprecated symbol in managed_mats.material(13): texture_alias. Use 'texture $variable'
Parsing script marina.material
Warning: ScriptCompiler - deprecated symbol in managed_mats.material(13): texture_alias. Use 'texture $variable'
Warning: ScriptCompiler - deprecated symbol in marina.material(5): set_texture_alias. Use 'set $variable value'
Parsing script open-truck-spawner.material
Warning: ScriptCompiler - deprecated symbol in managed_mats.material(13): texture_alias. Use 'texture $variable'
Parsing script ror.material
Warning: ScriptCompiler - deprecated symbol in ror.material(40): cull_software. Only used by the BSP scene manager.
Warning: ScriptCompiler - deprecated symbol in ror.material(59): cull_software. Only used by the BSP scene manager.
Warning: ScriptCompiler - deprecated symbol in managed_mats.material(13): texture_alias. Use 'texture $variable'
Warning: ScriptCompiler - deprecated symbol in ror.material(72): set_texture_alias. Use 'set $variable value'
Warning: ScriptCompiler - deprecated symbol in ror.material(221): cull_software. Only used by the BSP scene manager.
Warning: ScriptCompiler - deprecated symbol in ror.material(226): 'cubic_texture ..'. Use 'texture .. cubic' instead.
Warning: ScriptCompiler - deprecated symbol in ror.material(242): 'cubic_texture ..'. Use 'texture .. cubic' instead.
Warning: ScriptCompiler - deprecated symbol in ror.material(259): 'cubic_texture ..'. Use 'texture .. cubic' instead.
Warning: ScriptCompiler - deprecated symbol in managed_mats.material(13): texture_alias. Use 'texture $variable'
Warning: ScriptCompiler - deprecated symbol in ror.material(1818): set_texture_alias. Use 'set $variable value'
Warning: ScriptCompiler - deprecated symbol in managed_mats.material(13): texture_alias. Use 'texture $variable'
Warning: ScriptCompiler - deprecated symbol in ror.material(1823): set_texture_alias. Use 'set $variable value'
Warning: ScriptCompiler - deprecated symbol in managed_mats.material(13): texture_alias. Use 'texture $variable'
Warning: ScriptCompiler - deprecated symbol in ror.material(1828): set_texture_alias. Use 'set $variable value'
Warning: ScriptCompiler - deprecated symbol in managed_mats.material(13): texture_alias. Use 'texture $variable'
Warning: ScriptCompiler - deprecated symbol in ror.material(1833): set_texture_alias. Use 'set $variable value'
Warning: ScriptCompiler - deprecated symbol in managed_mats.material(13): texture_alias. Use 'texture $variable'
Warning: ScriptCompiler - deprecated symbol in ror.material(1838): set_texture_alias. Use 'set $variable value'
Warning: ScriptCompiler - deprecated symbol in managed_mats.material(13): texture_alias. Use 'texture $variable'
Warning: ScriptCompiler - deprecated symbol in ror.material(1843): set_texture_alias. Use 'set $variable value'
Warning: ScriptCompiler - deprecated symbol in managed_mats.material(13): texture_alias. Use 'texture $variable'
Warning: ScriptCompiler - deprecated symbol in ror.material(1848): set_texture_alias. Use 'set $variable value'
Warning: ScriptCompiler - deprecated symbol in managed_mats.material(13): texture_alias. Use 'texture $variable'
Warning: ScriptCompiler - deprecated symbol in ror.material(1866): set_texture_alias. Use 'set $variable value'
Warning: ScriptCompiler - deprecated symbol in ror.material(1895): cull_software. Only used by the BSP scene manager.
Warning: ScriptCompiler - deprecated symbol in ror.material(1917): 'cubic_texture ..'. Use 'texture .. cubic' instead.
Warning: ScriptCompiler - deprecated symbol in ror.material(1936): 'cubic_texture ..'. Use 'texture .. cubic' instead.
Warning: ScriptCompiler - deprecated symbol in ror.material(1955): 'cubic_texture ..'. Use 'texture .. cubic' instead.
Warning: ScriptCompiler - deprecated symbol in ror.material(1974): 'cubic_texture ..'. Use 'texture .. cubic' instead.
Warning: ScriptCompiler - deprecated symbol in managed_mats.material(13): texture_alias. Use 'texture $variable'
Warning: ScriptCompiler - deprecated symbol in ror.material(2013): set_texture_alias. Use 'set $variable value'
Warning: ScriptCompiler - deprecated symbol in ror.material(2114): cull_software. Only used by the BSP scene manager.
Warning: ScriptCompiler - deprecated symbol in ror.material(2170): cull_software. Only used by the BSP scene manager.
Warning: ScriptCompiler - deprecated symbol in ror.material(2840): cull_software. Only used by the BSP scene manager.
Warning: ScriptCompiler - deprecated symbol in ror.material(2854): cull_software. Only used by the BSP scene manager.
Warning: ScriptCompiler - deprecated symbol in ror.material(2876): cull_software. Only used by the BSP scene manager.
Warning: ScriptCompiler - deprecated symbol in ror.material(2891): cull_software. Only used by the BSP scene manager.
Parsing script runway.material
Warning: ScriptCompiler - deprecated symbol in managed_mats.material(13): texture_alias. Use 'texture $variable'
Warning: ScriptCompiler - deprecated symbol in managed_mats.material(13): texture_alias. Use 'texture $variable'
Warning: ScriptCompiler - deprecated symbol in managed_mats.material(13): texture_alias. Use 'texture $variable'
Warning: ScriptCompiler - deprecated symbol in managed_mats.material(13): texture_alias. Use 'texture $variable'
Warning: ScriptCompiler - deprecated symbol in managed_mats.material(13): texture_alias. Use 'texture $variable'
Warning: ScriptCompiler - deprecated symbol in managed_mats.material(13): texture_alias. Use 'texture $variable'
Warning: ScriptCompiler - deprecated symbol in managed_mats.material(13): texture_alias. Use 'texture $variable'
Warning: ScriptCompiler - deprecated symbol in managed_mats.material(13): texture_alias. Use 'texture $variable'
Warning: ScriptCompiler - deprecated symbol in managed_mats.material(13): texture_alias. Use 'texture $variable'
Warning: ScriptCompiler - deprecated symbol in managed_mats.material(13): texture_alias. Use 'texture $variable'
Warning: ScriptCompiler - deprecated symbol in managed_mats.material(13): texture_alias. Use 'texture $variable'
Warning: ScriptCompiler - deprecated symbol in managed_mats.material(13): texture_alias. Use 'texture $variable'
Warning: ScriptCompiler - deprecated symbol in managed_mats.material(13): texture_alias. Use 'texture $variable'
Warning: ScriptCompiler - deprecated symbol in managed_mats.material(13): texture_alias. Use 'texture $variable'
Warning: ScriptCompiler - deprecated symbol in managed_mats.material(13): texture_alias. Use 'texture $variable'
Warning: ScriptCompiler - deprecated symbol in managed_mats.material(13): texture_alias. Use 'texture $variable'
Warning: ScriptCompiler - deprecated symbol in managed_mats.material(13): texture_alias. Use 'texture $variable'
Warning: ScriptCompiler - deprecated symbol in managed_mats.material(13): texture_alias. Use 'texture $variable'
Warning: ScriptCompiler - deprecated symbol in managed_mats.material(13): texture_alias. Use 'texture $variable'
Warning: ScriptCompiler - deprecated symbol in managed_mats.material(13): texture_alias. Use 'texture $variable'
Warning: ScriptCompiler - deprecated symbol in managed_mats.material(13): texture_alias. Use 'texture $variable'
Warning: ScriptCompiler - deprecated symbol in managed_mats.material(13): texture_alias. Use 'texture $variable'
Warning: ScriptCompiler - deprecated symbol in managed_mats.material(13): texture_alias. Use 'texture $variable'
Warning: ScriptCompiler - deprecated symbol in managed_mats.material(13): texture_alias. Use 'texture $variable'
Warning: ScriptCompiler - deprecated symbol in managed_mats.material(13): texture_alias. Use 'texture $variable'
Warning: ScriptCompiler - deprecated symbol in managed_mats.material(13): texture_alias. Use 'texture $variable'
Warning: ScriptCompiler - deprecated symbol in managed_mats.material(13): texture_alias. Use 'texture $variable'
Warning: ScriptCompiler - deprecated symbol in managed_mats.material(13): texture_alias. Use 'texture $variable'
Warning: ScriptCompiler - deprecated symbol in managed_mats.material(13): texture_alias. Use 'texture $variable'
Warning: ScriptCompiler - deprecated symbol in managed_mats.material(13): texture_alias. Use 'texture $variable'
Warning: ScriptCompiler - deprecated symbol in managed_mats.material(13): texture_alias. Use 'texture $variable'
Warning: ScriptCompiler - deprecated symbol in managed_mats.material(13): texture_alias. Use 'texture $variable'
Warning: ScriptCompiler - deprecated symbol in managed_mats.material(13): texture_alias. Use 'texture $variable'
Warning: ScriptCompiler - deprecated symbol in managed_mats.material(13): texture_alias. Use 'texture $variable'
Warning: ScriptCompiler - deprecated symbol in managed_mats.material(13): texture_alias. Use 'texture $variable'
Warning: ScriptCompiler - deprecated symbol in managed_mats.material(13): texture_alias. Use 'texture $variable'
Warning: ScriptCompiler - deprecated symbol in managed_mats.material(13): texture_alias. Use 'texture $variable'
Warning: ScriptCompiler - deprecated symbol in managed_mats.material(13): texture_alias. Use 'texture $variable'
Warning: ScriptCompiler - deprecated symbol in managed_mats.material(13): texture_alias. Use 'texture $variable'
Warning: ScriptCompiler - deprecated symbol in managed_mats.material(13): texture_alias. Use 'texture $variable'
Parsing script trafficlights.material
Warning: ScriptCompiler - deprecated symbol in managed_mats.material(13): texture_alias. Use 'texture $variable'
Warning: ScriptCompiler - deprecated symbol in managed_mats.material(13): texture_alias. Use 'texture $variable'
Warning: ScriptCompiler - deprecated symbol in managed_mats.material(13): texture_alias. Use 'texture $variable'
Parsing script train_platform.material
Warning: ScriptCompiler - deprecated symbol in managed_mats.material(13): texture_alias. Use 'texture $variable'
Warning: ScriptCompiler - deprecated symbol in managed_mats.material(13): texture_alias. Use 'texture $variable'
Parsing script train_rails.material
Warning: ScriptCompiler - deprecated symbol in managed_mats.material(13): texture_alias. Use 'texture $variable'
Warning: ScriptCompiler - deprecated symbol in train_rails.material(38): set_texture_alias. Use 'set $variable value'
Warning: ScriptCompiler - deprecated symbol in managed_mats.material(13): texture_alias. Use 'texture $variable'
Warning: ScriptCompiler - deprecated symbol in train_rails.material(44): set_texture_alias. Use 'set $variable value'
Warning: ScriptCompiler - deprecated symbol in managed_mats.material(13): texture_alias. Use 'texture $variable'
Warning: ScriptCompiler - deprecated symbol in train_rails.material(50): set_texture_alias. Use 'set $variable value'
Warning: ScriptCompiler - deprecated symbol in managed_mats.material(13): texture_alias. Use 'texture $variable'
Warning: ScriptCompiler - deprecated symbol in train_rails.material(56): set_texture_alias. Use 'set $variable value'
Warning: ScriptCompiler - deprecated symbol in managed_mats.material(13): texture_alias. Use 'texture $variable'
Warning: ScriptCompiler - deprecated symbol in train_rails.material(62): set_texture_alias. Use 'set $variable value'
Warning: ScriptCompiler - deprecated symbol in managed_mats.material(13): texture_alias. Use 'texture $variable'
Warning: ScriptCompiler - deprecated symbol in train_rails.material(68): set_texture_alias. Use 'set $variable value'
Parsing script truckshop.material
Warning: ScriptCompiler - deprecated symbol in managed_mats.material(13): texture_alias. Use 'texture $variable'
Warning: ScriptCompiler - deprecated symbol in truckshop.material(14): set_texture_alias. Use 'set $variable value'
Parsing script character.material
Finished parsing scripts for resource group {bundle BIN:/content/dafsemi.zip}
Creating resources for group {bundle BIN:/content/dafsemi.zip}
All done
[RoR] Parsing truckfile 'b6b0UID-semi.truck'
 == Validating vehicle: Daf Semi truck
 == Spawning vehicle: Daf Semi truck
[RoR|Dashboard] Creating new RTTLayer 'RttLayer_1'
[RoR|Dashboard] Created texture 'rendertex (b6b0UID-semi.truck [Instance ID 2026072805])' in RTTLayer 'RttLayer_1'
[RoR|DashBoard] Swapping placeholder 'dashtexture' for 'rendertex (b6b0UID-semi.truck [Instance ID 2026072805])'
Mesh: Loading beam.mesh.
Texture 'RustySteel.dds': Loading 1 faces(PF_DXT1,256x256x1) with 5 custom mipmaps from Image. Internal format is PF_DXT1,256x256x1.
Texture 'ttwinwheelface.dds': Loading 1 faces(PF_DXT1,256x256x1) with 5 custom mipmaps from Image. Internal format is PF_DXT1,256x256x1.
Texture 'wheelband1.dds': Loading 1 faces(PF_DXT1,32x32x1) with 5 custom mipmaps from Image. Internal format is PF_DXT1,32x32x1.
Texture 'wheelband2.dds': Loading 1 faces(PF_DXT1,32x64x1) with 5 custom mipmaps from Image. Internal format is PF_DXT1,32x64x1.
Texture 'blinkflare.dds': Loading 1 faces(PF_DXT5,128x128x1) with 5 custom mipmaps from Image. Internal format is PF_DXT5,128x128x1.
Texture 'brakeflare.dds': Loading 1 faces(PF_DXT5,128x128x1) with 5 custom mipmaps from Image. Internal format is PF_DXT5,128x128x1.
Mesh: Loading dirwheel.mesh.
Texture 'dirwheel.dds': Loading 1 faces(PF_DXT1,256x256x1) with 5 custom mipmaps from Image. Internal format is PF_DXT1,256x256x1.
Mesh: Loading dashboard.mesh.
Mesh: Loading leftmirror.mesh.
Texture 'mirror.dds': Loading 1 faces(PF_DXT1,32x32x1) with 5 custom mipmaps from Image. Internal format is PF_DXT1,32x32x1.
Texture 'mirrorlayer.dds': Loading 1 faces(PF_DXT5,128x256x1) with 5 custom mipmaps from Image. Internal format is PF_DXT5,128x256x1.
Mesh: Loading rightmirror.mesh.
Mesh: Loading seat.mesh.
Texture 'seat.dds': Loading 1 faces(PF_DXT1,256x256x1) with 5 custom mipmaps from Image. Internal format is PF_DXT1,256x256x1.
[RoR|Actor|Notice] Daf Semi truck (props): Found more than one 'seat[2]' special props. Only the first one will be the driver's seat.
Texture 'b6b0UID-semi.dds': Loading 1 faces(PF_DXT3,1024x512x1) with 5 custom mipmaps from Image. Internal format is PF_DXT3,1024x512x1.
Texture 'b6b0UID-ampliroll_emissive.dds': Loading 1 faces(PF_DXT1,256x128x1) with 5 custom mipmaps from Image. Internal format is PF_DXT1,256x128x1.
Creating resource group {bundle BIN:/resources/dashboards.zip}
Added resource location '/Users/beshoyhanna/Development/rigs-of-rods/build-macos-ogre14-roadmap/bin/RoR.app/Contents/MacOS/resources/dashboards.zip' of type 'Zip' to resource group '{bundle BIN:/resources/dashboards.zip}'
Added resource location '/Users/beshoyhanna/Development/rigs-of-rods/build-macos-ogre14-roadmap/bin/RoR.app/Contents/MacOS/resources/managed_materials/shadows/pssm/off' of type 'FileSystem' to resource group '{bundle BIN:/resources/dashboards.zip}'
Added resource location '/Users/beshoyhanna/Development/rigs-of-rods/build-macos-ogre14-roadmap/bin/RoR.app/Contents/MacOS/resources/managed_materials/texture' of type 'FileSystem' to resource group '{bundle BIN:/resources/dashboards.zip}'
Added resource location '/Users/beshoyhanna/Development/rigs-of-rods/build-macos-ogre14-roadmap/bin/RoR.app/Contents/MacOS/resources/managed_materials' of type 'FileSystem' to resource group '{bundle BIN:/resources/dashboards.zip}'
[RoR|ContentManager] Loading resource pack "textures" to group "{bundle BIN:/resources/dashboards.zip}" (ZIP archive)
Warning: Skipping 'shipsteer.dds' because it already exists in resource group '{bundle BIN:/resources/dashboards.zip}'
Added resource location '/Users/beshoyhanna/Development/rigs-of-rods/build-macos-ogre14-roadmap/bin/RoR.app/Contents/MacOS/resources/textures.zip' of type 'Zip' to resource group '{bundle BIN:/resources/dashboards.zip}'
[RoR|ContentManager] Loading resource pack "materials" to group "{bundle BIN:/resources/dashboards.zip}" (ZIP archive)
Added resource location '/Users/beshoyhanna/Development/rigs-of-rods/build-macos-ogre14-roadmap/bin/RoR.app/Contents/MacOS/resources/materials.zip' of type 'Zip' to resource group '{bundle BIN:/resources/dashboards.zip}'
[RoR|ContentManager] Loading resource pack "meshes" to group "{bundle BIN:/resources/dashboards.zip}" (ZIP archive)
Warning: Skipping 'character.material' because it already exists in resource group '{bundle BIN:/resources/dashboards.zip}'
Added resource location '/Users/beshoyhanna/Development/rigs-of-rods/build-macos-ogre14-roadmap/bin/RoR.app/Contents/MacOS/resources/meshes.zip' of type 'Zip' to resource group '{bundle BIN:/resources/dashboards.zip}'
Initialising resource group {bundle BIN:/resources/dashboards.zip}
Parsing scripts for resource group {bundle BIN:/resources/dashboards.zip}
Parsing script nicemetal_mm.program
Parsing script general.program
Parsing script nicemetal.program
Parsing script shadows.material
Parsing script texture_manager.material
Parsing script managed_mats_vehicles_nicemetal.material
Warning: ScriptCompiler - deprecated symbol in managed_mats_vehicles_nicemetal.material(31): texture_alias. Use 'texture $variable'
Warning: ScriptCompiler - deprecated symbol in managed_mats_vehicles_nicemetal.material(51): texture_alias. Use 'texture $variable'
Warning: ScriptCompiler - deprecated symbol in managed_mats_vehicles_nicemetal.material(56): 'cubic_texture ..'. Use 'texture .. cubic' instead.
Warning: ScriptCompiler - deprecated symbol in managed_mats_vehicles_nicemetal.material(92): texture_alias. Use 'texture $variable'
Warning: ScriptCompiler - deprecated symbol in managed_mats_vehicles_nicemetal.material(118): texture_alias. Use 'texture $variable'
Warning: ScriptCompiler - deprecated symbol in managed_mats_vehicles_nicemetal.material(123): 'cubic_texture ..'. Use 'texture .. cubic' instead.
Warning: ScriptCompiler - deprecated symbol in managed_mats_vehicles_nicemetal.material(151): texture_alias. Use 'texture $variable'
Warning: ScriptCompiler - deprecated symbol in managed_mats_vehicles_nicemetal.material(157): texture_alias. Use 'texture $variable'
Warning: ScriptCompiler - deprecated symbol in managed_mats_vehicles_nicemetal.material(176): texture_alias. Use 'texture $variable'
Warning: ScriptCompiler - deprecated symbol in managed_mats_vehicles_nicemetal.material(181): 'cubic_texture ..'. Use 'texture .. cubic' instead.
Parsing script managed_submesh.material
Error: ScriptCompiler - unexpected token in managed_submesh.material(25): token "normalise_normals" is not recognized
Warning: ScriptCompiler - deprecated symbol in managed_submesh.material(33): texture_alias. Use 'texture $variable'
Warning: ScriptCompiler - deprecated symbol in managed_submesh.material(53): texture_alias. Use 'texture $variable'
Warning: ScriptCompiler - deprecated symbol in managed_mats.material(13): texture_alias. Use 'texture $variable'
Warning: ScriptCompiler - deprecated symbol in managed_submesh.material(70): texture_alias. Use 'texture $variable'
Warning: ScriptCompiler - deprecated symbol in managed_submesh.material(86): cull_software. Only used by the BSP scene manager.
Warning: ScriptCompiler - deprecated symbol in managed_submesh.material(90): texture_alias. Use 'texture $variable'
Warning: ScriptCompiler - deprecated symbol in managed_submesh.material(98): 'cubic_texture ..'. Use 'texture .. cubic' instead.
Error: ScriptCompiler - unexpected token in managed_submesh.material(131): token "normalise_normals" is not recognized
Warning: ScriptCompiler - deprecated symbol in managed_submesh.material(139): texture_alias. Use 'texture $variable'
Warning: ScriptCompiler - deprecated symbol in managed_submesh.material(159): texture_alias. Use 'texture $variable'
Warning: ScriptCompiler - deprecated symbol in managed_mats.material(13): texture_alias. Use 'texture $variable'
Warning: ScriptCompiler - deprecated symbol in managed_submesh.material(176): texture_alias. Use 'texture $variable'
Warning: ScriptCompiler - deprecated symbol in managed_submesh.material(194): texture_alias. Use 'texture $variable'
Warning: ScriptCompiler - deprecated symbol in managed_submesh.material(203): 'cubic_texture ..'. Use 'texture .. cubic' instead.
Error: ScriptCompiler - unexpected token in managed_submesh.material(237): token "normalise_normals" is not recognized
Warning: ScriptCompiler - deprecated symbol in managed_submesh.material(245): texture_alias. Use 'texture $variable'
Warning: ScriptCompiler - deprecated symbol in managed_mats.material(13): texture_alias. Use 'texture $variable'
Warning: ScriptCompiler - deprecated symbol in managed_submesh.material(270): texture_alias. Use 'texture $variable'
Warning: ScriptCompiler - deprecated symbol in managed_submesh.material(286): cull_software. Only used by the BSP scene manager.
Warning: ScriptCompiler - deprecated symbol in managed_submesh.material(290): texture_alias. Use 'texture $variable'
Warning: ScriptCompiler - deprecated symbol in managed_submesh.material(298): 'cubic_texture ..'. Use 'texture .. cubic' instead.
Error: ScriptCompiler - unexpected token in managed_submesh.material(342): token "normalise_normals" is not recognized
Warning: ScriptCompiler - deprecated symbol in managed_submesh.material(350): texture_alias. Use 'texture $variable'
Warning: ScriptCompiler - deprecated symbol in managed_mats.material(13): texture_alias. Use 'texture $variable'
Warning: ScriptCompiler - deprecated symbol in managed_submesh.material(375): texture_alias. Use 'texture $variable'
Warning: ScriptCompiler - deprecated symbol in managed_submesh.material(393): texture_alias. Use 'texture $variable'
Warning: ScriptCompiler - deprecated symbol in managed_submesh.material(402): 'cubic_texture ..'. Use 'texture .. cubic' instead.
Parsing script managed_mats_vehicles.material
Warning: ScriptCompiler - deprecated symbol in texture_manager.material(16): 'cubic_texture ..'. Use 'texture .. cubic' instead.
Warning: ScriptCompiler - deprecated symbol in texture_manager.material(16): 'cubic_texture ..'. Use 'texture .. cubic' instead.
Warning: ScriptCompiler - deprecated symbol in texture_manager.material(16): 'cubic_texture ..'. Use 'texture .. cubic' instead.
Parsing script managed_mats_vehicles_transparent_nicemetal.material
Warning: ScriptCompiler - deprecated symbol in managed_mats_vehicles_transparent_nicemetal.material(33): texture_alias. Use 'texture $variable'
Warning: ScriptCompiler - deprecated symbol in managed_mats_vehicles_transparent_nicemetal.material(54): texture_alias. Use 'texture $variable'
Warning: ScriptCompiler - deprecated symbol in managed_mats_vehicles_transparent_nicemetal.material(59): 'cubic_texture ..'. Use 'texture .. cubic' instead.
Warning: ScriptCompiler - deprecated symbol in managed_mats_vehicles_transparent_nicemetal.material(98): texture_alias. Use 'texture $variable'
Warning: ScriptCompiler - deprecated symbol in managed_mats_vehicles_transparent_nicemetal.material(125): texture_alias. Use 'texture $variable'
Error: ScriptCompiler - fewer parameters expected in managed_mats_vehicles_transparent_nicemetal.material(125): texture_alias must have at most 1 argument
Warning: ScriptCompiler - deprecated symbol in managed_mats_vehicles_transparent_nicemetal.material(130): 'cubic_texture ..'. Use 'texture .. cubic' instead.
Warning: ScriptCompiler - deprecated symbol in managed_mats_vehicles_transparent_nicemetal.material(166): texture_alias. Use 'texture $variable'
Warning: ScriptCompiler - deprecated symbol in managed_mats_vehicles_transparent_nicemetal.material(186): texture_alias. Use 'texture $variable'
Warning: ScriptCompiler - deprecated symbol in managed_mats_vehicles_transparent_nicemetal.material(191): 'cubic_texture ..'. Use 'texture .. cubic' instead.
Parsing script managed_mats.material
Parsing script managed_mats_vehicles_transparent.material
Warning: ScriptCompiler - deprecated symbol in texture_manager.material(16): 'cubic_texture ..'. Use 'texture .. cubic' instead.
Warning: ScriptCompiler - deprecated symbol in texture_manager.material(16): 'cubic_texture ..'. Use 'texture .. cubic' instead.
Warning: ScriptCompiler - deprecated symbol in texture_manager.material(16): 'cubic_texture ..'. Use 'texture .. cubic' instead.
Parsing script character.material
Warning: ScriptCompiler - deprecated symbol in managed_mats.material(13): texture_alias. Use 'texture $variable'
Parsing script eurosigns.material
Warning: ScriptCompiler - deprecated symbol in managed_mats.material(13): texture_alias. Use 'texture $variable'
Warning: ScriptCompiler - deprecated symbol in managed_mats.material(13): texture_alias. Use 'texture $variable'
Warning: ScriptCompiler - deprecated symbol in managed_mats.material(13): texture_alias. Use 'texture $variable'
Warning: ScriptCompiler - deprecated symbol in managed_mats.material(13): texture_alias. Use 'texture $variable'
Warning: ScriptCompiler - deprecated symbol in managed_mats.material(13): texture_alias. Use 'texture $variable'
Warning: ScriptCompiler - deprecated symbol in managed_mats.material(13): texture_alias. Use 'texture $variable'
Warning: ScriptCompiler - deprecated symbol in managed_mats.material(13): texture_alias. Use 'texture $variable'
Warning: ScriptCompiler - deprecated symbol in managed_mats.material(13): texture_alias. Use 'texture $variable'
Warning: ScriptCompiler - deprecated symbol in managed_mats.material(13): texture_alias. Use 'texture $variable'
Warning: ScriptCompiler - deprecated symbol in managed_mats.material(13): texture_alias. Use 'texture $variable'
Warning: ScriptCompiler - deprecated symbol in managed_mats.material(13): texture_alias. Use 'texture $variable'
Warning: ScriptCompiler - deprecated symbol in managed_mats.material(13): texture_alias. Use 'texture $variable'
Warning: ScriptCompiler - deprecated symbol in managed_mats.material(13): texture_alias. Use 'texture $variable'
Warning: ScriptCompiler - deprecated symbol in managed_mats.material(13): texture_alias. Use 'texture $variable'
Warning: ScriptCompiler - deprecated symbol in managed_mats.material(13): texture_alias. Use 'texture $variable'
Warning: ScriptCompiler - deprecated symbol in managed_mats.material(13): texture_alias. Use 'texture $variable'
Warning: ScriptCompiler - deprecated symbol in managed_mats.material(13): texture_alias. Use 'texture $variable'
Warning: ScriptCompiler - deprecated symbol in managed_mats.material(13): texture_alias. Use 'texture $variable'
Warning: ScriptCompiler - deprecated symbol in managed_mats.material(13): texture_alias. Use 'texture $variable'
Warning: ScriptCompiler - deprecated symbol in managed_mats.material(13): texture_alias. Use 'texture $variable'
Warning: ScriptCompiler - deprecated symbol in managed_mats.material(13): texture_alias. Use 'texture $variable'
Warning: ScriptCompiler - deprecated symbol in managed_mats.material(13): texture_alias. Use 'texture $variable'
Warning: ScriptCompiler - deprecated symbol in managed_mats.material(13): texture_alias. Use 'texture $variable'
Warning: ScriptCompiler - deprecated symbol in managed_mats.material(13): texture_alias. Use 'texture $variable'
Warning: ScriptCompiler - deprecated symbol in managed_mats.material(13): texture_alias. Use 'texture $variable'
Warning: ScriptCompiler - deprecated symbol in managed_mats.material(13): texture_alias. Use 'texture $variable'
Warning: ScriptCompiler - deprecated symbol in managed_mats.material(13): texture_alias. Use 'texture $variable'
Warning: ScriptCompiler - deprecated symbol in managed_mats.material(13): texture_alias. Use 'texture $variable'
Warning: ScriptCompiler - deprecated symbol in managed_mats.material(13): texture_alias. Use 'texture $variable'
Warning: ScriptCompiler - deprecated symbol in managed_mats.material(13): texture_alias. Use 'texture $variable'
Warning: ScriptCompiler - deprecated symbol in managed_mats.material(13): texture_alias. Use 'texture $variable'
Warning: ScriptCompiler - deprecated symbol in managed_mats.material(13): texture_alias. Use 'texture $variable'
Warning: ScriptCompiler - deprecated symbol in managed_mats.material(13): texture_alias. Use 'texture $variable'
Warning: ScriptCompiler - deprecated symbol in managed_mats.material(13): texture_alias. Use 'texture $variable'
Warning: ScriptCompiler - deprecated symbol in managed_mats.material(13): texture_alias. Use 'texture $variable'
Warning: ScriptCompiler - deprecated symbol in managed_mats.material(13): texture_alias. Use 'texture $variable'
Warning: ScriptCompiler - deprecated symbol in managed_mats.material(13): texture_alias. Use 'texture $variable'
Warning: ScriptCompiler - deprecated symbol in managed_mats.material(13): texture_alias. Use 'texture $variable'
Warning: ScriptCompiler - deprecated symbol in managed_mats.material(13): texture_alias. Use 'texture $variable'
Warning: ScriptCompiler - deprecated symbol in managed_mats.material(13): texture_alias. Use 'texture $variable'
Warning: ScriptCompiler - deprecated symbol in managed_mats.material(13): texture_alias. Use 'texture $variable'
Warning: ScriptCompiler - deprecated symbol in managed_mats.material(13): texture_alias. Use 'texture $variable'
Warning: ScriptCompiler - deprecated symbol in managed_mats.material(13): texture_alias. Use 'texture $variable'
Warning: ScriptCompiler - deprecated symbol in managed_mats.material(13): texture_alias. Use 'texture $variable'
Warning: ScriptCompiler - deprecated symbol in managed_mats.material(13): texture_alias. Use 'texture $variable'
Warning: ScriptCompiler - deprecated symbol in managed_mats.material(13): texture_alias. Use 'texture $variable'
Warning: ScriptCompiler - deprecated symbol in managed_mats.material(13): texture_alias. Use 'texture $variable'
Warning: ScriptCompiler - deprecated symbol in managed_mats.material(13): texture_alias. Use 'texture $variable'
Warning: ScriptCompiler - deprecated symbol in managed_mats.material(13): texture_alias. Use 'texture $variable'
Warning: ScriptCompiler - deprecated symbol in managed_mats.material(13): texture_alias. Use 'texture $variable'
Warning: ScriptCompiler - deprecated symbol in managed_mats.material(13): texture_alias. Use 'texture $variable'
Warning: ScriptCompiler - deprecated symbol in managed_mats.material(13): texture_alias. Use 'texture $variable'
Warning: ScriptCompiler - deprecated symbol in managed_mats.material(13): texture_alias. Use 'texture $variable'
Warning: ScriptCompiler - deprecated symbol in managed_mats.material(13): texture_alias. Use 'texture $variable'
Warning: ScriptCompiler - deprecated symbol in managed_mats.material(13): texture_alias. Use 'texture $variable'
Warning: ScriptCompiler - deprecated symbol in managed_mats.material(13): texture_alias. Use 'texture $variable'
Warning: ScriptCompiler - deprecated symbol in managed_mats.material(13): texture_alias. Use 'texture $variable'
Warning: ScriptCompiler - deprecated symbol in managed_mats.material(13): texture_alias. Use 'texture $variable'
Warning: ScriptCompiler - deprecated symbol in managed_mats.material(13): texture_alias. Use 'texture $variable'
Warning: ScriptCompiler - deprecated symbol in managed_mats.material(13): texture_alias. Use 'texture $variable'
Warning: ScriptCompiler - deprecated symbol in managed_mats.material(13): texture_alias. Use 'texture $variable'
Warning: ScriptCompiler - deprecated symbol in managed_mats.material(13): texture_alias. Use 'texture $variable'
Warning: ScriptCompiler - deprecated symbol in managed_mats.material(13): texture_alias. Use 'texture $variable'
Warning: ScriptCompiler - deprecated symbol in managed_mats.material(13): texture_alias. Use 'texture $variable'
Warning: ScriptCompiler - deprecated symbol in managed_mats.material(13): texture_alias. Use 'texture $variable'
Warning: ScriptCompiler - deprecated symbol in managed_mats.material(13): texture_alias. Use 'texture $variable'
Warning: ScriptCompiler - deprecated symbol in managed_mats.material(13): texture_alias. Use 'texture $variable'
Warning: ScriptCompiler - deprecated symbol in managed_mats.material(13): texture_alias. Use 'texture $variable'
Warning: ScriptCompiler - deprecated symbol in managed_mats.material(13): texture_alias. Use 'texture $variable'
Warning: ScriptCompiler - deprecated symbol in managed_mats.material(13): texture_alias. Use 'texture $variable'
Warning: ScriptCompiler - deprecated symbol in managed_mats.material(13): texture_alias. Use 'texture $variable'
Warning: ScriptCompiler - deprecated symbol in managed_mats.material(13): texture_alias. Use 'texture $variable'
Warning: ScriptCompiler - deprecated symbol in managed_mats.material(13): texture_alias. Use 'texture $variable'
Warning: ScriptCompiler - deprecated symbol in managed_mats.material(13): texture_alias. Use 'texture $variable'
Warning: ScriptCompiler - deprecated symbol in managed_mats.material(13): texture_alias. Use 'texture $variable'
Warning: ScriptCompiler - deprecated symbol in managed_mats.material(13): texture_alias. Use 'texture $variable'
Parsing script ferryslip.material
Parsing script floatingdocks.material
Parsing script fresnel.material
Warning: ScriptCompiler - deprecated symbol in fresnel.material(20): asm. Use syntax code.
Warning: ScriptCompiler - deprecated symbol in fresnel.material(37): cull_software. Only used by the BSP scene manager.
Warning: ScriptCompiler - deprecated symbol in fresnel.material(100): cull_software. Only used by the BSP scene manager.
Parsing script general.material
Warning: ScriptCompiler - deprecated symbol in general.material(308): 'cubic_texture ..'. Use 'texture .. cubic' instead.
Warning: ScriptCompiler - deprecated symbol in general.material(376): 'cubic_texture ..'. Use 'texture .. cubic' instead.
Parsing script grass.material
Parsing script hangar.material
Warning: ScriptCompiler - deprecated symbol in managed_mats.material(13): texture_alias. Use 'texture $variable'
Warning: ScriptCompiler - deprecated symbol in hangar.material(5): set_texture_alias. Use 'set $variable value'
Warning: ScriptCompiler - deprecated symbol in managed_mats.material(83): cull_software. Only used by the BSP scene manager.
Warning: ScriptCompiler - deprecated symbol in managed_mats.material(86): texture_alias. Use 'texture $variable'
Warning: ScriptCompiler - deprecated symbol in hangar.material(9): set_texture_alias. Use 'set $variable value'
Warning: ScriptCompiler - deprecated symbol in managed_mats.material(13): texture_alias. Use 'texture $variable'
Warning: ScriptCompiler - deprecated symbol in hangar.material(14): set_texture_alias. Use 'set $variable value'
Parsing script largedocks.material
Warning: ScriptCompiler - deprecated symbol in managed_mats.material(13): texture_alias. Use 'texture $variable'
Warning: ScriptCompiler - deprecated symbol in largedocks.material(5): set_texture_alias. Use 'set $variable value'
Parsing script load-spawner.material
Warning: ScriptCompiler - deprecated symbol in managed_mats.material(13): texture_alias. Use 'texture $variable'
Parsing script marina.material
Warning: ScriptCompiler - deprecated symbol in managed_mats.material(13): texture_alias. Use 'texture $variable'
Warning: ScriptCompiler - deprecated symbol in marina.material(5): set_texture_alias. Use 'set $variable value'
Parsing script open-truck-spawner.material
Warning: ScriptCompiler - deprecated symbol in managed_mats.material(13): texture_alias. Use 'texture $variable'
Parsing script ror.material
Warning: ScriptCompiler - deprecated symbol in ror.material(40): cull_software. Only used by the BSP scene manager.
Warning: ScriptCompiler - deprecated symbol in ror.material(59): cull_software. Only used by the BSP scene manager.
Warning: ScriptCompiler - deprecated symbol in managed_mats.material(13): texture_alias. Use 'texture $variable'
Warning: ScriptCompiler - deprecated symbol in ror.material(72): set_texture_alias. Use 'set $variable value'
Warning: ScriptCompiler - deprecated symbol in ror.material(221): cull_software. Only used by the BSP scene manager.
Warning: ScriptCompiler - deprecated symbol in ror.material(226): 'cubic_texture ..'. Use 'texture .. cubic' instead.
Warning: ScriptCompiler - deprecated symbol in ror.material(242): 'cubic_texture ..'. Use 'texture .. cubic' instead.
Warning: ScriptCompiler - deprecated symbol in ror.material(259): 'cubic_texture ..'. Use 'texture .. cubic' instead.
Warning: ScriptCompiler - deprecated symbol in managed_mats.material(13): texture_alias. Use 'texture $variable'
Warning: ScriptCompiler - deprecated symbol in ror.material(1818): set_texture_alias. Use 'set $variable value'
Warning: ScriptCompiler - deprecated symbol in managed_mats.material(13): texture_alias. Use 'texture $variable'
Warning: ScriptCompiler - deprecated symbol in ror.material(1823): set_texture_alias. Use 'set $variable value'
Warning: ScriptCompiler - deprecated symbol in managed_mats.material(13): texture_alias. Use 'texture $variable'
Warning: ScriptCompiler - deprecated symbol in ror.material(1828): set_texture_alias. Use 'set $variable value'
Warning: ScriptCompiler - deprecated symbol in managed_mats.material(13): texture_alias. Use 'texture $variable'
Warning: ScriptCompiler - deprecated symbol in ror.material(1833): set_texture_alias. Use 'set $variable value'
Warning: ScriptCompiler - deprecated symbol in managed_mats.material(13): texture_alias. Use 'texture $variable'
Warning: ScriptCompiler - deprecated symbol in ror.material(1838): set_texture_alias. Use 'set $variable value'
Warning: ScriptCompiler - deprecated symbol in managed_mats.material(13): texture_alias. Use 'texture $variable'
Warning: ScriptCompiler - deprecated symbol in ror.material(1843): set_texture_alias. Use 'set $variable value'
Warning: ScriptCompiler - deprecated symbol in managed_mats.material(13): texture_alias. Use 'texture $variable'
Warning: ScriptCompiler - deprecated symbol in ror.material(1848): set_texture_alias. Use 'set $variable value'
Warning: ScriptCompiler - deprecated symbol in managed_mats.material(13): texture_alias. Use 'texture $variable'
Warning: ScriptCompiler - deprecated symbol in ror.material(1866): set_texture_alias. Use 'set $variable value'
Warning: ScriptCompiler - deprecated symbol in ror.material(1895): cull_software. Only used by the BSP scene manager.
Warning: ScriptCompiler - deprecated symbol in ror.material(1917): 'cubic_texture ..'. Use 'texture .. cubic' instead.
Warning: ScriptCompiler - deprecated symbol in ror.material(1936): 'cubic_texture ..'. Use 'texture .. cubic' instead.
Warning: ScriptCompiler - deprecated symbol in ror.material(1955): 'cubic_texture ..'. Use 'texture .. cubic' instead.
Warning: ScriptCompiler - deprecated symbol in ror.material(1974): 'cubic_texture ..'. Use 'texture .. cubic' instead.
Warning: ScriptCompiler - deprecated symbol in managed_mats.material(13): texture_alias. Use 'texture $variable'
Warning: ScriptCompiler - deprecated symbol in ror.material(2013): set_texture_alias. Use 'set $variable value'
Warning: ScriptCompiler - deprecated symbol in ror.material(2114): cull_software. Only used by the BSP scene manager.
Warning: ScriptCompiler - deprecated symbol in ror.material(2170): cull_software. Only used by the BSP scene manager.
Warning: ScriptCompiler - deprecated symbol in ror.material(2840): cull_software. Only used by the BSP scene manager.
Warning: ScriptCompiler - deprecated symbol in ror.material(2854): cull_software. Only used by the BSP scene manager.
Warning: ScriptCompiler - deprecated symbol in ror.material(2876): cull_software. Only used by the BSP scene manager.
Warning: ScriptCompiler - deprecated symbol in ror.material(2891): cull_software. Only used by the BSP scene manager.
Parsing script runway.material
Warning: ScriptCompiler - deprecated symbol in managed_mats.material(13): texture_alias. Use 'texture $variable'
Warning: ScriptCompiler - deprecated symbol in managed_mats.material(13): texture_alias. Use 'texture $variable'
Warning: ScriptCompiler - deprecated symbol in managed_mats.material(13): texture_alias. Use 'texture $variable'
Warning: ScriptCompiler - deprecated symbol in managed_mats.material(13): texture_alias. Use 'texture $variable'
Warning: ScriptCompiler - deprecated symbol in managed_mats.material(13): texture_alias. Use 'texture $variable'
Warning: ScriptCompiler - deprecated symbol in managed_mats.material(13): texture_alias. Use 'texture $variable'
Warning: ScriptCompiler - deprecated symbol in managed_mats.material(13): texture_alias. Use 'texture $variable'
Warning: ScriptCompiler - deprecated symbol in managed_mats.material(13): texture_alias. Use 'texture $variable'
Warning: ScriptCompiler - deprecated symbol in managed_mats.material(13): texture_alias. Use 'texture $variable'
Warning: ScriptCompiler - deprecated symbol in managed_mats.material(13): texture_alias. Use 'texture $variable'
Warning: ScriptCompiler - deprecated symbol in managed_mats.material(13): texture_alias. Use 'texture $variable'
Warning: ScriptCompiler - deprecated symbol in managed_mats.material(13): texture_alias. Use 'texture $variable'
Warning: ScriptCompiler - deprecated symbol in managed_mats.material(13): texture_alias. Use 'texture $variable'
Warning: ScriptCompiler - deprecated symbol in managed_mats.material(13): texture_alias. Use 'texture $variable'
Warning: ScriptCompiler - deprecated symbol in managed_mats.material(13): texture_alias. Use 'texture $variable'
Warning: ScriptCompiler - deprecated symbol in managed_mats.material(13): texture_alias. Use 'texture $variable'
Warning: ScriptCompiler - deprecated symbol in managed_mats.material(13): texture_alias. Use 'texture $variable'
Warning: ScriptCompiler - deprecated symbol in managed_mats.material(13): texture_alias. Use 'texture $variable'
Warning: ScriptCompiler - deprecated symbol in managed_mats.material(13): texture_alias. Use 'texture $variable'
Warning: ScriptCompiler - deprecated symbol in managed_mats.material(13): texture_alias. Use 'texture $variable'
Warning: ScriptCompiler - deprecated symbol in managed_mats.material(13): texture_alias. Use 'texture $variable'
Warning: ScriptCompiler - deprecated symbol in managed_mats.material(13): texture_alias. Use 'texture $variable'
Warning: ScriptCompiler - deprecated symbol in managed_mats.material(13): texture_alias. Use 'texture $variable'
Warning: ScriptCompiler - deprecated symbol in managed_mats.material(13): texture_alias. Use 'texture $variable'
Warning: ScriptCompiler - deprecated symbol in managed_mats.material(13): texture_alias. Use 'texture $variable'
Warning: ScriptCompiler - deprecated symbol in managed_mats.material(13): texture_alias. Use 'texture $variable'
Warning: ScriptCompiler - deprecated symbol in managed_mats.material(13): texture_alias. Use 'texture $variable'
Warning: ScriptCompiler - deprecated symbol in managed_mats.material(13): texture_alias. Use 'texture $variable'
Warning: ScriptCompiler - deprecated symbol in managed_mats.material(13): texture_alias. Use 'texture $variable'
Warning: ScriptCompiler - deprecated symbol in managed_mats.material(13): texture_alias. Use 'texture $variable'
Warning: ScriptCompiler - deprecated symbol in managed_mats.material(13): texture_alias. Use 'texture $variable'
Warning: ScriptCompiler - deprecated symbol in managed_mats.material(13): texture_alias. Use 'texture $variable'
Warning: ScriptCompiler - deprecated symbol in managed_mats.material(13): texture_alias. Use 'texture $variable'
Warning: ScriptCompiler - deprecated symbol in managed_mats.material(13): texture_alias. Use 'texture $variable'
Warning: ScriptCompiler - deprecated symbol in managed_mats.material(13): texture_alias. Use 'texture $variable'
Warning: ScriptCompiler - deprecated symbol in managed_mats.material(13): texture_alias. Use 'texture $variable'
Warning: ScriptCompiler - deprecated symbol in managed_mats.material(13): texture_alias. Use 'texture $variable'
Warning: ScriptCompiler - deprecated symbol in managed_mats.material(13): texture_alias. Use 'texture $variable'
Warning: ScriptCompiler - deprecated symbol in managed_mats.material(13): texture_alias. Use 'texture $variable'
Warning: ScriptCompiler - deprecated symbol in managed_mats.material(13): texture_alias. Use 'texture $variable'
Parsing script trafficlights.material
Warning: ScriptCompiler - deprecated symbol in managed_mats.material(13): texture_alias. Use 'texture $variable'
Warning: ScriptCompiler - deprecated symbol in managed_mats.material(13): texture_alias. Use 'texture $variable'
Warning: ScriptCompiler - deprecated symbol in managed_mats.material(13): texture_alias. Use 'texture $variable'
Parsing script train_platform.material
Warning: ScriptCompiler - deprecated symbol in managed_mats.material(13): texture_alias. Use 'texture $variable'
Warning: ScriptCompiler - deprecated symbol in managed_mats.material(13): texture_alias. Use 'texture $variable'
Parsing script train_rails.material
Warning: ScriptCompiler - deprecated symbol in managed_mats.material(13): texture_alias. Use 'texture $variable'
Warning: ScriptCompiler - deprecated symbol in train_rails.material(38): set_texture_alias. Use 'set $variable value'
Warning: ScriptCompiler - deprecated symbol in managed_mats.material(13): texture_alias. Use 'texture $variable'
Warning: ScriptCompiler - deprecated symbol in train_rails.material(44): set_texture_alias. Use 'set $variable value'
Warning: ScriptCompiler - deprecated symbol in managed_mats.material(13): texture_alias. Use 'texture $variable'
Warning: ScriptCompiler - deprecated symbol in train_rails.material(50): set_texture_alias. Use 'set $variable value'
Warning: ScriptCompiler - deprecated symbol in managed_mats.material(13): texture_alias. Use 'texture $variable'
Warning: ScriptCompiler - deprecated symbol in train_rails.material(56): set_texture_alias. Use 'set $variable value'
Warning: ScriptCompiler - deprecated symbol in managed_mats.material(13): texture_alias. Use 'texture $variable'
Warning: ScriptCompiler - deprecated symbol in train_rails.material(62): set_texture_alias. Use 'set $variable value'
Warning: ScriptCompiler - deprecated symbol in managed_mats.material(13): texture_alias. Use 'texture $variable'
Warning: ScriptCompiler - deprecated symbol in train_rails.material(68): set_texture_alias. Use 'set $variable value'
Parsing script truckshop.material
Warning: ScriptCompiler - deprecated symbol in managed_mats.material(13): texture_alias. Use 'texture $variable'
Warning: ScriptCompiler - deprecated symbol in truckshop.material(14): set_texture_alias. Use 'set $variable value'
Parsing script character.material
Finished parsing scripts for resource group {bundle BIN:/resources/dashboards.zip}
Creating resources for group {bundle BIN:/resources/dashboards.zip}
All done
Texture 'autogears.png': Loading 1 faces(PF_A8R8G8B8,26x101x1) Internal format is PF_A8R8G8B8,26x101x1.
Texture 'tacho4000_digital_v2.png': Loading 1 faces(PF_A8R8G8B8,432x300x1) Internal format is PF_A8R8G8B8,432x300x1.
Texture 'pbrake_v2-off.png': Loading 1 faces(PF_A8R8G8B8,64x64x1) Internal format is PF_A8R8G8B8,64x64x1.
Texture 'turn_signal_left-off.png': Loading 1 faces(PF_A8R8G8B8,40x40x1) Internal format is PF_A8R8G8B8,40x40x1.
Texture 'turn_signal_right-off.png': Loading 1 faces(PF_A8R8G8B8,40x40x1) Internal format is PF_A8R8G8B8,40x40x1.
Texture 'tractioncontrol-0.png': Loading 1 faces(PF_A8R8G8B8,64x64x1) Internal format is PF_A8R8G8B8,64x64x1.
Texture 'antilockbrake_v2-0.png': Loading 1 faces(PF_A8R8G8B8,64x64x1) Internal format is PF_A8R8G8B8,64x64x1.
Texture 'sidelights-off.png': Loading 1 faces(PF_A8R8G8B8,35x35x1) Internal format is PF_A8R8G8B8,35x35x1.
Texture 'headlights-off.png': Loading 1 faces(PF_A8R8G8B8,35x35x1) Internal format is PF_A8R8G8B8,35x35x1.
Texture 'highbeams-off.png': Loading 1 faces(PF_A8R8G8B8,35x35x1) Internal format is PF_A8R8G8B8,35x35x1.
Texture 'foglights_front-off.png': Loading 1 faces(PF_A8R8G8B8,35x35x1) Internal format is PF_A8R8G8B8,35x35x1.
Texture 'cruisecontrol-off.png': Loading 1 faces(PF_A8R8G8B8,35x35x1) Internal format is PF_A8R8G8B8,35x35x1.
Texture 'secured_v2-off.png': Loading 1 faces(PF_A8R8G8B8,40x40x1) Internal format is PF_A8R8G8B8,40x40x1.
Texture 'locked_v2-0.png': Loading 1 faces(PF_A8R8G8B8,40x40x1) Internal format is PF_A8R8G8B8,40x40x1.
Texture 'clutch_v2-off.png': Loading 1 faces(PF_A8R8G8B8,40x40x1) Internal format is PF_A8R8G8B8,40x40x1.
Texture 'batt_v2-off.png': Loading 1 faces(PF_A8R8G8B8,40x40x1) Internal format is PF_A8R8G8B8,40x40x1.
Texture 'ign_v2-off.png': Loading 1 faces(PF_A8R8G8B8,40x40x1) Internal format is PF_A8R8G8B8,40x40x1.
Texture 'lopress_v2-off.png': Loading 1 faces(PF_A8R8G8B8,40x40x1) Internal format is PF_A8R8G8B8,40x40x1.
Texture 'redneedle_v2.png': Loading 1 faces(PF_A8R8G8B8,600x600x1) Internal format is PF_A8R8G8B8,600x600x1.
Texture 'needle_prt2.png': Loading 1 faces(PF_A8R8G8B8,72x72x1) Internal format is PF_A8R8G8B8,72x72x1.
Texture 'turbo_v2.png': Loading 1 faces(PF_A8R8G8B8,200x200x1) Internal format is PF_A8R8G8B8,200x200x1.
Dashboard (default_truck_digital_3500rpm_kph.layout/0x9e5563e00_cruiseControl): unknown Link: cruisecontrol_active
[RoR|DashBoard] 'tachoMaterial' not defined in 'guisettings'
[RoR|DashBoard] 'speedoMaterial' not defined in 'guisettings'
[RoR|Actor|Warning] Daf Semi truck: Selected dashboard has no 'kph' layouts, ignoring setting
Texture 'rdd_original.png': Loading 1 faces(PF_R8G8B8,2048x1024x1) Internal format is PF_R8G8B8,2048x1024x1.
Texture 'rdd_dash_bg.png': Loading 1 faces(PF_A8R8G8B8,1024x512x1) Internal format is PF_A8R8G8B8,1024x512x1.
Texture 'rdd_turbo_bg.png': Loading 1 faces(PF_A8R8G8B8,368x368x1) Internal format is PF_A8R8G8B8,368x368x1.
Texture 'rdd_tacho_3k.png': Loading 1 faces(PF_A8R8G8B8,368x368x1) Internal format is PF_A8R8G8B8,368x368x1.
Texture 'rdd_speedo_140kph.png': Loading 1 faces(PF_A8R8G8B8,368x368x1) Internal format is PF_A8R8G8B8,368x368x1.
Texture 'rdd_needle.png': Loading 1 faces(PF_A8R8G8B8,306x306x1) Internal format is PF_A8R8G8B8,306x306x1.
Texture 'rdd_needle_turbo.png': Loading 1 faces(PF_A8R8G8B8,254x254x1) Internal format is PF_A8R8G8B8,254x254x1.
Texture 'rdd_dash_glass.png': Loading 1 faces(PF_A8R8G8B8,1024x512x1) Internal format is PF_A8R8G8B8,1024x512x1.
[RoR|DashBoard] 'tachoMaterial' not defined in 'guisettings'
[RoR|DashBoard] 'speedoMaterial' not defined in 'guisettings'
TOTAL VEHICLE MASS: 11156 kg
Loading WAV file default_diesel_idle.wav
Loading WAV file default_diesel_low.wav
Loading WAV file default_diesel_medium.wav
Loading WAV file default_diesel_high.wav
SoundScriptInstance: instance created: defaults.soundscript-2026072805-0
Loading WAV file default_diesel_force.wav
SoundScriptInstance: instance created: defaults.soundscript-2026072805-1
Loading WAV file default_brakes.wav
SoundScriptInstance: instance created: defaults.soundscript-2026072805-2
Loading WAV file default_parking_brakes.wav
SoundScriptInstance: instance created: defaults.soundscript-2026072805-3
Loading WAV file default_reverse_beep.wav
SoundScriptInstance: instance created: defaults.soundscript-2026072805-4
Loading WAV file default_turbo.wav
SoundScriptInstance: instance created: defaults.soundscript-2026072805-5
Loading WAV file default_turbo_bov.wav
SoundScriptInstance: instance created: defaults.soundscript-2026072805-6
Loading WAV file default_wastegate_flutter.wav
SoundScriptInstance: instance created: defaults.soundscript-2026072805-7
Loading WAV file default_valve.wav
SoundScriptInstance: instance created: defaults.soundscript-2026072805-8
Loading WAV file default_starter_start.wav
Loading WAV file default_starter_stop.wav
Loading WAV file default_starter.wav
SoundScriptInstance: instance created: defaults.soundscript-2026072805-9
Loading WAV file default_turn_signal.wav
SoundScriptInstance: instance created: defaults.soundscript-2026072805-10
Loading WAV file default_horn_start.wav
Loading WAV file default_horn_stop.wav
Loading WAV file default_horn.wav
SoundScriptInstance: instance created: defaults.soundscript-2026072805-11
Loading WAV file default_shift.wav
SoundScriptInstance: instance created: defaults.soundscript-2026072805-12
Loading WAV file default_alb.wav
SoundScriptInstance: instance created: defaults.soundscript-2026072805-13
Loading WAV file default_tc.wav
SoundScriptInstance: instance created: defaults.soundscript-2026072805-14
Loading WAV file default_screetch.wav
SoundScriptInstance: instance created: defaults.soundscript-2026072805-15
Loading WAV file default_break.wav
SoundScriptInstance: instance created: defaults.soundscript-2026072805-16
 ===== DONE LOADING VEHICLE
[RoR|Script|Notice] [RoR|CW2|GatewayRuntime] ARMED actor=2026072805 heading=-3.1415
[RoR|CW2|GatewayRuntime] ARMED actor=2026072805 heading=-3.1415
RTSS: using 2c3a67ed69eb2b45d0879220f1d3ba9f_VS for Pass 0 of 'rigsofrods/WallpaperMat'
RTSS: using 0edfb3f0978a2915ef74ad50734e28c8_FS for Pass 0 of 'rigsofrods/WallpaperMat'
RTSS: using e73c7192a801d65a4bc4b8996fe43f7a_VS for Pass 0 of 'ImGui/material'
RTSS: using 837f3874c816f8f40226deb62182ebb1_FS for Pass 0 of 'ImGui/material'
RTSS: using 8340a5709a0a468830c9eca28daa7d10_VS for Pass 0 of 'tracks/skyboxcol'
RTSS: using b8e0864820f7d44e58234ec701b0db12_FS for Pass 0 of 'tracks/skyboxcol'
RTSS: using 839a275503c059b65963ee86b94f0958_VS for Pass 0 of 'rorng_gateway_asphalt'
RTSS: using 6bfabf92afd1fbd1e033968f87024751_FS for Pass 0 of 'rorng_gateway_asphalt'
RTSS: using 839a275503c059b65963ee86b94f0958_VS for Pass 0 of 'rorng_gateway_sidewalk'
RTSS: using 6bfabf92afd1fbd1e033968f87024751_FS for Pass 0 of 'rorng_gateway_sidewalk'
RTSS: using 839a275503c059b65963ee86b94f0958_VS for Pass 0 of 'rorng_gateway_architectural_concrete'
RTSS: using 6bfabf92afd1fbd1e033968f87024751_FS for Pass 0 of 'rorng_gateway_architectural_concrete'
RTSS: using 839a275503c059b65963ee86b94f0958_VS for Pass 0 of 'rorng_gateway_lane_white'
RTSS: using 6bfabf92afd1fbd1e033968f87024751_FS for Pass 0 of 'rorng_gateway_lane_white'
RTSS: using 839a275503c059b65963ee86b94f0958_VS for Pass 0 of 'rorng_gateway_lane_yellow'
RTSS: using 6bfabf92afd1fbd1e033968f87024751_FS for Pass 0 of 'rorng_gateway_lane_yellow'
RTSS: using 839a275503c059b65963ee86b94f0958_VS for Pass 0 of 'rorng_gateway_brick'
RTSS: using 6bfabf92afd1fbd1e033968f87024751_FS for Pass 0 of 'rorng_gateway_brick'
RTSS: using 839a275503c059b65963ee86b94f0958_VS for Pass 0 of 'rorng_gateway_glass_blue'
RTSS: using 6bfabf92afd1fbd1e033968f87024751_FS for Pass 0 of 'rorng_gateway_glass_blue'
RTSS: using 839a275503c059b65963ee86b94f0958_VS for Pass 0 of 'rorng_gateway_powdercoat_metal'
RTSS: using 6bfabf92afd1fbd1e033968f87024751_FS for Pass 0 of 'rorng_gateway_powdercoat_metal'
RTSS: using 839a275503c059b65963ee86b94f0958_VS for Pass 0 of 'rorng_gateway_stone'
RTSS: using 6bfabf92afd1fbd1e033968f87024751_FS for Pass 0 of 'rorng_gateway_stone'
RTSS: using 839a275503c059b65963ee86b94f0958_VS for Pass 0 of 'rorng_gateway_tree_bark'
RTSS: using 6bfabf92afd1fbd1e033968f87024751_FS for Pass 0 of 'rorng_gateway_tree_bark'
RTSS: using 839a275503c059b65963ee86b94f0958_VS for Pass 0 of 'rorng_gateway_leaf_dark'
RTSS: using 6bfabf92afd1fbd1e033968f87024751_FS for Pass 0 of 'rorng_gateway_leaf_dark'
RTSS: using 839a275503c059b65963ee86b94f0958_VS for Pass 0 of 'rorng_gateway_leaf_light'
RTSS: using 6bfabf92afd1fbd1e033968f87024751_FS for Pass 0 of 'rorng_gateway_leaf_light'
RTSS: using 839a275503c059b65963ee86b94f0958_VS for Pass 0 of 'rorng_gateway_lamp_emissive'
RTSS: using 6bfabf92afd1fbd1e033968f87024751_FS for Pass 0 of 'rorng_gateway_lamp_emissive'
RTSS: using 2c3a67ed69eb2b45d0879220f1d3ba9f_VS for Pass 0 of 'tracks/flare'
RTSS: using 5840dcf54f8abf0be0cdcfd96c1961ec_FS for Pass 0 of 'tracks/flare'
RTSS: using 839a275503c059b65963ee86b94f0958_VS for Pass 0 of 'rorng_city_concrete'
RTSS: using 6bfabf92afd1fbd1e033968f87024751_FS for Pass 0 of 'rorng_city_concrete'
RTSS: using 839a275503c059b65963ee86b94f0958_VS for Pass 0 of 'rorng_city_asphalt'
RTSS: using 6bfabf92afd1fbd1e033968f87024751_FS for Pass 0 of 'rorng_city_asphalt'
RTSS: using 839a275503c059b65963ee86b94f0958_VS for Pass 0 of 'rorng_city_galvanized_steel'
RTSS: using 6bfabf92afd1fbd1e033968f87024751_FS for Pass 0 of 'rorng_city_galvanized_steel'
RTSS: using 839a275503c059b65963ee86b94f0958_VS for Pass 0 of 'rorng_city_lane_white'
RTSS: using 6bfabf92afd1fbd1e033968f87024751_FS for Pass 0 of 'rorng_city_lane_white'
RTSS: using 839a275503c059b65963ee86b94f0958_VS for Pass 0 of 'rorng_city_lane_yellow'
RTSS: using 6bfabf92afd1fbd1e033968f87024751_FS for Pass 0 of 'rorng_city_lane_yellow'
RTSS: using 839a275503c059b65963ee86b94f0958_VS for Pass 0 of 'rorng_city_dark_steel'
RTSS: using 6bfabf92afd1fbd1e033968f87024751_FS for Pass 0 of 'rorng_city_dark_steel'
RTSS: using 839a275503c059b65963ee86b94f0958_VS for Pass 0 of 'rorng_city_lamp_emissive'
RTSS: using 6bfabf92afd1fbd1e033968f87024751_FS for Pass 0 of 'rorng_city_lamp_emissive'
RTSS: using 839a275503c059b65963ee86b94f0958_VS for Pass 0 of 'rorng_transition_concrete'
RTSS: using 6bfabf92afd1fbd1e033968f87024751_FS for Pass 0 of 'rorng_transition_concrete'
RTSS: using 839a275503c059b65963ee86b94f0958_VS for Pass 0 of 'rorng_transition_asphalt'
RTSS: using 6bfabf92afd1fbd1e033968f87024751_FS for Pass 0 of 'rorng_transition_asphalt'
RTSS: using 839a275503c059b65963ee86b94f0958_VS for Pass 0 of 'rorng_transition_dark_steel'
RTSS: using 6bfabf92afd1fbd1e033968f87024751_FS for Pass 0 of 'rorng_transition_dark_steel'
RTSS: using 839a275503c059b65963ee86b94f0958_VS for Pass 0 of 'rorng_transition_lane_white'
RTSS: using 6bfabf92afd1fbd1e033968f87024751_FS for Pass 0 of 'rorng_transition_lane_white'
RTSS: using 839a275503c059b65963ee86b94f0958_VS for Pass 0 of 'rorng_transition_lane_yellow'
RTSS: using 6bfabf92afd1fbd1e033968f87024751_FS for Pass 0 of 'rorng_transition_lane_yellow'
RTSS: using 839a275503c059b65963ee86b94f0958_VS for Pass 0 of 'rorng_transition_galvanized_steel'
RTSS: using 6bfabf92afd1fbd1e033968f87024751_FS for Pass 0 of 'rorng_transition_galvanized_steel'
RTSS: using 4b23046936a0d3b197116992a2aa3e0b_VS for Pass 0 of 'tracks/Character#0'
RTSS: using 1d8067cd67aa571ca7495975cc29d7ac_FS for Pass 0 of 'tracks/Character#0'
RTSS: using 4b23046936a0d3b197116992a2aa3e0b_VS for Pass 1 of 'tracks/Character#0'
RTSS: using 21dbde2f8652f7b39d0125e76fa3a662_FS for Pass 1 of 'tracks/Character#0'
RTSS: using 2c3a67ed69eb2b45d0879220f1d3ba9f_VS for Pass 0 of 'tracks/flare (b6b0UID-semi.truck [Instance ID 2026072805])'
RTSS: using 5840dcf54f8abf0be0cdcfd96c1961ec_FS for Pass 0 of 'tracks/flare (b6b0UID-semi.truck [Instance ID 2026072805])'
RTSS: using 2c3a67ed69eb2b45d0879220f1d3ba9f_VS for Pass 0 of 'tracks/blinkflare (b6b0UID-semi.truck [Instance ID 2026072805])'
RTSS: using 5840dcf54f8abf0be0cdcfd96c1961ec_FS for Pass 0 of 'tracks/blinkflare (b6b0UID-semi.truck [Instance ID 2026072805])'
[RoR|CVar]             sim_state:  "1" (was: "2")
RTSS: using 4b23046936a0d3b197116992a2aa3e0b_VS for Pass 0 of 'b6b0UID-tracks/semi (b6b0UID-semi.truck [Instance ID 2026072805])'
RTSS: using 6997abd68d51d46fab45e1ecda374d78_FS for Pass 0 of 'b6b0UID-tracks/semi (b6b0UID-semi.truck [Instance ID 2026072805])'
RTSS: using 4b23046936a0d3b197116992a2aa3e0b_VS for Pass 0 of 'b6b0UID-tracks/semi-trans-0 (b6b0UID-semi.truck [Instance ID 2026072805])'
RTSS: using 6997abd68d51d46fab45e1ecda374d78_FS for Pass 0 of 'b6b0UID-tracks/semi-trans-0 (b6b0UID-semi.truck [Instance ID 2026072805])'
RTSS: using 4b23046936a0d3b197116992a2aa3e0b_VS for Pass 0 of 'b6b0UID-tracks/semi-back-0 (b6b0UID-semi.truck [Instance ID 2026072805])'
RTSS: using 0b5e10263b6ee3b0559ae6c129f68bc0_FS for Pass 0 of 'b6b0UID-tracks/semi-back-0 (b6b0UID-semi.truck [Instance ID 2026072805])'
[RoR|Script|Notice] [RoR|CW2|GatewayRuntime] SAMPLE frame=100 x=511.365 y=0.746337 z=452.217 speed=0.957302
[RoR|CW2|GatewayRuntime] SAMPLE frame=100 x=511.365 y=0.746337 z=452.217 speed=0.957302
[RoR|Script|Notice] [RoR|CW2|GatewayRuntime] SAMPLE frame=200 x=511.313 y=0.758768 z=454.326 speed=3.0378
[RoR|CW2|GatewayRuntime] SAMPLE frame=200 x=511.313 y=0.758768 z=454.326 speed=3.0378
[RoR|Script|Notice] [RoR|CW2|GatewayRuntime] SAMPLE frame=300 x=511.224 y=0.758711 z=457.948 speed=3.99289
[RoR|CW2|GatewayRuntime] SAMPLE frame=300 x=511.224 y=0.758711 z=457.948 speed=3.99289
[RoR|Script|Notice] [RoR|CW2|GatewayRuntime] SAMPLE frame=400 x=511.102 y=0.759356 z=462.834 speed=5.68106
[RoR|CW2|GatewayRuntime] SAMPLE frame=400 x=511.102 y=0.759356 z=462.834 speed=5.68106
[RoR|Script|Notice] [RoR|CW2|GatewayRuntime] SAMPLE frame=500 x=510.937 y=0.759488 z=469.18 speed=7.04303
[RoR|CW2|GatewayRuntime] SAMPLE frame=500 x=510.937 y=0.759488 z=469.18 speed=7.04303
[RoR|Script|Notice] [RoR|CW2|GatewayRuntime] SAMPLE frame=600 x=510.731 y=0.760083 z=476.843 speed=8.14531
[RoR|CW2|GatewayRuntime] SAMPLE frame=600 x=510.731 y=0.760083 z=476.843 speed=8.14531
[RoR|Script|Notice] [RoR|CW2|GatewayRuntime] ENTER x=510.676 z=482.023
[RoR|CW2|GatewayRuntime] ENTER x=510.676 z=482.023
[RoR|Script|Notice] [RoR|CW2|GatewayRuntime] SAMPLE frame=700 x=510.947 y=0.867233 z=485.593 speed=8.91517
[RoR|CW2|GatewayRuntime] SAMPLE frame=700 x=510.947 y=0.867233 z=485.593 speed=8.91517
[RoR|Script|Notice] [RoR|CW2|GatewayRuntime] SAMPLE frame=800 x=513.096 y=0.83963 z=495.382 speed=10.9884
[RoR|CW2|GatewayRuntime] SAMPLE frame=800 x=513.096 y=0.83963 z=495.382 speed=10.9884
[RoR|Script|Notice] [RoR|CW2|GatewayRuntime] SEAM index=0 x=515.332 z=501.88
[RoR|CW2|GatewayRuntime] SEAM index=0 x=515.332 z=501.88
[RoR|Script|Notice] [RoR|CW2|GatewayRuntime] SAMPLE frame=900 x=516.999 y=0.839949 z=506.119 speed=11.8226
[RoR|CW2|GatewayRuntime] SAMPLE frame=900 x=516.999 y=0.839949 z=506.119 speed=11.8226
[RoR|Script|Notice] [RoR|CW2|GatewayRuntime] SAMPLE frame=1000 x=521.824 y=0.839893 z=517.312 speed=12.3949
[RoR|CW2|GatewayRuntime] SAMPLE frame=1000 x=521.824 y=0.839893 z=517.312 speed=12.3949
[RoR|Script|Notice] [RoR|CW2|GatewayRuntime] SEAM index=1 x=523.171 z=520.218
[RoR|CW2|GatewayRuntime] SEAM index=1 x=523.171 z=520.218
[RoR|Script|Notice] [RoR|CW2|GatewayRuntime] SAMPLE frame=1100 x=527.53 y=0.840474 z=528.635 speed=13.318
[RoR|CW2|GatewayRuntime] SAMPLE frame=1100 x=527.53 y=0.840474 z=528.635 speed=13.318
RTSS: using 4b23046936a0d3b197116992a2aa3e0b_VS for Pass 0 of 'dashboard (b6b0UID-semi.truck [Instance ID 2026072805])'
RTSS: using 1d8067cd67aa571ca7495975cc29d7ac_FS for Pass 0 of 'dashboard (b6b0UID-semi.truck [Instance ID 2026072805])'
RTSS: using 4b23046936a0d3b197116992a2aa3e0b_VS for Pass 0 of 'renderdash (b6b0UID-semi.truck [Instance ID 2026072805])'
RTSS: using 1d8067cd67aa571ca7495975cc29d7ac_FS for Pass 0 of 'renderdash (b6b0UID-semi.truck [Instance ID 2026072805])'
RTSS: using 2c3a67ed69eb2b45d0879220f1d3ba9f_VS for Pass 0 of 'RenderMaterial#0 (b6b0UID-semi.truck [Instance ID 2026072805])'
RTSS: using 0edfb3f0978a2915ef74ad50734e28c8_FS for Pass 0 of 'RenderMaterial#0 (b6b0UID-semi.truck [Instance ID 2026072805])'
RTSS: using 4b23046936a0d3b197116992a2aa3e0b_VS for Pass 1 of 'RenderMaterial#0 (b6b0UID-semi.truck [Instance ID 2026072805])'
RTSS: using 1d8067cd67aa571ca7495975cc29d7ac_FS for Pass 1 of 'RenderMaterial#0 (b6b0UID-semi.truck [Instance ID 2026072805])'
RTSS: using 2c3a67ed69eb2b45d0879220f1d3ba9f_VS for Pass 0 of 'RenderMaterial#1 (b6b0UID-semi.truck [Instance ID 2026072805])'
RTSS: using 0edfb3f0978a2915ef74ad50734e28c8_FS for Pass 0 of 'RenderMaterial#1 (b6b0UID-semi.truck [Instance ID 2026072805])'
RTSS: using 4b23046936a0d3b197116992a2aa3e0b_VS for Pass 1 of 'RenderMaterial#1 (b6b0UID-semi.truck [Instance ID 2026072805])'
RTSS: using 1d8067cd67aa571ca7495975cc29d7ac_FS for Pass 1 of 'RenderMaterial#1 (b6b0UID-semi.truck [Instance ID 2026072805])'
RTSS: using 4b23046936a0d3b197116992a2aa3e0b_VS for Pass 0 of 'dirwheel (b6b0UID-semi.truck [Instance ID 2026072805])'
RTSS: using 1d8067cd67aa571ca7495975cc29d7ac_FS for Pass 0 of 'dirwheel (b6b0UID-semi.truck [Instance ID 2026072805])'
RTSS: using 4b23046936a0d3b197116992a2aa3e0b_VS for Pass 0 of 'driversseat (b6b0UID-semi.truck [Instance ID 2026072805])'
RTSS: using ebf6c7c85a665fbcf136b11b2e3ad683_FS for Pass 0 of 'driversseat (b6b0UID-semi.truck [Instance ID 2026072805])'
RTSS: using 4b23046936a0d3b197116992a2aa3e0b_VS for Pass 0 of 'seat (b6b0UID-semi.truck [Instance ID 2026072805])'
RTSS: using 1d8067cd67aa571ca7495975cc29d7ac_FS for Pass 0 of 'seat (b6b0UID-semi.truck [Instance ID 2026072805])'
RTSS: using 4b23046936a0d3b197116992a2aa3e0b_VS for Pass 0 of 'tracks/ttwinwheelface (b6b0UID-semi.truck [Instance ID 2026072805])'
RTSS: using 1d8067cd67aa571ca7495975cc29d7ac_FS for Pass 0 of 'tracks/ttwinwheelface (b6b0UID-semi.truck [Instance ID 2026072805])'
RTSS: using 4b23046936a0d3b197116992a2aa3e0b_VS for Pass 0 of 'tracks/wheelband1 (b6b0UID-semi.truck [Instance ID 2026072805])'
RTSS: using 1d8067cd67aa571ca7495975cc29d7ac_FS for Pass 0 of 'tracks/wheelband1 (b6b0UID-semi.truck [Instance ID 2026072805])'
RTSS: using 4b23046936a0d3b197116992a2aa3e0b_VS for Pass 0 of 'tracks/beam'
RTSS: using 1d8067cd67aa571ca7495975cc29d7ac_FS for Pass 0 of 'tracks/beam'
RTSS: using a6bd1f627dce75cd8bf57c7b93af850d_VS for Pass 0 of 'tracks/Chrome'
RTSS: using 855c0d7983c7a9a857bea7740c9275ae_FS for Pass 0 of 'tracks/Chrome'
[RoR|Script|Notice] [RoR|CW2|GatewayRuntime] SEAM index=2 x=533.116 z=537.462
[RoR|CW2|GatewayRuntime] SEAM index=2 x=533.116 z=537.462
RTSS: using 4b23046936a0d3b197116992a2aa3e0b_VS for Pass 0 of 'tracks/wheelband2 (b6b0UID-semi.truck [Instance ID 2026072805])'
RTSS: using 1d8067cd67aa571ca7495975cc29d7ac_FS for Pass 0 of 'tracks/wheelband2 (b6b0UID-semi.truck [Instance ID 2026072805])'
[RoR|Script|Notice] [RoR|CW2|GatewayRuntime] SAMPLE frame=1200 x=534.857 y=0.84063 z=540.136 speed=13.9236
[RoR|CW2|GatewayRuntime] SAMPLE frame=1200 x=534.857 y=0.84063 z=540.136 speed=13.9236
[RoR|Script|Notice] [RoR|CW2|GatewayRuntime] SEAM index=3 x=540.678 z=546.728
[RoR|CW2|GatewayRuntime] SEAM index=3 x=540.678 z=546.728
[RoR|Script|Notice] [RoR|CW2|GatewayRuntime] SAMPLE frame=1300 x=543.138 y=0.84195 z=549.095 speed=12.7989
[RoR|CW2|GatewayRuntime] SAMPLE frame=1300 x=543.138 y=0.84195 z=549.095 speed=12.7989
[RoR|Script|Notice] [RoR|CW2|GatewayRuntime] CAPTURE x=546.623 z=552.221
[RoR|CW2|GatewayRuntime] CAPTURE x=546.623 z=552.221
[RoR|General|Notice] Screenshot: 2026-07-28_23-19-26_1.png
[RoR|Script|Notice] [RoR|CW2|GatewayRuntime] SAMPLE frame=1400 x=553.222 y=0.840043 z=557.676 speed=13.5604
[RoR|CW2|GatewayRuntime] SAMPLE frame=1400 x=553.222 y=0.840043 z=557.676 speed=13.5604
[RoR|Script|Notice] [RoR|CW2|GatewayRuntime] SAMPLE frame=1500 x=563.952 y=0.840356 z=566.41 speed=14.0779
[RoR|CW2|GatewayRuntime] SAMPLE frame=1500 x=563.952 y=0.840356 z=566.41 speed=14.0779
[RoR|Script|Notice] [RoR|CW2|GatewayRuntime] EXIT x=565.228 z=567.523
[RoR|CW2|GatewayRuntime] EXIT x=565.228 z=567.523
[RoR|Script|Notice] [RoR|CW2|GatewayRuntime] PERF samples=1410 mean_ms=1.38531 p95_ms=2.65767 max_ms=20.24
[RoR|CW2|GatewayRuntime] PERF samples=1410 mean_ms=1.38531 p95_ms=2.65767 max_ms=20.24
[RoR|CVar]  sim_deterministic_fixed_steps_per_frame:  "0" (was: "20")
[RoR|CVar]           ui_hide_gui:  "No" (was: "Yes")
[RoR|Script|Notice] [RoR|CW2|GatewayRuntime] PASS modules=5 seams=4 turn_degrees=45 distance_m=137.569 min_y=0.807714 max_y=0.867233 path_error=1.43999 exit_x=567.437 exit_z=569.519 speed=14.2319 physics_steps=30580
[RoR|CW2|GatewayRuntime] PASS modules=5 seams=4 turn_degrees=45 distance_m=137.569 min_y=0.807714 max_y=0.867233 path_error=1.43999 exit_x=567.437 exit_z=569.519 speed=14.2319 physics_steps=30580
[RoR|General|Notice] Press CTRL+G to spawn a vehicle
Texture 'lightbulb.png': Loading 1 faces(PF_A8R8G8B8,16x16x1) with 4 hardware generated mipmaps from Image. Internal format is PF_A8R8G8B8,16x16x1.
Texture 'script.png': Loading 1 faces(PF_A8R8G8B8,16x16x1) with 4 hardware generated mipmaps from Image. Internal format is PF_A8R8G8B8,16x16x1.
Texture 'information.png': Loading 1 faces(PF_A8R8G8B8,16x16x1) with 4 hardware generated mipmaps from Image. Internal format is PF_A8R8G8B8,16x16x1.
[RoR|Dashboard] Destroyed texture 'rendertex (b6b0UID-semi.truck [Instance ID 2026072805])' in RTTLayer 'RttLayer_1'
[RoR|Dashboard] Recycling RTTLayer 'RttLayer_1'
[RoR|CVar]             sim_state:  "0" (was: "1")
[RoR|CVar]             app_state:  "1" (was: "2")
[RoR|CVar]      sim_terrain_name:  "" (was: "cityworld_gateway_runtime.terrn2")
[RoR|CVar]  sim_terrain_gui_name:  "" (was: "CityWorld Next Gateway Runtime Gate")
Warning: Skipping 'RoR.cfg' because it already exists in resource group 'Config'
[RoR|CVar]             app_state:  "3" (was: "1")
DefaultWorkQueue('Root') shutting down on thread 0x1f22718c0.
DefaultWorkQueue('Root')::WorkerFunc - thread 0x16df37000 stopped.
DefaultWorkQueue('Root')::WorkerFunc - thread 0x16dfc3000 stopped.
*-*-* OGRE Shutdown
Unregistering ResourceManager for type Compositor
Unregistering ResourceManager for type Material
Unregistering ResourceManager for type GpuProgram
Uninstalling plugin: Octree Scene Manager
Plugin successfully uninstalled
Unloading library /Users/beshoyhanna/Development/rigs-of-rods/build-macos-ogre14-roadmap/bin/RoR.app/Contents/MacOS/../PlugIns/Plugin_OctreeSceneManager
Uninstalling plugin: ParticleFX
Plugin successfully uninstalled
Unloading library /Users/beshoyhanna/Development/rigs-of-rods/build-macos-ogre14-roadmap/bin/RoR.app/Contents/MacOS/../PlugIns/Plugin_ParticleFX
Uninstalling plugin: GL 3+ RenderSystem
Unregistering ResourceManager for type Texture
********************************************
***  Stopping Mac OS X OpenGL Subsystem  ***
********************************************
Plugin successfully uninstalled
Unloading library /Users/beshoyhanna/Development/rigs-of-rods/build-macos-ogre14-roadmap/bin/RoR.app/Contents/MacOS/../PlugIns/RenderSystem_GL3Plus
Unloading library /Users/beshoyhanna/Development/rigs-of-rods/build-macos-ogre14-roadmap/bin/RoR.app/Contents/MacOS/../PlugIns/Codec_FreeImage
Unregistering ResourceManager for type Skeleton
Unregistering ResourceManager for type Mesh
